{
	"credit": "Made with Blockbench",
	"texture_size": [32, 32],
	"textures": {
		"0": "template:item/amongus",
		"particle": "template:item/amongus"
	},
	"elements": [
		{
			"from": [3, 1, 7],
			"to": [6, 5, 10],
			"rotation": {"angle": 0, "axis": "y", "origin": [4, 2, 8]},
			"faces": {
				"north": {"uv": [11, 7, 12.5, 9], "texture": "#0"},
				"east": {"uv": [11.5, 0, 13, 2], "texture": "#0"},
				"south": {"uv": [12, 2, 13.5, 4], "texture": "#0"},
				"west": {"uv": [12, 4, 13.5, 6], "texture": "#0"},
				"up": {"uv": [1.5, 14, 0, 12.5], "texture": "#0"},
				"down": {"uv": [3, 12.5, 1.5, 14], "texture": "#0"}
			}
		},
		{
			"from": [9, 1, 7],
			"to": [12, 5, 10],
			"rotation": {"angle": 0, "axis": "y", "origin": [10, 2, 8]},
			"faces": {
				"north": {"uv": [6.5, 12, 8, 14], "texture": "#0"},
				"east": {"uv": [8, 12, 9.5, 14], "texture": "#0"},
				"south": {"uv": [9.5, 12, 11, 14], "texture": "#0"},
				"west": {"uv": [11, 12, 12.5, 14], "texture": "#0"},
				"up": {"uv": [4.5, 14, 3, 12.5], "texture": "#0"},
				"down": {"uv": [14, 7, 12.5, 8.5], "texture": "#0"}
			}
		},
		{
			"from": [3, 5, 6],
			"to": [12, 16, 11],
			"rotation": {"angle": 0, "axis": "y", "origin": [6, 5, 5]},
			"faces": {
				"north": {"uv": [0, 0, 4.5, 5.5], "texture": "#0"},
				"east": {"uv": [0, 5.5, 2.5, 11], "texture": "#0"},
				"south": {"uv": [4.5, 0, 9, 5.5], "texture": "#0"},
				"west": {"uv": [2.5, 5.5, 5, 11], "texture": "#0"},
				"up": {"uv": [9.5, 8, 5, 5.5], "texture": "#0"},
				"down": {"uv": [9.5, 8, 5, 10.5], "texture": "#0"}
			}
		},
		{
			"from": [5, 7, 3],
			"to": [10, 14, 6],
			"rotation": {"angle": 0, "axis": "y", "origin": [6, 6, 0]},
			"faces": {
				"north": {"uv": [9, 0, 11.5, 3.5], "texture": "#0"},
				"east": {"uv": [9.5, 7, 11, 10.5], "texture": "#0"},
				"south": {"uv": [9.5, 3.5, 12, 7], "texture": "#0"},
				"west": {"uv": [5, 10.5, 6.5, 14], "texture": "#0"},
				"up": {"uv": [2.5, 12.5, 0, 11], "texture": "#0"},
				"down": {"uv": [5, 11, 2.5, 12.5], "texture": "#0"}
			}
		},
		{
			"from": [4, 11, 11],
			"to": [11, 14, 13],
			"rotation": {"angle": 0, "axis": "y", "origin": [6, 12, 11]},
			"faces": {
				"north": {"uv": [6.5, 10.5, 9.5, 12], "texture": "#0"},
				"east": {"uv": [12.5, 10, 13.5, 11.5], "texture": "#0"},
				"south": {"uv": [9.5, 10.5, 12.5, 12], "texture": "#0"},
				"west": {"uv": [12.5, 11.5, 13.5, 13], "texture": "#0"},
				"up": {"uv": [14, 10, 11, 9], "texture": "#0"},
				"down": {"uv": [15, 6, 12, 7], "texture": "#0"}
			}
		}
	],
	"display": {
		"thirdperson_righthand": {
			"rotation": [65, 180, 0],
			"translation": [0.25, -1.5, 0]
		},
		"head": {
			"rotation": [0, -180, 0],
			"translation": [0, -30.5, 0.5],
			"scale": [2, 2, 2]
		},
		"fixed": {
			"rotation": [-90, 180, 0],
			"translation": [0, 0, -27.75],
			"scale": [4, 4, 4]
		}
	}
}