{
	"credit": "Made with Blockbench by SilentGeeC",
	"texture_size": [64, 64],
	"textures": {
		"0": "item/crownofravenskull",
		"particle": "item/crownofravenskull"
	},
	"elements": [
		{
			"from": [0, 0, 0],
			"to": [1, 3, 16],
			"faces": {
				"north": {"uv": [1.75, 9.25, 2, 10], "texture": "#0"},
				"east": {"uv": [3.5, 6, 7.5, 6.75], "texture": "#0"},
				"south": {"uv": [6.75, 9.75, 7, 10.5], "texture": "#0"},
				"west": {"uv": [6.5, 0, 10.5, 0.75], "texture": "#0"},
				"up": {"uv": [2.25, 11.75, 2, 7.75], "texture": "#0"},
				"down": {"uv": [2.5, 7.75, 2.25, 11.75], "texture": "#0"}
			}
		},
		{
			"from": [15, 0, 0],
			"to": [16, 3, 16],
			"rotation": {"angle": 0, "axis": "y", "origin": [15, 0, 0]},
			"faces": {
				"north": {"uv": [1.75, 10, 2, 10.75], "texture": "#0"},
				"east": {"uv": [6.5, 0.75, 10.5, 1.5], "texture": "#0"},
				"south": {"uv": [7.75, 11, 8, 11.75], "texture": "#0"},
				"west": {"uv": [6.5, 1.5, 10.5, 2.25], "texture": "#0"},
				"up": {"uv": [2.75, 11.75, 2.5, 7.75], "texture": "#0"},
				"down": {"uv": [3, 7.75, 2.75, 11.75], "texture": "#0"}
			}
		},
		{
			"from": [1, 0, 0],
			"to": [15, 3, 1],
			"rotation": {"angle": 0, "axis": "y", "origin": [0, 0, 1]},
			"faces": {
				"north": {"uv": [6.5, 2.25, 10, 3], "texture": "#0"},
				"east": {"uv": [0.5, 11.25, 0.75, 12], "texture": "#0"},
				"south": {"uv": [6.5, 3, 10, 3.75], "texture": "#0"},
				"west": {"uv": [0.75, 11.25, 1, 12], "texture": "#0"},
				"up": {"uv": [11.75, 8.25, 8.25, 8], "texture": "#0"},
				"down": {"uv": [11.75, 8.25, 8.25, 8.5], "texture": "#0"}
			}
		},
		{
			"from": [1, 0, 15],
			"to": [15, 3, 16],
			"rotation": {"angle": 0, "axis": "y", "origin": [0, 0, 16]},
			"faces": {
				"north": {"uv": [6.5, 3.75, 10, 4.5], "texture": "#0"},
				"east": {"uv": [1, 11.25, 1.25, 12], "texture": "#0"},
				"south": {"uv": [6.5, 4.5, 10, 5.25], "texture": "#0"},
				"west": {"uv": [1.25, 11.25, 1.5, 12], "texture": "#0"},
				"up": {"uv": [11.75, 8.75, 8.25, 8.5], "texture": "#0"},
				"down": {"uv": [11.75, 8.75, 8.25, 9], "texture": "#0"}
			}
		},
		{
			"from": [1, 3, 0.5],
			"to": [15, 4, 1.1],
			"rotation": {"angle": 0, "axis": "y", "origin": [0, 3, 1]},
			"faces": {
				"north": {"uv": [10, 2.25, 13.5, 2.5], "texture": "#0"},
				"east": {"uv": [12.5, 0.25, 12.75, 0.5], "texture": "#0"},
				"south": {"uv": [10, 2.5, 13.5, 2.75], "texture": "#0"},
				"west": {"uv": [0.5, 12.5, 0.75, 12.75], "texture": "#0"},
				"up": {"uv": [13.5, 3, 10, 2.75], "texture": "#0"},
				"down": {"uv": [13.5, 3, 10, 3.25], "texture": "#0"}
			}
		},
		{
			"from": [14.9, 3, 0],
			"to": [15.5, 4, 16],
			"rotation": {"angle": 0, "axis": "y", "origin": [15, 3, 0]},
			"faces": {
				"north": {"uv": [12.25, 12.25, 12.5, 12.5], "texture": "#0"},
				"east": {"uv": [8.25, 7.5, 12.25, 7.75], "texture": "#0"},
				"south": {"uv": [12.5, 0, 12.75, 0.25], "texture": "#0"},
				"west": {"uv": [8.25, 7.75, 12.25, 8], "texture": "#0"},
				"up": {"uv": [3.5, 12.25, 3.25, 8.25], "texture": "#0"},
				"down": {"uv": [3.75, 8.25, 3.5, 12.25], "texture": "#0"}
			}
		},
		{
			"from": [1, 3, 14.9],
			"to": [15, 4, 15.5],
			"rotation": {"angle": 0, "axis": "y", "origin": [0, 3, 16]},
			"faces": {
				"north": {"uv": [8.25, 9, 11.75, 9.25], "texture": "#0"},
				"east": {"uv": [12, 12.25, 12.25, 12.5], "texture": "#0"},
				"south": {"uv": [8.25, 9.25, 11.75, 9.5], "texture": "#0"},
				"west": {"uv": [12.25, 12, 12.5, 12.25], "texture": "#0"},
				"up": {"uv": [11.75, 9.75, 8.25, 9.5], "texture": "#0"},
				"down": {"uv": [11.75, 9.75, 8.25, 10], "texture": "#0"}
			}
		},
		{
			"from": [0.5, 3, 0],
			"to": [1.1, 4, 16],
			"rotation": {"angle": 0, "axis": "y", "origin": [0, 3, 0]},
			"faces": {
				"north": {"uv": [11.75, 12.25, 12, 12.5], "texture": "#0"},
				"east": {"uv": [7.5, 6.5, 11.5, 6.75], "texture": "#0"},
				"south": {"uv": [12.25, 11.75, 12.5, 12], "texture": "#0"},
				"west": {"uv": [3, 8, 7, 8.25], "texture": "#0"},
				"up": {"uv": [8.25, 11.5, 8, 7.5], "texture": "#0"},
				"down": {"uv": [3.25, 8.25, 3, 12.25], "texture": "#0"}
			}
		},
		{
			"from": [7, 6, 0],
			"to": [9, 7, 0.9],
			"rotation": {"angle": 0, "axis": "y", "origin": [7, 6, 0]},
			"faces": {
				"north": {"uv": [3, 7.75, 3.5, 8], "texture": "#0"},
				"east": {"uv": [12.25, 9.25, 12.5, 9.5], "texture": "#0"},
				"south": {"uv": [10.5, 2, 11, 2.25], "texture": "#0"},
				"west": {"uv": [12.25, 9.5, 12.5, 9.75], "texture": "#0"},
				"up": {"uv": [11, 7.5, 10.5, 7.25], "texture": "#0"},
				"down": {"uv": [11.5, 2, 11, 2.25], "texture": "#0"}
			}
		},
		{
			"from": [6, 0.1, -0.1],
			"to": [10, 6, 0.9],
			"rotation": {"angle": 0, "axis": "y", "origin": [7, 3, 0]},
			"faces": {
				"north": {"uv": [0, 7.75, 1, 9.25], "texture": "#0"},
				"east": {"uv": [6.75, 8.25, 7, 9.75], "texture": "#0"},
				"south": {"uv": [1, 7.75, 2, 9.25], "texture": "#0"},
				"west": {"uv": [0, 9.25, 0.25, 10.75], "texture": "#0"},
				"up": {"uv": [11, 6, 10, 5.75], "texture": "#0"},
				"down": {"uv": [5.75, 10.25, 4.75, 10.5], "texture": "#0"}
			}
		},
		{
			"from": [3, 3, 0],
			"to": [5, 5, 1],
			"rotation": {"angle": 0, "axis": "y", "origin": [3, 3, 0]},
			"faces": {
				"north": {"uv": [0.25, 9.25, 0.75, 9.75], "texture": "#0"},
				"east": {"uv": [6.75, 10.5, 7, 11], "texture": "#0"},
				"south": {"uv": [0.75, 9.25, 1.25, 9.75], "texture": "#0"},
				"west": {"uv": [1.5, 11.25, 1.75, 11.75], "texture": "#0"},
				"up": {"uv": [11.5, 6.5, 11, 6.25], "texture": "#0"},
				"down": {"uv": [11.5, 7.25, 11, 7.5], "texture": "#0"}
			}
		},
		{
			"from": [11, 3, 0],
			"to": [13, 5, 1],
			"rotation": {"angle": 0, "axis": "y", "origin": [11, 3, 0]},
			"faces": {
				"north": {"uv": [1.25, 9.25, 1.75, 9.75], "texture": "#0"},
				"east": {"uv": [1.75, 11.25, 2, 11.75], "texture": "#0"},
				"south": {"uv": [3.75, 9.25, 4.25, 9.75], "texture": "#0"},
				"west": {"uv": [3.75, 11.25, 4, 11.75], "texture": "#0"},
				"up": {"uv": [4.5, 11.5, 4, 11.25], "texture": "#0"},
				"down": {"uv": [6.25, 11.25, 5.75, 11.5], "texture": "#0"}
			}
		},
		{
			"from": [14, 3, 0],
			"to": [16, 5, 1],
			"rotation": {"angle": 0, "axis": "y", "origin": [14, 3, 0]},
			"faces": {
				"north": {"uv": [4.25, 9.25, 4.75, 9.75], "texture": "#0"},
				"east": {"uv": [4.5, 11.25, 4.75, 11.75], "texture": "#0"},
				"south": {"uv": [4.75, 9.25, 5.25, 9.75], "texture": "#0"},
				"west": {"uv": [6.25, 11.25, 6.5, 11.75], "texture": "#0"},
				"up": {"uv": [11.75, 10.25, 11.25, 10], "texture": "#0"},
				"down": {"uv": [11.75, 10.25, 11.25, 10.5], "texture": "#0"}
			}
		},
		{
			"from": [0, 3, 0],
			"to": [2, 5, 1],
			"rotation": {"angle": 0, "axis": "y", "origin": [0, 3, 0]},
			"faces": {
				"north": {"uv": [5.25, 9.25, 5.75, 9.75], "texture": "#0"},
				"east": {"uv": [6.5, 11.25, 6.75, 11.75], "texture": "#0"},
				"south": {"uv": [5.75, 9.25, 6.25, 9.75], "texture": "#0"},
				"west": {"uv": [11.25, 10.5, 11.5, 11], "texture": "#0"},
				"up": {"uv": [11.75, 11.25, 11.25, 11], "texture": "#0"},
				"down": {"uv": [11.75, 11.25, 11.25, 11.5], "texture": "#0"}
			}
		},
		{
			"from": [0, 3, 15],
			"to": [2, 5, 16],
			"rotation": {"angle": 0, "axis": "y", "origin": [0, 3, 15]},
			"faces": {
				"north": {"uv": [4.75, 9.75, 5.25, 10.25], "texture": "#0"},
				"east": {"uv": [5.25, 11.5, 5.5, 12], "texture": "#0"},
				"south": {"uv": [5.25, 9.75, 5.75, 10.25], "texture": "#0"},
				"west": {"uv": [11.5, 5.25, 11.75, 5.75], "texture": "#0"},
				"up": {"uv": [6, 11.75, 5.5, 11.5], "texture": "#0"},
				"down": {"uv": [12, 5.75, 11.5, 6], "texture": "#0"}
			}
		},
		{
			"from": [3, 3, 15],
			"to": [5, 5, 16],
			"rotation": {"angle": 0, "axis": "y", "origin": [3, 3, 15]},
			"faces": {
				"north": {"uv": [3.75, 9.75, 4.25, 10.25], "texture": "#0"},
				"east": {"uv": [4.25, 11.5, 4.5, 12], "texture": "#0"},
				"south": {"uv": [4.25, 9.75, 4.75, 10.25], "texture": "#0"},
				"west": {"uv": [11.5, 4.5, 11.75, 5], "texture": "#0"},
				"up": {"uv": [5.25, 11.75, 4.75, 11.5], "texture": "#0"},
				"down": {"uv": [12, 5, 11.5, 5.25], "texture": "#0"}
			}
		},
		{
			"from": [11, 3, 15],
			"to": [13, 5, 16],
			"rotation": {"angle": 0, "axis": "y", "origin": [11, 3, 15]},
			"faces": {
				"north": {"uv": [0.75, 9.75, 1.25, 10.25], "texture": "#0"},
				"east": {"uv": [11.5, 1.5, 11.75, 2], "texture": "#0"},
				"south": {"uv": [1.25, 9.75, 1.75, 10.25], "texture": "#0"},
				"west": {"uv": [4, 11.5, 4.25, 12], "texture": "#0"},
				"up": {"uv": [12, 2.25, 11.5, 2], "texture": "#0"},
				"down": {"uv": [12, 4.25, 11.5, 4.5], "texture": "#0"}
			}
		},
		{
			"from": [7, 3, 15],
			"to": [9, 5, 16],
			"rotation": {"angle": 0, "axis": "y", "origin": [7, 3, 15]},
			"faces": {
				"north": {"uv": [5.75, 9.75, 6.25, 10.25], "texture": "#0"},
				"east": {"uv": [6, 11.5, 6.25, 12], "texture": "#0"},
				"south": {"uv": [6.25, 9.75, 6.75, 10.25], "texture": "#0"},
				"west": {"uv": [11.5, 6, 11.75, 6.5], "texture": "#0"},
				"up": {"uv": [12, 6.75, 11.5, 6.5], "texture": "#0"},
				"down": {"uv": [7.25, 11.5, 6.75, 11.75], "texture": "#0"}
			}
		},
		{
			"from": [14, 3, 15],
			"to": [16, 5, 16],
			"rotation": {"angle": 0, "axis": "y", "origin": [14, 3, 15]},
			"faces": {
				"north": {"uv": [6.25, 9.25, 6.75, 9.75], "texture": "#0"},
				"east": {"uv": [11.5, 0, 11.75, 0.5], "texture": "#0"},
				"south": {"uv": [0.25, 9.75, 0.75, 10.25], "texture": "#0"},
				"west": {"uv": [11.5, 0.5, 11.75, 1], "texture": "#0"},
				"up": {"uv": [12, 1.25, 11.5, 1], "texture": "#0"},
				"down": {"uv": [12, 1.25, 11.5, 1.5], "texture": "#0"}
			}
		},
		{
			"from": [0, 3, 1],
			"to": [1, 5, 2],
			"rotation": {"angle": 0, "axis": "y", "origin": [0, 3, 15]},
			"faces": {
				"north": {"uv": [11, 11.5, 11.25, 12], "texture": "#0"},
				"east": {"uv": [11.25, 11.5, 11.5, 12], "texture": "#0"},
				"south": {"uv": [11.5, 11.5, 11.75, 12], "texture": "#0"},
				"west": {"uv": [0, 11.75, 0.25, 12.25], "texture": "#0"},
				"up": {"uv": [12.5, 10.5, 12.25, 10.25], "texture": "#0"},
				"down": {"uv": [12.5, 10.5, 12.25, 10.75], "texture": "#0"}
			}
		},
		{
			"from": [0, 3, 3],
			"to": [1, 5, 5],
			"rotation": {"angle": 0, "axis": "y", "origin": [0, 3, 15]},
			"faces": {
				"north": {"uv": [10.25, 11.5, 10.5, 12], "texture": "#0"},
				"east": {"uv": [8.75, 10, 9.25, 10.5], "texture": "#0"},
				"south": {"uv": [10.5, 11.5, 10.75, 12], "texture": "#0"},
				"west": {"uv": [9.25, 10, 9.75, 10.5], "texture": "#0"},
				"up": {"uv": [11.75, 11, 11.5, 10.5], "texture": "#0"},
				"down": {"uv": [11, 11.5, 10.75, 12], "texture": "#0"}
			}
		},
		{
			"from": [0, 3, 7],
			"to": [1, 5, 9],
			"rotation": {"angle": 0, "axis": "y", "origin": [0, 3, 15]},
			"faces": {
				"north": {"uv": [9.25, 11.5, 9.5, 12], "texture": "#0"},
				"east": {"uv": [10, 5.25, 10.5, 5.75], "texture": "#0"},
				"south": {"uv": [9.5, 11.5, 9.75, 12], "texture": "#0"},
				"west": {"uv": [8.25, 10, 8.75, 10.5], "texture": "#0"},
				"up": {"uv": [10, 12, 9.75, 11.5], "texture": "#0"},
				"down": {"uv": [10.25, 11.5, 10, 12], "texture": "#0"}
			}
		},
		{
			"from": [0, 3, 11],
			"to": [1, 5, 13],
			"rotation": {"angle": 0, "axis": "y", "origin": [0, 3, 15]},
			"faces": {
				"north": {"uv": [8.25, 11.5, 8.5, 12], "texture": "#0"},
				"east": {"uv": [10, 4.25, 10.5, 4.75], "texture": "#0"},
				"south": {"uv": [8.5, 11.5, 8.75, 12], "texture": "#0"},
				"west": {"uv": [10, 4.75, 10.5, 5.25], "texture": "#0"},
				"up": {"uv": [9, 12, 8.75, 11.5], "texture": "#0"},
				"down": {"uv": [9.25, 11.5, 9, 12], "texture": "#0"}
			}
		},
		{
			"from": [0, 3, 14],
			"to": [1, 5, 15],
			"rotation": {"angle": 0, "axis": "y", "origin": [0, 3, 15]},
			"faces": {
				"north": {"uv": [11.5, 6.75, 11.75, 7.25], "texture": "#0"},
				"east": {"uv": [7.25, 11.5, 7.5, 12], "texture": "#0"},
				"south": {"uv": [7.5, 11.5, 7.75, 12], "texture": "#0"},
				"west": {"uv": [8, 11.5, 8.25, 12], "texture": "#0"},
				"up": {"uv": [12.5, 10, 12.25, 9.75], "texture": "#0"},
				"down": {"uv": [12.5, 10, 12.25, 10.25], "texture": "#0"}
			}
		},
		{
			"from": [15, 3, 14],
			"to": [16, 5, 15],
			"rotation": {"angle": 0, "axis": "y", "origin": [15, 3, 15]},
			"faces": {
				"north": {"uv": [5.5, 11.75, 5.75, 12.25], "texture": "#0"},
				"east": {"uv": [5.75, 11.75, 6, 12.25], "texture": "#0"},
				"south": {"uv": [11.75, 6, 12, 6.5], "texture": "#0"},
				"west": {"uv": [6.25, 11.75, 6.5, 12.25], "texture": "#0"},
				"up": {"uv": [12.5, 11.5, 12.25, 11.25], "texture": "#0"},
				"down": {"uv": [12.5, 11.5, 12.25, 11.75], "texture": "#0"}
			}
		},
		{
			"from": [15, 3, 1],
			"to": [16, 5, 2],
			"rotation": {"angle": 0, "axis": "y", "origin": [15, 3, 15]},
			"faces": {
				"north": {"uv": [11.75, 4.5, 12, 5], "texture": "#0"},
				"east": {"uv": [4.75, 11.75, 5, 12.25], "texture": "#0"},
				"south": {"uv": [5, 11.75, 5.25, 12.25], "texture": "#0"},
				"west": {"uv": [11.75, 5.25, 12, 5.75], "texture": "#0"},
				"up": {"uv": [12.5, 11, 12.25, 10.75], "texture": "#0"},
				"down": {"uv": [12.5, 11, 12.25, 11.25], "texture": "#0"}
			}
		},
		{
			"from": [15, 3, 3],
			"to": [16, 5, 5],
			"rotation": {"angle": 0, "axis": "y", "origin": [15, 3, 15]},
			"faces": {
				"north": {"uv": [2.5, 11.75, 2.75, 12.25], "texture": "#0"},
				"east": {"uv": [3.75, 10.25, 4.25, 10.75], "texture": "#0"},
				"south": {"uv": [2.75, 11.75, 3, 12.25], "texture": "#0"},
				"west": {"uv": [4.25, 10.25, 4.75, 10.75], "texture": "#0"},
				"up": {"uv": [4, 12.25, 3.75, 11.75], "texture": "#0"},
				"down": {"uv": [4.75, 11.75, 4.5, 12.25], "texture": "#0"}
			}
		},
		{
			"from": [15, 3, 7],
			"to": [16, 5, 9],
			"rotation": {"angle": 0, "axis": "y", "origin": [15, 3, 15]},
			"faces": {
				"north": {"uv": [11.75, 1.5, 12, 2], "texture": "#0"},
				"east": {"uv": [0.75, 10.25, 1.25, 10.75], "texture": "#0"},
				"south": {"uv": [1.75, 11.75, 2, 12.25], "texture": "#0"},
				"west": {"uv": [1.25, 10.25, 1.75, 10.75], "texture": "#0"},
				"up": {"uv": [2.25, 12.25, 2, 11.75], "texture": "#0"},
				"down": {"uv": [2.5, 11.75, 2.25, 12.25], "texture": "#0"}
			}
		},
		{
			"from": [15, 3, 11],
			"to": [16, 5, 13],
			"rotation": {"angle": 0, "axis": "y", "origin": [15, 3, 15]},
			"faces": {
				"north": {"uv": [11.75, 0, 12, 0.5], "texture": "#0"},
				"east": {"uv": [9.75, 10, 10.25, 10.5], "texture": "#0"},
				"south": {"uv": [0.25, 11.75, 0.5, 12.25], "texture": "#0"},
				"west": {"uv": [0.25, 10.25, 0.75, 10.75], "texture": "#0"},
				"up": {"uv": [12, 1, 11.75, 0.5], "texture": "#0"},
				"down": {"uv": [1.75, 11.75, 1.5, 12.25], "texture": "#0"}
			}
		},
		{
			"from": [7, 3.25, -0.25],
			"to": [9, 5.5, 0.25],
			"rotation": {"angle": 0, "axis": "y", "origin": [7, 3, -1]},
			"faces": {
				"north": {"uv": [5.75, 10.25, 6.25, 10.75], "texture": "#0"},
				"east": {"uv": [6.5, 11.75, 6.75, 12.25], "texture": "#0"},
				"south": {"uv": [6.25, 10.25, 6.75, 10.75], "texture": "#0"},
				"west": {"uv": [6.75, 11.75, 7, 12.25], "texture": "#0"},
				"up": {"uv": [12, 7.5, 11.5, 7.25], "texture": "#0"},
				"down": {"uv": [12.25, 6.75, 11.75, 7], "texture": "#0"}
			}
		},
		{
			"from": [3.25, 3.25, -0.05],
			"to": [4.75, 4.75, 0.25],
			"rotation": {"angle": 0, "axis": "y", "origin": [3, 3, -1]},
			"faces": {
				"north": {"uv": [10.25, 10, 10.75, 10.5], "texture": "#0"},
				"east": {"uv": [7, 11.75, 7.25, 12.25], "texture": "#0"},
				"south": {"uv": [10.5, 0, 11, 0.5], "texture": "#0"},
				"west": {"uv": [7.75, 11.75, 8, 12.25], "texture": "#0"},
				"up": {"uv": [12.25, 7.25, 11.75, 7], "texture": "#0"},
				"down": {"uv": [12.25, 8, 11.75, 8.25], "texture": "#0"}
			}
		},
		{
			"from": [0.25, 3.25, -0.05],
			"to": [1.75, 4.75, 0.25],
			"rotation": {"angle": 0, "axis": "y", "origin": [0, 3, -1]},
			"faces": {
				"north": {"uv": [10.5, 0.5, 11, 1], "texture": "#0"},
				"east": {"uv": [11.75, 8.25, 12, 8.75], "texture": "#0"},
				"south": {"uv": [10.5, 1, 11, 1.5], "texture": "#0"},
				"west": {"uv": [11.75, 8.75, 12, 9.25], "texture": "#0"},
				"up": {"uv": [12.25, 9.5, 11.75, 9.25], "texture": "#0"},
				"down": {"uv": [12.25, 9.5, 11.75, 9.75], "texture": "#0"}
			}
		},
		{
			"from": [11.25, 3.25, -0.05],
			"to": [12.75, 4.75, 0.25],
			"rotation": {"angle": 0, "axis": "y", "origin": [11, 3, -1]},
			"faces": {
				"north": {"uv": [10.5, 1.5, 11, 2], "texture": "#0"},
				"east": {"uv": [11.75, 9.75, 12, 10.25], "texture": "#0"},
				"south": {"uv": [10.5, 4.25, 11, 4.75], "texture": "#0"},
				"west": {"uv": [11.75, 10.25, 12, 10.75], "texture": "#0"},
				"up": {"uv": [12.25, 11, 11.75, 10.75], "texture": "#0"},
				"down": {"uv": [12.25, 11, 11.75, 11.25], "texture": "#0"}
			}
		},
		{
			"from": [14.25, 3.25, -0.05],
			"to": [15.75, 4.75, 0.25],
			"rotation": {"angle": 0, "axis": "y", "origin": [14, 3, -1]},
			"faces": {
				"north": {"uv": [4.75, 10.5, 5.25, 11], "texture": "#0"},
				"east": {"uv": [11.75, 11.25, 12, 11.75], "texture": "#0"},
				"south": {"uv": [10.5, 4.75, 11, 5.25], "texture": "#0"},
				"west": {"uv": [11.75, 11.75, 12, 12.25], "texture": "#0"},
				"up": {"uv": [12.5, 0.25, 12, 0], "texture": "#0"},
				"down": {"uv": [12.5, 0.25, 12, 0.5], "texture": "#0"}
			}
		},
		{
			"from": [14.25, 3.25, 15.75],
			"to": [15.75, 4.75, 16.05],
			"rotation": {"angle": 0, "axis": "y", "origin": [14, 3, 15]},
			"faces": {
				"north": {"uv": [0, 10.75, 0.5, 11.25], "texture": "#0"},
				"east": {"uv": [12, 5.75, 12.25, 6.25], "texture": "#0"},
				"south": {"uv": [0.5, 10.75, 1, 11.25], "texture": "#0"},
				"west": {"uv": [6, 12, 6.25, 12.5], "texture": "#0"},
				"up": {"uv": [12.5, 6.5, 12, 6.25], "texture": "#0"},
				"down": {"uv": [12.5, 6.5, 12, 6.75], "texture": "#0"}
			}
		},
		{
			"from": [11.25, 3.25, 15.75],
			"to": [12.75, 4.75, 16.05],
			"rotation": {"angle": 0, "axis": "y", "origin": [11, 3, 15]},
			"faces": {
				"north": {"uv": [9.75, 10.5, 10.25, 11], "texture": "#0"},
				"east": {"uv": [12, 4.75, 12.25, 5.25], "texture": "#0"},
				"south": {"uv": [10.25, 10.5, 10.75, 11], "texture": "#0"},
				"west": {"uv": [5.25, 12, 5.5, 12.5], "texture": "#0"},
				"up": {"uv": [12.5, 5.5, 12, 5.25], "texture": "#0"},
				"down": {"uv": [12.5, 5.5, 12, 5.75], "texture": "#0"}
			}
		},
		{
			"from": [7.25, 3.25, 15.75],
			"to": [8.75, 4.75, 16.05],
			"rotation": {"angle": 0, "axis": "y", "origin": [7, 3, 15]},
			"faces": {
				"north": {"uv": [8.75, 10.5, 9.25, 11], "texture": "#0"},
				"east": {"uv": [4, 12, 4.25, 12.5], "texture": "#0"},
				"south": {"uv": [9.25, 10.5, 9.75, 11], "texture": "#0"},
				"west": {"uv": [4.25, 12, 4.5, 12.5], "texture": "#0"},
				"up": {"uv": [12.5, 4.5, 12, 4.25], "texture": "#0"},
				"down": {"uv": [12.5, 4.5, 12, 4.75], "texture": "#0"}
			}
		},
		{
			"from": [3.25, 3.25, 15.75],
			"to": [4.75, 4.75, 16.05],
			"rotation": {"angle": 0, "axis": "y", "origin": [3, 3, 15]},
			"faces": {
				"north": {"uv": [10.5, 6.75, 11, 7.25], "texture": "#0"},
				"east": {"uv": [1.25, 12, 1.5, 12.5], "texture": "#0"},
				"south": {"uv": [8.25, 10.5, 8.75, 11], "texture": "#0"},
				"west": {"uv": [12, 1.25, 12.25, 1.75], "texture": "#0"},
				"up": {"uv": [12.5, 2, 12, 1.75], "texture": "#0"},
				"down": {"uv": [12.5, 2, 12, 2.25], "texture": "#0"}
			}
		},
		{
			"from": [0.25, 3.25, 15.75],
			"to": [1.75, 4.75, 16.05],
			"rotation": {"angle": 0, "axis": "y", "origin": [0, 3, 15]},
			"faces": {
				"north": {"uv": [5.25, 10.5, 5.75, 11], "texture": "#0"},
				"east": {"uv": [0.5, 12, 0.75, 12.5], "texture": "#0"},
				"south": {"uv": [10.5, 5.25, 11, 5.75], "texture": "#0"},
				"west": {"uv": [12, 0.5, 12.25, 1], "texture": "#0"},
				"up": {"uv": [1.25, 12.25, 0.75, 12], "texture": "#0"},
				"down": {"uv": [12.5, 1, 12, 1.25], "texture": "#0"}
			}
		},
		{
			"from": [-0.05, 3.25, 14.25],
			"to": [0.25, 4.75, 15.75],
			"rotation": {"angle": 0, "axis": "y", "origin": [-1, 3, 16]},
			"faces": {
				"north": {"uv": [10.5, 12, 10.75, 12.5], "texture": "#0"},
				"east": {"uv": [11, 0, 11.5, 0.5], "texture": "#0"},
				"south": {"uv": [10.75, 12, 11, 12.5], "texture": "#0"},
				"west": {"uv": [11, 0.5, 11.5, 1], "texture": "#0"},
				"up": {"uv": [11.25, 12.5, 11, 12], "texture": "#0"},
				"down": {"uv": [11.5, 12, 11.25, 12.5], "texture": "#0"}
			}
		},
		{
			"from": [-0.05, 3.25, 11.25],
			"to": [0.25, 4.75, 12.75],
			"rotation": {"angle": 0, "axis": "y", "origin": [-1, 3, 16]},
			"faces": {
				"north": {"uv": [12, 9.75, 12.25, 10.25], "texture": "#0"},
				"east": {"uv": [10.75, 10, 11.25, 10.5], "texture": "#0"},
				"south": {"uv": [10, 12, 10.25, 12.5], "texture": "#0"},
				"west": {"uv": [10.75, 10.5, 11.25, 11], "texture": "#0"},
				"up": {"uv": [10.5, 12.5, 10.25, 12], "texture": "#0"},
				"down": {"uv": [12.25, 10.25, 12, 10.75], "texture": "#0"}
			}
		},
		{
			"from": [-0.05, 3.25, 7.25],
			"to": [0.25, 4.75, 8.75],
			"rotation": {"angle": 0, "axis": "y", "origin": [-1, 3, 16]},
			"faces": {
				"north": {"uv": [9, 12, 9.25, 12.5], "texture": "#0"},
				"east": {"uv": [5.75, 10.75, 6.25, 11.25], "texture": "#0"},
				"south": {"uv": [9.25, 12, 9.5, 12.5], "texture": "#0"},
				"west": {"uv": [6.25, 10.75, 6.75, 11.25], "texture": "#0"},
				"up": {"uv": [9.75, 12.5, 9.5, 12], "texture": "#0"},
				"down": {"uv": [10, 12, 9.75, 12.5], "texture": "#0"}
			}
		},
		{
			"from": [-0.05, 3.25, 3.25],
			"to": [0.25, 4.75, 4.75],
			"rotation": {"angle": 0, "axis": "y", "origin": [-1, 3, 16]},
			"faces": {
				"north": {"uv": [12, 8.25, 12.25, 8.75], "texture": "#0"},
				"east": {"uv": [3.75, 10.75, 4.25, 11.25], "texture": "#0"},
				"south": {"uv": [8.5, 12, 8.75, 12.5], "texture": "#0"},
				"west": {"uv": [4.25, 10.75, 4.75, 11.25], "texture": "#0"},
				"up": {"uv": [9, 12.5, 8.75, 12], "texture": "#0"},
				"down": {"uv": [12.25, 8.75, 12, 9.25], "texture": "#0"}
			}
		},
		{
			"from": [-0.05, 3.25, 0.25],
			"to": [0.25, 4.75, 1.75],
			"rotation": {"angle": 0, "axis": "y", "origin": [-1, 3, 16]},
			"faces": {
				"north": {"uv": [7.25, 12, 7.5, 12.5], "texture": "#0"},
				"east": {"uv": [1, 10.75, 1.5, 11.25], "texture": "#0"},
				"south": {"uv": [7.5, 12, 7.75, 12.5], "texture": "#0"},
				"west": {"uv": [1.5, 10.75, 2, 11.25], "texture": "#0"},
				"up": {"uv": [8.25, 12.5, 8, 12], "texture": "#0"},
				"down": {"uv": [8.5, 12, 8.25, 12.5], "texture": "#0"}
			}
		},
		{
			"from": [15.75, 3.25, 14.25],
			"to": [16.05, 4.75, 15.75],
			"rotation": {"angle": 0, "axis": "y", "origin": [15, 3, 16]},
			"faces": {
				"north": {"uv": [3.25, 12.25, 3.5, 12.75], "texture": "#0"},
				"east": {"uv": [6.75, 11, 7.25, 11.5], "texture": "#0"},
				"south": {"uv": [3.5, 12.25, 3.75, 12.75], "texture": "#0"},
				"west": {"uv": [11, 6.75, 11.5, 7.25], "texture": "#0"},
				"up": {"uv": [4, 12.75, 3.75, 12.25], "texture": "#0"},
				"down": {"uv": [4.75, 12.25, 4.5, 12.75], "texture": "#0"}
			}
		},
		{
			"from": [15.75, 3.25, 11.25],
			"to": [16.05, 4.75, 12.75],
			"rotation": {"angle": 0, "axis": "y", "origin": [15, 3, 16]},
			"faces": {
				"north": {"uv": [2.25, 12.25, 2.5, 12.75], "texture": "#0"},
				"east": {"uv": [11, 5.25, 11.5, 5.75], "texture": "#0"},
				"south": {"uv": [2.5, 12.25, 2.75, 12.75], "texture": "#0"},
				"west": {"uv": [11, 5.75, 11.5, 6.25], "texture": "#0"},
				"up": {"uv": [3, 12.75, 2.75, 12.25], "texture": "#0"},
				"down": {"uv": [3.25, 12.25, 3, 12.75], "texture": "#0"}
			}
		},
		{
			"from": [15.75, 3.25, 7.25],
			"to": [16.05, 4.75, 8.75],
			"rotation": {"angle": 0, "axis": "y", "origin": [15, 3, 16]},
			"faces": {
				"north": {"uv": [12.25, 1.25, 12.5, 1.75], "texture": "#0"},
				"east": {"uv": [11, 4.75, 11.5, 5.25], "texture": "#0"},
				"south": {"uv": [1.5, 12.25, 1.75, 12.75], "texture": "#0"},
				"west": {"uv": [5.25, 11, 5.75, 11.5], "texture": "#0"},
				"up": {"uv": [2, 12.75, 1.75, 12.25], "texture": "#0"},
				"down": {"uv": [2.25, 12.25, 2, 12.75], "texture": "#0"}
			}
		},
		{
			"from": [15.75, 3.25, 3.25],
			"to": [16.05, 4.75, 4.75],
			"rotation": {"angle": 0, "axis": "y", "origin": [15, 3, 16]},
			"faces": {
				"north": {"uv": [0.25, 12.25, 0.5, 12.75], "texture": "#0"},
				"east": {"uv": [11, 4.25, 11.5, 4.75], "texture": "#0"},
				"south": {"uv": [12.25, 0.5, 12.5, 1], "texture": "#0"},
				"west": {"uv": [4.75, 11, 5.25, 11.5], "texture": "#0"},
				"up": {"uv": [1, 12.75, 0.75, 12.25], "texture": "#0"},
				"down": {"uv": [1.25, 12.25, 1, 12.75], "texture": "#0"}
			}
		},
		{
			"from": [15.75, 3.25, 0.25],
			"to": [16.05, 4.75, 1.75],
			"rotation": {"angle": 0, "axis": "y", "origin": [15, 3, 16]},
			"faces": {
				"north": {"uv": [12, 11.25, 12.25, 11.75], "texture": "#0"},
				"east": {"uv": [11, 1, 11.5, 1.5], "texture": "#0"},
				"south": {"uv": [11.5, 12, 11.75, 12.5], "texture": "#0"},
				"west": {"uv": [11, 1.5, 11.5, 2], "texture": "#0"},
				"up": {"uv": [12.25, 12.25, 12, 11.75], "texture": "#0"},
				"down": {"uv": [0.25, 12.25, 0, 12.75], "texture": "#0"}
			}
		},
		{
			"from": [1, 3, 1],
			"to": [15, 6, 15],
			"rotation": {"angle": 0, "axis": "y", "origin": [13, 3, 1]},
			"faces": {
				"north": {"uv": [6.5, 5.25, 10, 6], "texture": "#0"},
				"east": {"uv": [3.5, 6.75, 7, 7.5], "texture": "#0"},
				"south": {"uv": [0, 7, 3.5, 7.75], "texture": "#0"},
				"west": {"uv": [7, 6.75, 10.5, 7.5], "texture": "#0"},
				"up": {"uv": [3.5, 3.5, 0, 0], "texture": "#0"},
				"down": {"uv": [3.5, 3.5, 0, 7], "texture": "#0"}
			}
		},
		{
			"from": [2, 6, 2],
			"to": [14, 6.9, 14],
			"rotation": {"angle": 0, "axis": "y", "origin": [13, 4, 1]},
			"faces": {
				"north": {"uv": [3.75, 8.25, 6.75, 8.5], "texture": "#0"},
				"east": {"uv": [3.75, 8.5, 6.75, 8.75], "texture": "#0"},
				"south": {"uv": [3.75, 8.75, 6.75, 9], "texture": "#0"},
				"west": {"uv": [3.75, 9, 6.75, 9.25], "texture": "#0"},
				"up": {"uv": [6.5, 3, 3.5, 0], "texture": "#0"},
				"down": {"uv": [6.5, 3, 3.5, 6], "texture": "#0"}
			}
		},
		{
			"from": [0.75, 5, 7],
			"to": [1, 7.3, 9],
			"rotation": {"angle": 0, "axis": "y", "origin": [0, 5, 7]},
			"faces": {
				"north": {"uv": [4.75, 12.25, 5, 12.75], "texture": "#0"},
				"east": {"uv": [7.25, 11, 7.75, 11.5], "texture": "#0"},
				"south": {"uv": [12.25, 4.75, 12.5, 5.25], "texture": "#0"},
				"west": {"uv": [8.25, 11, 8.75, 11.5], "texture": "#0"},
				"up": {"uv": [5.25, 12.75, 5, 12.25], "texture": "#0"},
				"down": {"uv": [5.75, 12.25, 5.5, 12.75], "texture": "#0"}
			}
		},
		{
			"from": [15, 5, 7],
			"to": [15.25, 7.3, 9],
			"rotation": {"angle": 0, "axis": "y", "origin": [14.25, 5, 7]},
			"faces": {
				"north": {"uv": [5.75, 12.25, 6, 12.75], "texture": "#0"},
				"east": {"uv": [8.75, 11, 9.25, 11.5], "texture": "#0"},
				"south": {"uv": [12.25, 5.75, 12.5, 6.25], "texture": "#0"},
				"west": {"uv": [9.25, 11, 9.75, 11.5], "texture": "#0"},
				"up": {"uv": [6.5, 12.75, 6.25, 12.25], "texture": "#0"},
				"down": {"uv": [6.75, 12.25, 6.5, 12.75], "texture": "#0"}
			}
		},
		{
			"from": [7, 5, 1],
			"to": [9, 7.3, 1.25],
			"rotation": {"angle": 0, "axis": "y", "origin": [7, 5, 8]},
			"faces": {
				"north": {"uv": [10.75, 11, 11.25, 11.5], "texture": "#0"},
				"east": {"uv": [7, 12.25, 7.25, 12.75], "texture": "#0"},
				"south": {"uv": [0, 11.25, 0.5, 11.75], "texture": "#0"},
				"west": {"uv": [7.75, 12.25, 8, 12.75], "texture": "#0"},
				"up": {"uv": [12.75, 8, 12.25, 7.75], "texture": "#0"},
				"down": {"uv": [12.75, 8, 12.25, 8.25], "texture": "#0"}
			}
		},
		{
			"from": [7, 5, 15],
			"to": [9, 7.3, 15.25],
			"rotation": {"angle": 0, "axis": "y", "origin": [7, 5, 7.75]},
			"faces": {
				"north": {"uv": [9.75, 11, 10.25, 11.5], "texture": "#0"},
				"east": {"uv": [6.75, 12.25, 7, 12.75], "texture": "#0"},
				"south": {"uv": [10.25, 11, 10.75, 11.5], "texture": "#0"},
				"west": {"uv": [12.25, 6.75, 12.5, 7.25], "texture": "#0"},
				"up": {"uv": [12.5, 7.5, 12, 7.25], "texture": "#0"},
				"down": {"uv": [12.75, 7.5, 12.25, 7.75], "texture": "#0"}
			}
		},
		{
			"from": [1, 7, 7],
			"to": [15, 7.75, 9],
			"rotation": {"angle": 0, "axis": "y", "origin": [1, 7, 7]},
			"faces": {
				"north": {"uv": [10, 3.25, 13.5, 3.5], "texture": "#0"},
				"east": {"uv": [12.25, 8.25, 12.75, 8.5], "texture": "#0"},
				"south": {"uv": [10, 3.5, 13.5, 3.75], "texture": "#0"},
				"west": {"uv": [12.25, 8.5, 12.75, 8.75], "texture": "#0"},
				"up": {"uv": [7, 8, 3.5, 7.5], "texture": "#0"},
				"down": {"uv": [11, 6, 7.5, 6.5], "texture": "#0"}
			}
		},
		{
			"from": [7, 7, 1.25],
			"to": [9, 7.75, 15],
			"rotation": {"angle": 0, "axis": "y", "origin": [8, 7, 8]},
			"faces": {
				"north": {"uv": [12.25, 8.75, 12.75, 9], "texture": "#0"},
				"east": {"uv": [10, 3.75, 13.5, 4], "texture": "#0"},
				"south": {"uv": [12.25, 9, 12.75, 9.25], "texture": "#0"},
				"west": {"uv": [10, 4, 13.5, 4.25], "texture": "#0"},
				"up": {"uv": [7.5, 11, 7, 7.5], "texture": "#0"},
				"down": {"uv": [8, 7.5, 7.5, 11], "texture": "#0"}
			}
		}
	],
	"display": {
		"thirdperson_righthand": {
			"translation": [0, 3, 1],
			"scale": [0.55, 0.55, 0.55]
		},
		"thirdperson_lefthand": {
			"translation": [0, 3, 1],
			"scale": [0.55, 0.55, 0.55]
		},
		"firstperson_righthand": {
			"rotation": [0, -90, 25],
			"translation": [1.13, 3.2, 1.13],
			"scale": [0.68, 0.68, 0.68]
		},
		"firstperson_lefthand": {
			"rotation": [0, -90, 25],
			"translation": [1.13, 3.2, 1.13],
			"scale": [0.68, 0.68, 0.68]
		},
		"ground": {
			"translation": [0, 2, 0],
			"scale": [0.5, 0.5, 0.5]
		},
		"gui": {
			"rotation": [180, 0, 180]
		},
		"head": {
			"translation": [0, 10.25, 0],
			"scale": [1.02266, 1.02266, 1.02266]
		},
		"fixed": {
			"rotation": [90, 0, -180],
			"translation": [0, 0, -15.25],
			"scale": [1.91328, 1.91328, 1.91328]
		}
	}
}