{
	"credit": "Made with Blockbench",
	"textures": {
		"0": "item/stone",
		"particle": "item/stone"
	},
	"elements": [
		{
			"name": "iner",
			"from": [5.6, 22.8, -0.2],
			"to": [6.6, 25.8, 7.5],
			"rotation": {"angle": -22.5, "axis": "x", "origin": [9, 23, 3]},
			"faces": {
				"north": {"uv": [11.84416, 5.87342, 13.92208, 16], "texture": "#0"},
				"east": {"uv": [0, 5.87342, 16, 16], "texture": "#0"},
				"south": {"uv": [2.07792, 5.87342, 4.15584, 16], "texture": "#0"},
				"west": {"uv": [0, 5.87342, 16, 16], "texture": "#0"},
				"up": {"uv": [2.07792, 0, 4.15584, 16], "texture": "#0"},
				"down": {"uv": [13.92208, 0, 11.84416, 16], "texture": "#0"}
			}
		},
		{
			"name": "iner",
			"from": [6.6, 22.8, -0.2],
			"to": [12.3, 27.8, 7.5],
			"rotation": {"angle": -22.5, "axis": "x", "origin": [9, 23, 3]},
			"faces": {
				"north": {"uv": [0, 5.87342, 11.84416, 16], "texture": "#0"},
				"east": {"uv": [0, 5.87342, 16, 16], "texture": "#0"},
				"south": {"uv": [4.15584, 5.87342, 16, 16], "texture": "#0"},
				"west": {"uv": [0, 5.87342, 16, 16], "texture": "#0"},
				"up": {"uv": [4.15584, 0, 16, 16], "texture": "#0"},
				"down": {"uv": [11.84416, 0, 0, 16], "texture": "#0"}
			}
		},
		{
			"name": "iner",
			"from": [6.6, 27.8, -0.2],
			"to": [8.6, 29.7, 7.5],
			"rotation": {"angle": -22.5, "axis": "x", "origin": [9, 23, 3]},
			"faces": {
				"north": {"uv": [9.76623, 0, 13.92208, 5.87342], "texture": "#0"},
				"east": {"uv": [0, 0, 16, 5.87342], "texture": "#0"},
				"south": {"uv": [2.07792, 0, 6.23377, 5.87342], "texture": "#0"},
				"west": {"uv": [0, 0, 16, 5.87342], "texture": "#0"},
				"up": {"uv": [2.07792, 0, 6.23377, 16], "texture": "#0"},
				"down": {"uv": [13.92208, 0, 9.76623, 16], "texture": "#0"}
			}
		},
		{
			"name": "iner",
			"from": [8.6, 27.8, -0.2],
			"to": [12.3, 30.7, 7.5],
			"rotation": {"angle": -22.5, "axis": "x", "origin": [9, 23, 3]},
			"faces": {
				"north": {"uv": [0, 0, 9.76623, 5.87342], "texture": "#0"},
				"east": {"uv": [0, 0, 16, 5.87342], "texture": "#0"},
				"south": {"uv": [6.23377, 0, 16, 5.87342], "texture": "#0"},
				"west": {"uv": [0, 0, 16, 5.87342], "texture": "#0"},
				"up": {"uv": [6.23377, 0, 16, 16], "texture": "#0"},
				"down": {"uv": [9.76623, 0, 0, 16], "texture": "#0"}
			}
		},
		{
			"name": "iner",
			"from": [12.3, 11.3, 2],
			"to": [16.5, 23.1, 6.8],
			"rotation": {"angle": 0, "axis": "x", "origin": [9, 18, 26]},
			"faces": {
				"north": {"uv": [0, 0, 8, 16], "texture": "#0"},
				"east": {"uv": [0, 0, 8, 16], "texture": "#0"},
				"south": {"uv": [0.075, 0, 7.975, 16], "texture": "#0"},
				"west": {"uv": [0, 0, 8, 16], "texture": "#0"},
				"up": {"uv": [0, 0, 4, 4], "texture": "#0"},
				"down": {"uv": [0, 0, 3.975, 4], "texture": "#0"}
			}
		},
		{
			"name": "iner",
			"from": [4.75, 11.25, 1.75],
			"to": [6.75, 17.25, 6.25],
			"rotation": {"angle": 0, "axis": "y", "origin": [9, -1, 1]},
			"faces": {
				"north": {"uv": [11.73333, 7.65217, 16, 16], "texture": "#0"},
				"east": {"uv": [0, 7.65217, 8, 16], "texture": "#0"},
				"south": {"uv": [0, 7.65217, 4.26667, 16], "texture": "#0"},
				"west": {"uv": [0, 7.65217, 8, 16], "texture": "#0"},
				"up": {"uv": [5, 4, 5.53333, 5], "texture": "#0"},
				"down": {"uv": [7, 4, 9, 4.26667], "rotation": 270, "texture": "#0"}
			}
		},
		{
			"name": "iner",
			"from": [5.75, 17.25, 1.75],
			"to": [6.75, 20.25, 6.25],
			"rotation": {"angle": 0, "axis": "y", "origin": [9, -1, 1]},
			"faces": {
				"north": {"uv": [11.73333, 3.47826, 16, 7.65217], "texture": "#0"},
				"east": {"uv": [0, 3.47826, 8, 7.65217], "texture": "#0"},
				"south": {"uv": [0, 3.47826, 4.26667, 7.65217], "texture": "#0"},
				"west": {"uv": [0, 3.47826, 8, 7.65217], "texture": "#0"},
				"up": {"uv": [5, 4, 5.53333, 5], "texture": "#0"},
				"down": {"uv": [7, 4, 9, 4.26667], "rotation": 270, "texture": "#0"}
			}
		},
		{
			"name": "iner",
			"from": [6.75, 11.25, 1.75],
			"to": [12.25, 22.75, 6.25],
			"rotation": {"angle": 0, "axis": "y", "origin": [9, -1, 1]},
			"faces": {
				"north": {"uv": [0, 0, 11.73333, 16], "texture": "#0"},
				"east": {"uv": [0, 0, 8, 16], "texture": "#0"},
				"south": {"uv": [4.26667, 0, 16, 16], "texture": "#0"},
				"west": {"uv": [0, 0, 8, 16], "texture": "#0"},
				"up": {"uv": [5.53333, 4, 7, 5], "texture": "#0"},
				"down": {"uv": [7, 4.26667, 9, 5], "rotation": 270, "texture": "#0"}
			}
		},
		{
			"name": "iner",
			"from": [4.65, -1, 1.75],
			"to": [8.45, 11.2, 6.25],
			"rotation": {"angle": 0, "axis": "x", "origin": [9, 6, 15]},
			"faces": {
				"north": {"uv": [0, 0, 7, 16], "texture": "#0"},
				"east": {"uv": [0, 0, 7, 16], "texture": "#0"},
				"south": {"uv": [0, 0, 7, 16], "texture": "#0"},
				"west": {"uv": [0, 0, 7, 16], "texture": "#0"},
				"up": {"uv": [0, 0, 4, 4], "texture": "#0"},
				"down": {"uv": [0, 0, 4, 4], "texture": "#0"}
			}
		},
		{
			"name": "iner",
			"from": [4.65, -0.85, 6.1],
			"to": [8.45, 3.65, 14.9],
			"rotation": {"angle": 0, "axis": "x", "origin": [9, 6, 14.9]},
			"faces": {
				"north": {"uv": [0, 0, 4, 4], "rotation": 180, "texture": "#0"},
				"east": {"uv": [0, 0, 7, 16], "rotation": 90, "texture": "#0"},
				"south": {"uv": [0, 0, 4, 4], "texture": "#0"},
				"west": {"uv": [0, 0, 7, 16], "rotation": 270, "texture": "#0"},
				"up": {"uv": [0, 0, 7, 16], "texture": "#0"},
				"down": {"uv": [0, 0, 7, 16], "rotation": 180, "texture": "#0"}
			}
		},
		{
			"name": "iner",
			"from": [8.65, -1, 1.75],
			"to": [12.45, 11.2, 6.25],
			"rotation": {"angle": 0, "axis": "x", "origin": [13, 6, 15]},
			"faces": {
				"north": {"uv": [0, 0, 7, 16], "texture": "#0"},
				"east": {"uv": [0, 0, 7, 16], "texture": "#0"},
				"south": {"uv": [0, 0, 7, 16], "texture": "#0"},
				"west": {"uv": [0, 0, 7, 16], "texture": "#0"},
				"up": {"uv": [0, 0, 4, 4], "texture": "#0"},
				"down": {"uv": [0, 0, 4, 4], "texture": "#0"}
			}
		},
		{
			"name": "iner",
			"from": [8.65, -0.85, 6.1],
			"to": [12.45, 3.65, 14.9],
			"rotation": {"angle": 0, "axis": "x", "origin": [13, 6, 14.9]},
			"faces": {
				"north": {"uv": [0, 0, 4, 4], "rotation": 180, "texture": "#0"},
				"east": {"uv": [0, 0, 7, 16], "rotation": 90, "texture": "#0"},
				"south": {"uv": [0, 0, 4, 4], "texture": "#0"},
				"west": {"uv": [0, 0, 7, 16], "rotation": 270, "texture": "#0"},
				"up": {"uv": [0, 0, 7, 16], "texture": "#0"},
				"down": {"uv": [0, 0, 7, 16], "rotation": 180, "texture": "#0"}
			}
		}
	],
	"display": {
		"thirdperson_righthand": {
			"rotation": [75, 45, 0],
			"translation": [0, 2.5, 0],
			"scale": [0.375, 0.375, 0.375]
		},
		"thirdperson_lefthand": {
			"rotation": [75, 45, 0],
			"translation": [0, 2.5, 0],
			"scale": [0.375, 0.375, 0.375]
		},
		"firstperson_righthand": {
			"rotation": [0, 45, 0],
			"scale": [0.4, 0.4, 0.4]
		},
		"firstperson_lefthand": {
			"rotation": [0, 225, 0],
			"scale": [0.4, 0.4, 0.4]
		},
		"ground": {
			"translation": [0, 3, 0],
			"scale": [0.25, 0.25, 0.25]
		},
		"gui": {
			"rotation": [30, 225, 0],
			"translation": [0, -3.75, 0],
			"scale": [0.625, 0.625, 0.625]
		},
		"head": {
			"translation": [0, -27, -2],
			"scale": [2, 2, 2]
		},
		"fixed": {
			"rotation": [-90, 0, 0],
			"translation": [0, -0.4, -22.75],
			"scale": [2.5, 2.5, 2.5]
		}
	}
}