{
	"credit": "Made with Blockbench",
	"textures": {
		"0": "item/stone",
		"particle": "item/stone"
	},
	"elements": [
		{
			"name": "iner",
			"from": [8.6, 22.8, 1.7],
			"to": [12.3, 30.8, 9.4],
			"rotation": {"angle": 0, "axis": "x", "origin": [9, 23, 4.9]},
			"faces": {
				"north": {"uv": [0, 5.87342, 5.84416, 16], "texture": "#0"},
				"east": {"uv": [0, 5.87342, 16, 16], "texture": "#0"},
				"south": {"uv": [4.15584, 5.87342, 16, 16], "texture": "#0"},
				"west": {"uv": [0, 5.87342, 16, 16], "texture": "#0"},
				"up": {"uv": [4.15584, 0, 16, 16], "texture": "#0"},
				"down": {"uv": [11.84416, 0, 0, 16], "texture": "#0"}
			}
		},
		{
			"name": "iner",
			"from": [12.3, 11.3, 3],
			"to": [16.5, 23.1, 7.8],
			"rotation": {"angle": 0, "axis": "x", "origin": [9, 18, 27]},
			"faces": {
				"north": {"uv": [0, 0, 8, 16], "texture": "#0"},
				"east": {"uv": [0, 0, 8, 16], "texture": "#0"},
				"south": {"uv": [0.075, 0, 7.975, 16], "texture": "#0"},
				"west": {"uv": [0, 0, 8, 16], "texture": "#0"},
				"up": {"uv": [0, 0, 4, 4], "texture": "#0"},
				"down": {"uv": [0, 0, 3.975, 4], "texture": "#0"}
			}
		},
		{
			"name": "iner",
			"from": [4.75, 11.25, 2.75],
			"to": [12.25, 22.75, 7.25],
			"rotation": {"angle": 0, "axis": "y", "origin": [9, -1, 2]},
			"faces": {
				"north": {"uv": [0, 0, 11.73333, 16], "texture": "#0"},
				"east": {"uv": [0, 0, 8, 16], "texture": "#0"},
				"south": {"uv": [4.26667, 0, 16, 16], "texture": "#0"},
				"west": {"uv": [0, 0, 8, 16], "texture": "#0"},
				"up": {"uv": [5.53333, 4, 7, 5], "texture": "#0"},
				"down": {"uv": [7, 4.26667, 9, 5], "rotation": 270, "texture": "#0"}
			}
		},
		{
			"name": "iner",
			"from": [0.05, -0.95, -0.05],
			"to": [9.05, 15.05, 15.95],
			"rotation": {"angle": 0, "axis": "x", "origin": [5.3, 1.8, -0.8]},
			"faces": {
				"north": {"uv": [8, 0, 16, 16], "texture": "#0"},
				"east": {"uv": [0, 0, 16, 16], "texture": "#0"},
				"south": {"uv": [8, 0, 16, 16], "texture": "#0"},
				"west": {"uv": [0, 0, 16, 16], "texture": "#0"},
				"up": {"uv": [0, 0, 8, 5], "texture": "#0"},
				"down": {"uv": [0, 0, 8, 7], "rotation": 270, "texture": "#0"}
			}
		},
		{
			"name": "iner",
			"from": [0.05, 15.05, -0.05],
			"to": [9.05, 31.05, 15.95],
			"rotation": {"angle": 0, "axis": "x", "origin": [5.3, 17.8, -0.8]},
			"faces": {
				"north": {"uv": [8, 0, 16, 16], "texture": "#0"},
				"east": {"uv": [0, 0, 16, 16], "texture": "#0"},
				"south": {"uv": [8, 0, 16, 16], "texture": "#0"},
				"west": {"uv": [0, 0, 16, 16], "texture": "#0"},
				"up": {"uv": [0, 0, 8, 16], "texture": "#0"},
				"down": {"uv": [0, 0, 8, 5], "rotation": 270, "texture": "#0"}
			}
		},
		{
			"name": "iner",
			"from": [8.65, -1, 2.75],
			"to": [12.45, 11.2, 7.25],
			"rotation": {"angle": 0, "axis": "x", "origin": [13, 6, 16]},
			"faces": {
				"north": {"uv": [0, 0, 7, 16], "texture": "#0"},
				"east": {"uv": [0, 0, 7, 16], "texture": "#0"},
				"south": {"uv": [0, 0, 7, 16], "texture": "#0"},
				"west": {"uv": [0, 0, 7, 16], "texture": "#0"},
				"up": {"uv": [0, 0, 4, 4], "texture": "#0"},
				"down": {"uv": [0, 0, 4, 4], "texture": "#0"}
			}
		},
		{
			"name": "iner",
			"from": [8.65, -0.85, 7.1],
			"to": [12.45, 3.65, 15.9],
			"rotation": {"angle": 0, "axis": "x", "origin": [13, 6, 15.9]},
			"faces": {
				"north": {"uv": [0, 0, 4, 4], "rotation": 180, "texture": "#0"},
				"east": {"uv": [0, 0, 7, 16], "rotation": 90, "texture": "#0"},
				"south": {"uv": [0, 0, 4, 4], "texture": "#0"},
				"west": {"uv": [0, 0, 7, 16], "rotation": 270, "texture": "#0"},
				"up": {"uv": [0, 0, 7, 16], "texture": "#0"},
				"down": {"uv": [0, 0, 7, 16], "rotation": 180, "texture": "#0"}
			}
		}
	],
	"display": {
		"thirdperson_righthand": {
			"rotation": [75, 45, 0],
			"translation": [0, 2.5, 0],
			"scale": [0.375, 0.375, 0.375]
		},
		"thirdperson_lefthand": {
			"rotation": [75, 45, 0],
			"translation": [0, 2.5, 0],
			"scale": [0.375, 0.375, 0.375]
		},
		"firstperson_righthand": {
			"rotation": [0, 45, 0],
			"scale": [0.4, 0.4, 0.4]
		},
		"firstperson_lefthand": {
			"rotation": [0, 225, 0],
			"scale": [0.4, 0.4, 0.4]
		},
		"ground": {
			"translation": [0, 3, 0],
			"scale": [0.25, 0.25, 0.25]
		},
		"gui": {
			"rotation": [30, 225, 0],
			"translation": [0, -3.75, 0],
			"scale": [0.625, 0.625, 0.625]
		},
		"head": {
			"translation": [0, -27, -2],
			"scale": [2, 2, 2]
		},
		"fixed": {
			"rotation": [-90, 0, 0],
			"translation": [0, -0.4, -22.75],
			"scale": [2.5, 2.5, 2.5]
		}
	}
}