{
    "model": {
        "type": "select",
        "property": "custom_model_data",
        "fallback": {
          "type": "model",
          "model": "minecraft:block/carved_pumpkin"
        },
        "cases": [
              {
                "when": "snowman",
                "model": {
                  "type": "model",
                  "model": "item/snowman"
                }
              },
              {
                "when": "statue01",
                "model": {
                  "type": "model",
                  "model": "item/statue01"
                }
              },
              {
                  "when": "statue02",
                  "model": {
                    "type": "model",
                    "model": "item/statue02"
                  }
                },
                {
                  "when": "statue03",
                  "model": {
                    "type": "model",
                    "model": "item/statue03"
                  }
                },
                {
                  "when": "statue04",
                  "model": {
                    "type": "model",
                    "model": "item/statue04"
                  }
                }, 
                {
                  "when": "statue00",
                  "model": {
                    "type": "model",
                    "model": "item/statueplaceholder"
                  }
                },   
                {
                  "when": "decective_bord",
                  "model": {
                    "type": "model",
                    "model": "item/detect_bord"
                  }
                },
                {
                  "when": "infiniroom",
                  "model": {
                    "type": "model",
                    "model": "item/infiniroom"
                  }
                },
                {
                  "when": "dus",
                  "model": {
                    "type": "model",
                    "model": "item/dungon_spirit"
                  }
                },
                {
                  "when": "telescope",
                  "model": {
                    "type": "model",
                    "model": "item/telescope"
                  }
                },  
                {
                  "when": "logo",
                  "model": {
                    "type": "model",
                    "model": "item/logo"
                  }
                },  
                {
                  "when": "amongus",
                  "model": {
                    "type": "model",
                    "model": "item/amongus"
                  }
                },  
                {
                  "when": "legacy:statue01",
                  "model": {
                    "type": "model",
                    "model": "item/stachue1"
                  }
                },
                {
                    "when": "legacy:statue02",
                    "model": {
                      "type": "model",
                      "model": "item/stachue2"
                    }
                  },
                  {
                    "when": "legacy:statue03",
                    "model": {
                      "type": "model",
                      "model": "item/stachue3"
                    }
                  }
            ]    
    }
}