{
    "model": {
      "type": "select",
      "property": "custom_model_data",
      "fallback": {
        "type": "model",
        "model": "item/stick"
      },
      "cases": [
        { 
          "when": "test",
          "model": {
            "type": "model",
            "model": "item/test"
          }
       },
       { 
        "when": "crors",
        "model": {
          "type": "model",
          "model": "item/crownofravenskull"
        }
     }
      ]
    }
    
  }