{
	"credit": "Made with Blockbench",
	"texture_size": [32, 32],
	"textures": {
		"2": "textures:item/stachue",
		"3": "textures:item/stachueitem"
	},
	"elements": [
		{
			"name": "iner",
			"from": [4.6, 23.8, 3.8],
			"to": [12.3, 31.7, 11.5],
			"rotation": {"angle": 0, "axis": "x", "origin": [9, 23.6, 7.6]},
			"faces": {
				"north": {"uv": [2, 2, 4, 4], "texture": "#2"},
				"east": {"uv": [0.25, 2, 2.25, 4], "texture": "#2"},
				"south": {"uv": [6, 2, 8, 4], "texture": "#2"},
				"west": {"uv": [4, 2, 6, 4], "texture": "#2"},
				"up": {"uv": [2, 0, 4, 2], "texture": "#2"},
				"down": {"uv": [6, 0, 4, 2], "texture": "#2"}
			}
		},
		{
			"name": "iner",
			"from": [12.25, 19, -1.7],
			"to": [16.7, 23.8, 10.1],
			"rotation": {"angle": 0, "axis": "x", "origin": [12.6, 21.5, 7.9]},
			"faces": {
				"north": {"uv": [12, 4, 12.975, 5], "rotation": 180, "texture": "#2"},
				"east": {"uv": [10, 5, 11, 8], "rotation": 270, "texture": "#2"},
				"south": {"uv": [6, 12, 7, 13], "texture": "#2"},
				"west": {"uv": [11, 13, 12, 16], "rotation": 90, "texture": "#2"},
				"up": {"uv": [11, 5, 12, 8], "rotation": 180, "texture": "#2"},
				"down": {"uv": [9.075, 13, 9.975, 16], "texture": "#2"}
			}
		},
		{
			"name": "iner",
			"from": [0.05, 19.1, -1.4],
			"to": [4.75, 23.7, 10.2],
			"rotation": {"angle": 0, "axis": "x", "origin": [4.6, 21.7, 9.1]},
			"faces": {
				"north": {"uv": [10, 12, 10.975, 13], "rotation": 180, "texture": "#2"},
				"east": {"uv": [8, 13, 9, 16], "rotation": 270, "texture": "#2"},
				"south": {"uv": [9, 12, 10, 13], "texture": "#2"},
				"west": {"uv": [10.025, 13, 11, 16], "rotation": 90, "texture": "#2"},
				"up": {"uv": [8.975, 13, 10.025, 16], "rotation": 180, "texture": "#2"},
				"down": {"uv": [11, 13, 12, 16], "texture": "#2"}
			}
		},
		{
			"name": "iner",
			"from": [4.75, 12.25, 5.75],
			"to": [12.25, 23.75, 10.25],
			"rotation": {"angle": 0, "axis": "x", "origin": [8.1, 12, 7]},
			"faces": {
				"north": {"uv": [5, 5.25, 7, 7.75], "texture": "#2"},
				"east": {"uv": [4, 5, 5, 8], "texture": "#2"},
				"south": {"uv": [8, 5, 10, 8], "texture": "#2"},
				"west": {"uv": [7, 5, 8, 8], "texture": "#2"},
				"up": {"uv": [5, 4, 7, 5], "texture": "#2"},
				"down": {"uv": [7, 4, 9, 5], "rotation": 270, "texture": "#2"}
			}
		},
		{
			"name": "iner",
			"from": [8.35, 6, 5.8],
			"to": [12.35, 12.3, 10.2],
			"rotation": {"angle": 0, "axis": "x", "origin": [11.6, 12, 7]},
			"faces": {
				"north": {"uv": [1, 5, 2, 8], "texture": "#2"},
				"east": {"uv": [0, 5, 1, 8], "texture": "#2"},
				"south": {"uv": [3, 5, 4, 8], "texture": "#2"},
				"west": {"uv": [2, 5, 3, 8], "texture": "#2"},
				"up": {"uv": [1, 4, 2, 5], "texture": "#2"},
				"down": {"uv": [2, 4, 3, 5], "texture": "#2"}
			}
		},
		{
			"name": "iner",
			"from": [8.35, 1.6, 5.7],
			"to": [12.35, 6, 15.2],
			"rotation": {"angle": 0, "axis": "x", "origin": [11.6, 2.8, 6]},
			"faces": {
				"north": {"uv": [1, 4, 2, 5], "rotation": 180, "texture": "#2"},
				"east": {"uv": [0, 5, 1, 8], "rotation": 90, "texture": "#2"},
				"south": {"uv": [2, 4, 3, 5], "texture": "#2"},
				"west": {"uv": [2, 5, 3, 8], "rotation": 270, "texture": "#2"},
				"up": {"uv": [3, 5, 4, 8], "texture": "#2"},
				"down": {"uv": [1, 5, 2, 8], "rotation": 180, "texture": "#2"}
			}
		},
		{
			"name": "iner",
			"from": [4.65, 8.75, 1],
			"to": [8.45, 13.25, 7.2],
			"rotation": {"angle": 0, "axis": "x", "origin": [6.6, 12, 7]},
			"faces": {
				"north": {"uv": [2, 4, 3, 5], "rotation": 180, "texture": "#2"},
				"east": {"uv": [10, 5, 11, 8], "rotation": 270, "texture": "#2"},
				"south": {"uv": [11, 4, 12, 5], "texture": "#2"},
				"west": {"uv": [12, 5, 13, 8], "rotation": 90, "texture": "#2"},
				"up": {"uv": [11, 5, 12, 8], "rotation": 180, "texture": "#2"},
				"down": {"uv": [13, 5, 14, 8], "texture": "#2"}
			}
		},
		{
			"name": "iner",
			"from": [4.65, 1.6, 1.15],
			"to": [8.45, 8.9, 5.65],
			"rotation": {"angle": 0, "axis": "x", "origin": [6.6, 7.6, 2.4]},
			"faces": {
				"north": {"uv": [11, 5, 12, 8], "texture": "#2"},
				"east": {"uv": [10, 5, 11, 8], "texture": "#2"},
				"south": {"uv": [13, 5, 14, 8], "texture": "#2"},
				"west": {"uv": [12, 5, 13, 8], "texture": "#2"},
				"up": {"uv": [11, 4, 12, 5], "texture": "#2"},
				"down": {"uv": [2, 4, 3, 5], "texture": "#2"}
			}
		},
		{
			"from": [-3, 23.5, 0.1],
			"to": [-1, 25.3, 1.9],
			"rotation": {"angle": 0, "axis": "z", "origin": [-2, 25.4, 1]},
			"faces": {
				"north": {"uv": [7.5, 5, 8.5, 5.875], "texture": "#3"},
				"east": {"uv": [5, 8, 5.875, 8.875], "texture": "#3"},
				"south": {"uv": [0, 8, 1, 8.875], "texture": "#3"},
				"west": {"uv": [7, 8, 7.875, 8.875], "texture": "#3"},
				"up": {"uv": [9, 0.875, 8, 0], "texture": "#3"},
				"down": {"uv": [2, 8, 1, 8.875], "texture": "#3"}
			}
		},
		{
			"from": [-2.75, 23.35, 0.25],
			"to": [-1.25, 25.45, 1.75],
			"rotation": {"angle": 0, "axis": "z", "origin": [-2, 25.4, 1]},
			"faces": {
				"north": {"uv": [8, 8, 8.75, 9], "texture": "#3"},
				"east": {"uv": [8.5, 5, 9.25, 6], "texture": "#3"},
				"south": {"uv": [0, 9, 0.75, 10], "texture": "#3"},
				"west": {"uv": [9, 0, 9.75, 1], "texture": "#3"},
				"up": {"uv": [5.75, 9.75, 5, 9], "texture": "#3"},
				"down": {"uv": [9.25, 9, 8.5, 9.75], "texture": "#3"}
			}
		},
		{
			"from": [-2.75, 23.65, -0.05],
			"to": [-1.25, 25.15, 2.05],
			"rotation": {"angle": 0, "axis": "z", "origin": [-2, 25.4, 1]},
			"faces": {
				"north": {"uv": [9.5, 1, 10.25, 1.75], "texture": "#3"},
				"east": {"uv": [1, 9, 2, 9.75], "texture": "#3"},
				"south": {"uv": [9.5, 2, 10.25, 2.75], "texture": "#3"},
				"west": {"uv": [2, 9, 3, 9.75], "texture": "#3"},
				"up": {"uv": [3.75, 10, 3, 9], "texture": "#3"},
				"down": {"uv": [4.75, 9, 4, 10], "texture": "#3"}
			}
		},
		{
			"from": [-3.05, 23.65, 0.25],
			"to": [-0.85, 25.15, 1.75],
			"rotation": {"angle": 0, "axis": "z", "origin": [-2, 25.4, 1]},
			"faces": {
				"north": {"uv": [8, 1, 9.125, 1.75], "texture": "#3"},
				"east": {"uv": [9.5, 3, 10.25, 3.75], "texture": "#3"},
				"south": {"uv": [2, 8, 3.125, 8.75], "texture": "#3"},
				"west": {"uv": [9.5, 4, 10.25, 4.75], "texture": "#3"},
				"up": {"uv": [4.625, 8.75, 3.5, 8], "texture": "#3"},
				"down": {"uv": [9.125, 6, 8, 6.75], "texture": "#3"}
			}
		},
		{
			"from": [-1, 23.9, 0.5],
			"to": [1.75, 24.9, 1.5],
			"rotation": {"angle": 0, "axis": "z", "origin": [-2, 25.4, 1]},
			"faces": {
				"north": {"uv": [7, 9, 8.375, 9.5], "texture": "#3"},
				"east": {"uv": [6.5, 10, 7, 10.5], "texture": "#3"},
				"south": {"uv": [9, 7, 10.375, 7.5], "texture": "#3"},
				"west": {"uv": [7, 10, 7.5, 10.5], "texture": "#3"},
				"up": {"uv": [10.375, 8, 9, 7.5], "texture": "#3"},
				"down": {"uv": [10.375, 8, 9, 8.5], "texture": "#3"}
			}
		},
		{
			"from": [1.75, 23.8, 0.4],
			"to": [4.95, 25, 1.6],
			"rotation": {"angle": 0, "axis": "z", "origin": [-2, 25.4, 1]},
			"faces": {
				"north": {"uv": [7, 7, 8.625, 7.625], "texture": "#3"},
				"east": {"uv": [10, 0, 10.625, 0.625], "texture": "#3"},
				"south": {"uv": [7.5, 2, 9.125, 2.625], "texture": "#3"},
				"west": {"uv": [1, 10, 1.625, 10.625], "texture": "#3"},
				"up": {"uv": [9.125, 3.625, 7.5, 3], "texture": "#3"},
				"down": {"uv": [9.125, 4, 7.5, 4.625], "texture": "#3"}
			}
		},
		{
			"from": [5, 23.65, -2],
			"to": [6, 25.15, 4],
			"rotation": {"angle": 0, "axis": "z", "origin": [-2, 25.4, 1]},
			"faces": {
				"north": {"uv": [8, 9.5, 8.5, 10.25], "texture": "#3"},
				"east": {"uv": [0, 7, 3, 7.75], "texture": "#3"},
				"south": {"uv": [2, 10, 2.5, 10.75], "texture": "#3"},
				"west": {"uv": [3, 7, 6, 7.75], "texture": "#3"},
				"up": {"uv": [6.5, 10, 6, 7], "texture": "#3"},
				"down": {"uv": [7, 7, 6.5, 10], "texture": "#3"}
			}
		},
		{
			"from": [6, 23.9, 0],
			"to": [22, 24.9, 2],
			"rotation": {"angle": 0, "axis": "z", "origin": [-2, 25.4, 1]},
			"faces": {
				"north": {"uv": [0, 6, 8, 6.5], "texture": "#3"},
				"east": {"uv": [9, 8.5, 10, 9], "texture": "#3"},
				"south": {"uv": [0, 6.5, 8, 7], "texture": "#3"},
				"west": {"uv": [7, 9.5, 8, 10], "texture": "#3"},
				"up": {"uv": [8, 1, 0, 0], "texture": "#3"},
				"down": {"uv": [8, 1, 0, 2], "texture": "#3"}
			}
		},
		{
			"from": [6, 23.8, 0.25],
			"to": [20.75, 25, 1.75],
			"rotation": {"angle": 0, "axis": "z", "origin": [-2, 25.4, 1]},
			"faces": {
				"north": {"uv": [0, 4, 7.375, 4.625], "texture": "#3"},
				"east": {"uv": [9.5, 9, 10.25, 9.625], "texture": "#3"},
				"south": {"uv": [0, 5, 7.375, 5.625], "texture": "#3"},
				"west": {"uv": [0, 10, 0.75, 10.625], "texture": "#3"},
				"up": {"uv": [7.375, 2.75, 0, 2], "texture": "#3"},
				"down": {"uv": [7.375, 3, 0, 3.75], "texture": "#3"}
			}
		},
		{
			"from": [21, 23.9, 1],
			"to": [22.5, 24.9, 2.4],
			"rotation": {"angle": 45, "axis": "y", "origin": [21, 23.4, 1]},
			"faces": {
				"north": {"uv": [2.5, 10, 3.25, 10.5], "texture": "#3"},
				"east": {"uv": [3.5, 10, 4.25, 10.5], "texture": "#3"},
				"south": {"uv": [4.5, 10, 5.25, 10.5], "texture": "#3"},
				"west": {"uv": [5.5, 10, 6.25, 10.5], "texture": "#3"},
				"up": {"uv": [10.25, 5.75, 9.5, 5], "texture": "#3"},
				"down": {"uv": [10.25, 6, 9.5, 6.75], "texture": "#3"}
			}
		}
	],
	"display": {
		"gui": {
			"rotation": [0, 0, -44.5],
			"translation": [-4.5, -4, 0]
		},
		"head": {
			"translation": [0, -32.75, 0],
			"scale": [2, 2, 2]
		},
		"fixed": {
			"rotation": [-90, 0, 0],
			"translation": [0, 0, -25.5],
			"scale": [4, 4, 4]
		}
	},
	"groups": [
		{
			"name": "head",
			"origin": [0, 0, 0],
			"color": 0,
			"children": [0]
		},
		{
			"name": "armL",
			"origin": [4.5, 12, 7],
			"color": 0,
			"children": [1]
		},
		{
			"name": "armR",
			"origin": [4.5, 12, 7],
			"color": 0,
			"children": [2]
		},
		{
			"name": "bodey",
			"origin": [4.5, 12, 7],
			"color": 0,
			"children": [3]
		},
		{
			"name": "legsR",
			"origin": [10, 0, 7],
			"color": 0,
			"children": [4, 5]
		},
		{
			"name": "legsL",
			"origin": [5, 0, 7],
			"color": 0,
			"children": [6, 7]
		},
		{
			"name": "sword",
			"origin": [7, 11, 9.7],
			"color": 0,
			"children": []
		},
		8,
		9,
		10,
		11,
		12,
		13,
		14,
		15,
		16,
		17
	]
}