{
	"credit": "Made with Blockbench",
	"texture_size": [64, 64],
	"textures": {
		"0": "template:item/chronicalofweastlet",
		"particle": "template:item/chronicalofweastlet"
	},
	"elements": [
		{
			"from": [9, 0, 1],
			"to": [9.5, 9.75, 15],
			"rotation": {"angle": -45, "axis": "z", "origin": [9, 0, 6]},
			"faces": {
				"north": {"uv": [6.5, 8, 6.625, 10.4375], "texture": "#0"},
				"east": {"uv": [0, 5.5, 3.5, 7.9375], "texture": "#0"},
				"south": {"uv": [6.75, 8, 6.875, 10.4375], "texture": "#0"},
				"west": {"uv": [3.5, 5.5, 7, 7.9375], "texture": "#0"},
				"up": {"uv": [2.125, 11.5, 2, 8], "texture": "#0"},
				"down": {"uv": [2.375, 8, 2.25, 11.5], "texture": "#0"}
			}
		},
		{
			"from": [6.5, 0, 1],
			"to": [7, 9.75, 15],
			"rotation": {"angle": 45, "axis": "z", "origin": [7, 0, 7]},
			"faces": {
				"north": {"uv": [3, 8.5, 3.125, 10.9375], "texture": "#0"},
				"east": {"uv": [7, 0, 10.5, 2.4375], "texture": "#0"},
				"south": {"uv": [3.25, 8.5, 3.375, 10.9375], "texture": "#0"},
				"west": {"uv": [7, 2.5, 10.5, 4.9375], "texture": "#0"},
				"up": {"uv": [2.625, 11.5, 2.5, 8], "texture": "#0"},
				"down": {"uv": [2.875, 8, 2.75, 11.5], "texture": "#0"}
			}
		},
		{
			"from": [6.55, -0.5, 1.25],
			"to": [9.45, 0, 15],
			"rotation": {"angle": 0, "axis": "y", "origin": [7, -1, 7]},
			"faces": {
				"north": {"uv": [3.5, 8.5, 4.21875, 8.625], "texture": "#0"},
				"east": {"uv": [3, 8, 6.4375, 8.125], "texture": "#0"},
				"south": {"uv": [4.25, 8.5, 4.96875, 8.625], "texture": "#0"},
				"west": {"uv": [3, 8.25, 6.4375, 8.375], "texture": "#0"},
				"up": {"uv": [7.71875, 8.4375, 7, 5], "texture": "#0"},
				"down": {"uv": [8.46875, 5, 7.75, 8.4375], "texture": "#0"}
			}
		},
		{
			"from": [8, -0.7, 1.35],
			"to": [9, 9.5, 14.95],
			"rotation": {"angle": -45, "axis": "z", "origin": [9, 0, 6]},
			"faces": {
				"north": {"uv": [1, 8, 1.25, 10.5625], "texture": "#0"},
				"east": {"uv": [3.5, 0, 6.90625, 2.5625], "texture": "#0"},
				"south": {"uv": [1.25, 8, 1.5, 10.5625], "texture": "#0"},
				"west": {"uv": [3.5, 2.75, 6.90625, 5.3125], "texture": "#0"},
				"up": {"uv": [0.25, 11.40625, 0, 8], "texture": "#0"},
				"down": {"uv": [0.5, 8, 0.25, 11.40625], "texture": "#0"}
			}
		},
		{
			"from": [6.7, -1.5, 1.35],
			"to": [7.6, 8.9, 14.95],
			"rotation": {"angle": 45, "axis": "z", "origin": [6, 0, 6]},
			"faces": {
				"north": {"uv": [1.5, 8, 1.71875, 10.59375], "texture": "#0"},
				"east": {"uv": [0, 0, 3.40625, 2.59375], "texture": "#0"},
				"south": {"uv": [1.75, 8, 1.96875, 10.59375], "texture": "#0"},
				"west": {"uv": [0, 2.75, 3.40625, 5.34375], "texture": "#0"},
				"up": {"uv": [0.71875, 11.40625, 0.5, 8], "texture": "#0"},
				"down": {"uv": [0.96875, 8, 0.75, 11.40625], "texture": "#0"}
			}
		}
	],
	"display": {
		"thirdperson_righthand": {
			"rotation": [89.16, 11.11, 25.87],
			"translation": [-2.25, 3.75, 6.25],
			"scale": [0.7, 0.7, 0.7]
		},
		"thirdperson_lefthand": {
			"rotation": [122.31, 2.97, 5],
			"translation": [-6.25, 4.75, 11.75],
			"scale": [0.7, 0.7, 0.7]
		},
		"firstperson_righthand": {
			"rotation": [48.53, -1.71, 11.86],
			"translation": [-5.25, 7, 0],
			"scale": [0.7, 0.7, 0.7]
		},
		"firstperson_lefthand": {
			"rotation": [69, 0, 0],
			"translation": [-2, 4.75, -9.25],
			"scale": [0.7, 0.7, 0.7]
		},
		"ground": {
			"rotation": [-55.27, 25.36, -41.45],
			"translation": [0, 8.25, 0]
		},
		"gui": {
			"rotation": [88.98, 26.63, -126.28],
			"translation": [1.75, 0.5, -6.75]
		},
		"head": {
			"translation": [0, 15.25, 0]
		},
		"fixed": {
			"rotation": [-61.25, 0, 0],
			"translation": [0, 0, -15],
			"scale": [1.7, 1.7, 1.7]
		}
	}
}