{
	"credit": "Made with Blockbench",
	"textures": {
		"0": "item/stone",
		"particle": "item/stone"
	},
	"elements": [
		{
			"name": "iner",
			"from": [4.6, 20.8, 1.8],
			"to": [12.3, 28.7, 9.5],
			"rotation": {"angle": 0, "axis": "x", "origin": [9, 21, 5]},
			"faces": {
				"north": {"uv": [0, 0, 16, 16], "texture": "#0"},
				"east": {"uv": [0, 0, 16, 16], "texture": "#0"},
				"south": {"uv": [0, 0, 16, 16], "texture": "#0"},
				"west": {"uv": [0, 0, 16, 16], "texture": "#0"},
				"up": {"uv": [0, 0, 16, 16], "texture": "#0"},
				"down": {"uv": [16, 0, 0, 16], "texture": "#0"}
			}
		},
		{
			"from": [13.5, -0.9, 1.7],
			"to": [15.5, 10.5, 3.7],
			"rotation": {"angle": 0, "axis": "z", "origin": [14.5, -1, 6.7]},
			"faces": {
				"north": {"uv": [7, 0, 9, 16], "texture": "#0"},
				"east": {"uv": [0, 0, 2, 16], "texture": "#0"},
				"south": {"uv": [9, 0, 11, 16], "texture": "#0"},
				"west": {"uv": [2, 0, 5, 16], "texture": "#0"},
				"up": {"uv": [2, 16, 1, 14], "texture": "#0"},
				"down": {"uv": [13, 4, 11, 6], "texture": "#0"}
			}
		},
		{
			"name": "iner",
			"from": [12.3, 9.3, 4],
			"to": [16.5, 21.1, 8.8],
			"rotation": {"angle": 22.5, "axis": "x", "origin": [11, 19, 6]},
			"faces": {
				"north": {"uv": [0, 0, 8, 16], "texture": "#0"},
				"east": {"uv": [0, 0, 8, 16], "texture": "#0"},
				"south": {"uv": [0.075, 0, 7.975, 16], "texture": "#0"},
				"west": {"uv": [0, 0, 8, 16], "texture": "#0"},
				"up": {"uv": [0, 0, 4, 4], "texture": "#0"},
				"down": {"uv": [0, 0, 3.975, 4], "texture": "#0"}
			}
		},
		{
			"name": "iner",
			"from": [0.5, 9.3, 5],
			"to": [4.7, 21.1, 9.8],
			"rotation": {"angle": 0, "axis": "x", "origin": [6.2, 19, 7]},
			"faces": {
				"north": {"uv": [0, 0, 8, 16], "texture": "#0"},
				"east": {"uv": [0, 0, 8, 16], "texture": "#0"},
				"south": {"uv": [0.075, 0, 7.975, 16], "texture": "#0"},
				"west": {"uv": [0, 0, 8, 16], "texture": "#0"},
				"up": {"uv": [0, 0, 4, 4], "texture": "#0"},
				"down": {"uv": [0, 0, 3.975, 4], "texture": "#0"}
			}
		},
		{
			"name": "iner",
			"from": [4.75, 11.25, 12.75],
			"to": [12.25, 22.75, 17.25],
			"rotation": {"angle": -22.5, "axis": "x", "origin": [9, -1, 12]},
			"faces": {
				"north": {"uv": [0, 0, 16, 16], "texture": "#0"},
				"east": {"uv": [0, 0, 8, 16], "texture": "#0"},
				"south": {"uv": [0, 0, 16, 16], "texture": "#0"},
				"west": {"uv": [0, 0, 8, 16], "texture": "#0"},
				"up": {"uv": [5, 4, 7, 5], "texture": "#0"},
				"down": {"uv": [7, 4, 9, 5], "rotation": 270, "texture": "#0"}
			}
		},
		{
			"name": "iner",
			"from": [8.35, -1, 7.8],
			"to": [12.35, 11.3, 12.2],
			"rotation": {"angle": 0, "axis": "y", "origin": [9, -1, 7]},
			"faces": {
				"north": {"uv": [0, 0, 8, 16], "texture": "#0"},
				"east": {"uv": [0, 0, 8, 16], "texture": "#0"},
				"south": {"uv": [0, 0, 8, 16], "texture": "#0"},
				"west": {"uv": [0, 0, 8, 16], "texture": "#0"},
				"up": {"uv": [1, 4, 2, 5], "texture": "#0"},
				"down": {"uv": [0, 0, 8, 16], "texture": "#0"}
			}
		},
		{
			"name": "iner",
			"from": [4.65, 5, 7.75],
			"to": [8.45, 11.2, 12.25],
			"rotation": {"angle": 0, "axis": "x", "origin": [9, 6, 21]},
			"faces": {
				"north": {"uv": [0, 0, 7, 9], "texture": "#0"},
				"east": {"uv": [0, 0, 7, 9], "texture": "#0"},
				"south": {"uv": [0, 0, 7, 9], "texture": "#0"},
				"west": {"uv": [0, 0, 7, 9], "texture": "#0"},
				"up": {"uv": [0, 0, 4, 4], "texture": "#0"},
				"down": {"uv": [0, 0, 4, 4], "texture": "#0"}
			}
		},
		{
			"name": "iner",
			"from": [5.15, 4, 8.25],
			"to": [8.2, 5, 11.75],
			"rotation": {"angle": 0, "axis": "y", "origin": [9, -1, 14.6]},
			"faces": {
				"north": {"uv": [0, 0, 7, 1], "texture": "#0"},
				"east": {"uv": [0, 0, 7, 1], "texture": "#0"},
				"south": {"uv": [0, 0, 7, 1], "texture": "#0"},
				"west": {"uv": [0, 0, 7, 1], "texture": "#0"},
				"up": {"uv": [0, 0, 4, 4], "texture": "#0"},
				"down": {"uv": [0, 0, 4, 4], "texture": "#0"}
			}
		},
		{
			"name": "iner",
			"from": [5.9, -1, 9],
			"to": [7.7, 4, 11],
			"rotation": {"angle": 0, "axis": "y", "origin": [9.25, -2, 14.6]},
			"faces": {
				"north": {"uv": [0, 0, 7, 16], "texture": "#0"},
				"east": {"uv": [0, 0, 7, 16], "texture": "#0"},
				"south": {"uv": [0, 0, 7, 16], "texture": "#0"},
				"west": {"uv": [0, 0, 7, 16], "texture": "#0"},
				"up": {"uv": [0, 0, 4, 4], "texture": "#0"},
				"down": {"uv": [0, 0, 4, 4], "texture": "#0"}
			}
		}
	],
	"display": {
		"thirdperson_righthand": {
			"rotation": [75, 45, 0],
			"translation": [0, 2.5, 0],
			"scale": [0.375, 0.375, 0.375]
		},
		"thirdperson_lefthand": {
			"rotation": [75, 45, 0],
			"translation": [0, 2.5, 0],
			"scale": [0.375, 0.375, 0.375]
		},
		"firstperson_righthand": {
			"rotation": [0, 45, 0],
			"scale": [0.4, 0.4, 0.4]
		},
		"firstperson_lefthand": {
			"rotation": [0, 225, 0],
			"scale": [0.4, 0.4, 0.4]
		},
		"ground": {
			"translation": [0, 3, 0],
			"scale": [0.25, 0.25, 0.25]
		},
		"gui": {
			"rotation": [30, 225, 0],
			"scale": [0.625, 0.625, 0.625]
		},
		"head": {
			"translation": [0, -27, -2],
			"scale": [2, 2, 2]
		},
		"fixed": {
			"rotation": [-90, 0, 0],
			"translation": [0, -0.4, -22.75],
			"scale": [2.5, 2.5, 2.5]
		}
	}
}