{
	"credit": "Made with Blockbench",
	"texture_size": [32, 32],
	"textures": {
		"1": "item/sop",
		"particle": "item/sop"
	},
	"elements": [
		{
			"from": [7.1, 0, 7.1],
			"to": [8.9, 2, 8.9],
			"rotation": {"angle": 0, "axis": "y", "origin": [7, 0, 9]},
			"faces": {
				"north": {"uv": [7, 1, 8, 2], "texture": "#1"},
				"east": {"uv": [7, 2, 8, 3], "texture": "#1"},
				"south": {"uv": [7, 3, 8, 4], "texture": "#1"},
				"west": {"uv": [7, 0, 8, 1], "texture": "#1"},
				"up": {"uv": [8, 5, 7, 4], "rotation": 270, "texture": "#1"},
				"down": {"uv": [8, 5, 7, 6], "rotation": 90, "texture": "#1"}
			}
		},
		{
			"from": [7.25, 0.25, 6.95],
			"to": [8.75, 1.75, 9.05],
			"rotation": {"angle": 0, "axis": "y", "origin": [8, 0, 8]},
			"faces": {
				"north": {"uv": [3, 8.5, 3.75, 9.25], "texture": "#1"},
				"east": {"uv": [7, 7, 8, 7.75], "texture": "#1"},
				"south": {"uv": [8.5, 4, 9.25, 4.75], "texture": "#1"},
				"west": {"uv": [6, 7, 7, 7.75], "texture": "#1"},
				"up": {"uv": [3, 8.25, 2, 7.5], "rotation": 270, "texture": "#1"},
				"down": {"uv": [4, 7.5, 3, 8.25], "rotation": 90, "texture": "#1"}
			}
		},
		{
			"from": [7.35, -0.05, 7.35],
			"to": [8.85, 2.15, 8.85],
			"rotation": {"angle": 0, "axis": "y", "origin": [8.1, 1, 8]},
			"faces": {
				"north": {"uv": [8, 2, 8.75, 3], "texture": "#1"},
				"east": {"uv": [8, 3, 8.75, 4], "texture": "#1"},
				"south": {"uv": [4, 8, 4.75, 9], "texture": "#1"},
				"west": {"uv": [8, 1, 8.75, 2], "texture": "#1"},
				"up": {"uv": [9.25, 7.75, 8.5, 7], "rotation": 270, "texture": "#1"},
				"down": {"uv": [8.75, 8.5, 8, 9.25], "rotation": 90, "texture": "#1"}
			}
		},
		{
			"from": [6.95, 0.25, 7.25],
			"to": [9.05, 1.75, 8.75],
			"rotation": {"angle": 0, "axis": "y", "origin": [8, 0, 8]},
			"faces": {
				"north": {"uv": [5, 7.5, 6, 8.25], "texture": "#1"},
				"east": {"uv": [8.5, 5, 9.25, 5.75], "texture": "#1"},
				"south": {"uv": [0, 8, 1, 8.75], "texture": "#1"},
				"west": {"uv": [5, 8.5, 5.75, 9.25], "texture": "#1"},
				"up": {"uv": [8.75, 1, 8, 0], "rotation": 270, "texture": "#1"},
				"down": {"uv": [1.75, 8, 1, 9], "rotation": 90, "texture": "#1"}
			}
		},
		{
			"from": [7.5, 2, 7.5],
			"to": [8.5, 4.75, 8.5],
			"rotation": {"angle": 0, "axis": "y", "origin": [7, -1, 9]},
			"faces": {
				"north": {"uv": [6, 8, 6.5, 9.5], "texture": "#1"},
				"east": {"uv": [6.5, 8, 7, 9.5], "texture": "#1"},
				"south": {"uv": [7, 8, 7.5, 9.5], "texture": "#1"},
				"west": {"uv": [8, 4, 8.5, 5.5], "texture": "#1"},
				"up": {"uv": [8.5, 6, 8, 5.5], "rotation": 270, "texture": "#1"},
				"down": {"uv": [5.5, 9.5, 5, 10], "rotation": 90, "texture": "#1"}
			}
		},
		{
			"from": [7.4, 4.75, 7.4],
			"to": [8.6, 7.95, 8.6],
			"rotation": {"angle": 0, "axis": "y", "origin": [7, 3, 9]},
			"faces": {
				"north": {"uv": [7.5, 8, 8, 9.5], "texture": "#1"},
				"east": {"uv": [2, 8.5, 2.5, 10], "texture": "#1"},
				"south": {"uv": [2.5, 8.5, 3, 10], "texture": "#1"},
				"west": {"uv": [8, 7, 8.5, 8.5], "texture": "#1"},
				"up": {"uv": [6, 10, 5.5, 9.5], "rotation": 270, "texture": "#1"},
				"down": {"uv": [10, 5.5, 9.5, 6], "rotation": 90, "texture": "#1"}
			}
		},
		{
			"from": [5.1, 7.9, 7.25],
			"to": [11.1, 8.9, 8.75],
			"rotation": {"angle": 0, "axis": "y", "origin": [8.1, 7.9, 8]},
			"faces": {
				"north": {"uv": [6, 6, 9, 6.5], "texture": "#1"},
				"east": {"uv": [0.5, 9, 1.25, 9.5], "texture": "#1"},
				"south": {"uv": [6, 6.5, 9, 7], "texture": "#1"},
				"west": {"uv": [8.5, 8, 9.25, 8.5], "texture": "#1"},
				"up": {"uv": [6.75, 3, 6, 0], "rotation": 270, "texture": "#1"},
				"down": {"uv": [6.75, 3, 6, 6], "rotation": 90, "texture": "#1"}
			}
		},
		{
			"from": [3.7, 7.9, 7.55],
			"to": [5.1, 8.9, 8.55],
			"rotation": {"angle": -45, "axis": "z", "origin": [5.1, 7.9, 8.05]},
			"faces": {
				"north": {"uv": [9, 1, 9.75, 1.5], "texture": "#1"},
				"east": {"uv": [9.5, 6, 10, 6.5], "texture": "#1"},
				"south": {"uv": [9, 1.5, 9.75, 2], "texture": "#1"},
				"west": {"uv": [6, 9.5, 6.5, 10], "texture": "#1"},
				"up": {"uv": [2, 9.75, 1.5, 9], "rotation": 270, "texture": "#1"},
				"down": {"uv": [9.5, 2, 9, 2.75], "rotation": 90, "texture": "#1"}
			}
		},
		{
			"from": [7.1, 8.9, 7.4],
			"to": [9.1, 24.9, 8.5],
			"rotation": {"angle": 0, "axis": "y", "origin": [7.1, 8.9, 9.5]},
			"faces": {
				"north": {"uv": [0, 0, 1, 8], "texture": "#1"},
				"east": {"uv": [4.5, 0, 5, 8], "texture": "#1"},
				"south": {"uv": [1, 0, 2, 8], "texture": "#1"},
				"west": {"uv": [4, 0, 4.5, 8], "texture": "#1"},
				"up": {"uv": [0.5, 10, 0, 9], "rotation": 270, "texture": "#1"},
				"down": {"uv": [9.5, 0, 9, 1], "rotation": 90, "texture": "#1"}
			}
		},
		{
			"from": [10.1, 8.6, 7.55],
			"to": [11.1, 10, 8.55],
			"rotation": {"angle": -45, "axis": "z", "origin": [10.1, 8.6, 8.05]},
			"faces": {
				"north": {"uv": [4, 9, 4.5, 9.75], "texture": "#1"},
				"east": {"uv": [4.5, 9, 5, 9.75], "texture": "#1"},
				"south": {"uv": [9, 6, 9.5, 6.75], "texture": "#1"},
				"west": {"uv": [9, 3, 9.5, 3.75], "texture": "#1"},
				"up": {"uv": [7, 10, 6.5, 9.5], "rotation": 270, "texture": "#1"},
				"down": {"uv": [10, 6.5, 9.5, 7], "rotation": 90, "texture": "#1"}
			}
		},
		{
			"from": [7.3, 24.7, 7.4],
			"to": [8.7, 26.1, 8.4],
			"rotation": {"angle": -45, "axis": "z", "origin": [7.4, 25.1, 9.4]},
			"faces": {
				"north": {"uv": [9.5, 3.5, 10.25, 4], "texture": "#1"},
				"east": {"uv": [9.5, 7.5, 10, 8], "texture": "#1"},
				"south": {"uv": [9.5, 4, 10.25, 4.5], "texture": "#1"},
				"west": {"uv": [7.5, 9.5, 8, 10], "texture": "#1"},
				"up": {"uv": [4, 10.25, 3.5, 9.5], "rotation": 270, "texture": "#1"},
				"down": {"uv": [10, 4.5, 9.5, 5.25], "rotation": 90, "texture": "#1"}
			}
		},
		{
			"from": [7.625, 23.7, 7.2],
			"to": [8.725, 24.8, 8.6],
			"rotation": {"angle": -45, "axis": "z", "origin": [7.425, 24.2, 9.4]},
			"faces": {
				"north": {"uv": [9.5, 3.5, 10.25, 4], "texture": "#1"},
				"east": {"uv": [9.5, 7.5, 10, 8], "texture": "#1"},
				"south": {"uv": [9.5, 4, 10.25, 4.5], "texture": "#1"},
				"west": {"uv": [7.5, 9.5, 8, 10], "texture": "#1"},
				"up": {"uv": [4, 10.25, 3.5, 9.5], "rotation": 270, "texture": "#1"},
				"down": {"uv": [10, 4.5, 9.5, 5.25], "rotation": 90, "texture": "#1"}
			}
		},
		{
			"from": [7.25, 9, 7.2],
			"to": [8.75, 23.75, 8.6],
			"rotation": {"angle": 0, "axis": "y", "origin": [7, 9, 9.5]},
			"faces": {
				"north": {"uv": [2, 0, 2.75, 7.5], "texture": "#1"},
				"east": {"uv": [5.5, 0, 6, 7.5], "texture": "#1"},
				"south": {"uv": [3, 0, 3.75, 7.5], "texture": "#1"},
				"west": {"uv": [5, 0, 5.5, 7.5], "texture": "#1"},
				"up": {"uv": [9.5, 9.25, 9, 8.5], "rotation": 270, "texture": "#1"},
				"down": {"uv": [10, 0, 9.5, 0.75], "rotation": 90, "texture": "#1"}
			}
		}
	],
	"display": {
		"thirdperson_righthand": {
			"rotation": [5, -90, 0],
			"translation": [0, 0.75, 2],
			"scale": [0.85, 0.85, 0.85]
		},
		"thirdperson_lefthand": {
			"rotation": [5, -90, 0],
			"translation": [0, 0.75, 2]
		},
		"firstperson_righthand": {
			"rotation": [0, -90, 25],
			"translation": [1.13, 1.7, 1.13],
			"scale": [0.68, 0.68, 0.68]
		},
		"firstperson_lefthand": {
			"rotation": [0, 90, -25],
			"translation": [1.13, 1.7, 1.13],
			"scale": [0.68, 0.68, 0.68]
		},
		"ground": {
			"translation": [0, 2, 0],
			"scale": [0.5, 0.5, 0.5]
		},
		"gui": {
			"rotation": [0, 0, -47.25],
			"translation": [-2.5, -3, 0],
			"scale": [0.8, 0.8, 0.8]
		},
		"head": {
			"rotation": [0, 0, -180],
			"translation": [0, 19.85, 0],
			"scale": [1.6, 1.6, 1.6]
		},
		"fixed": {
			"rotation": [1, 0, 0],
			"translation": [0, -8, -1.75],
			"scale": [2, 2, 2]
		}
	}
}