{
	"credit": "Made with Blockbench",
	"texture_size": [32, 32],
	"textures": {
		"0": "template:item/new_gstaff",
		"particle": "template:item/new_gstaff"
	},
	"elements": [
		{
			"from": [7, 4, 7],
			"to": [9, 23, 9],
			"rotation": {"angle": 0, "axis": "y", "origin": [7, 0, 7]},
			"faces": {
				"north": {"uv": [0, 0, 1, 9.5], "texture": "#0"},
				"east": {"uv": [1, 0, 2, 9.5], "texture": "#0"},
				"south": {"uv": [2, 0, 3, 9.5], "texture": "#0"},
				"west": {"uv": [3, 0, 4, 9.5], "texture": "#0"},
				"up": {"uv": [4, 10.5, 3, 9.5], "texture": "#0"},
				"down": {"uv": [11, 0, 10, 1], "texture": "#0"}
			}
		},
		{
			"from": [6, 22.9, 6],
			"to": [10, 23.8, 10],
			"rotation": {"angle": 0, "axis": "y", "origin": [9, 22.8, 8]},
			"faces": {
				"north": {"uv": [10.5, 5, 12.5, 5.4375], "texture": "#0"},
				"east": {"uv": [10.5, 5.5, 12.5, 5.9375], "texture": "#0"},
				"south": {"uv": [6, 10.5, 8, 10.9375], "texture": "#0"},
				"west": {"uv": [10.5, 6, 12.5, 6.4375], "texture": "#0"},
				"up": {"uv": [6, 6, 4, 4], "texture": "#0"},
				"down": {"uv": [8, 0, 6, 2], "texture": "#0"}
			}
		},
		{
			"from": [6.25, 21.2, 6.25],
			"to": [9.75, 21.5, 9.75],
			"rotation": {"angle": 0, "axis": "y", "origin": [9, 22.5, 8]},
			"faces": {
				"north": {"uv": [13, 1, 14.75, 1.125], "texture": "#0"},
				"east": {"uv": [13, 1.5, 14.75, 1.625], "texture": "#0"},
				"south": {"uv": [13, 2, 14.75, 2.125], "texture": "#0"},
				"west": {"uv": [13, 3, 14.75, 3.125], "texture": "#0"},
				"up": {"uv": [7.75, 5.75, 6, 4], "texture": "#0"},
				"down": {"uv": [7.75, 6, 6, 7.75], "texture": "#0"}
			}
		},
		{
			"from": [6.75, 20.2, 6.75],
			"to": [9.25, 20.5, 9.25],
			"rotation": {"angle": 0, "axis": "y", "origin": [9, 22.5, 8]},
			"faces": {
				"north": {"uv": [1.5, 13.5, 2.75, 13.625], "texture": "#0"},
				"east": {"uv": [13.5, 2.5, 14.75, 2.625], "texture": "#0"},
				"south": {"uv": [3, 13.5, 4.25, 13.625], "texture": "#0"},
				"west": {"uv": [13.5, 3.5, 14.75, 3.625], "texture": "#0"},
				"up": {"uv": [10.25, 9.25, 9, 8], "texture": "#0"},
				"down": {"uv": [1.25, 9.5, 0, 10.75], "texture": "#0"}
			}
		},
		{
			"from": [6, 5, 6],
			"to": [10, 7, 10],
			"rotation": {"angle": 0, "axis": "y", "origin": [7, 5, 7]},
			"faces": {
				"north": {"uv": [8, 0, 10, 1], "texture": "#0"},
				"east": {"uv": [8, 1, 10, 2], "texture": "#0"},
				"south": {"uv": [8, 2, 10, 3], "texture": "#0"},
				"west": {"uv": [8, 3, 10, 4], "texture": "#0"},
				"up": {"uv": [6, 2, 4, 0], "texture": "#0"},
				"down": {"uv": [6, 2, 4, 4], "texture": "#0"}
			}
		},
		{
			"from": [6.75, 8, 6.75],
			"to": [9.25, 9, 9.25],
			"rotation": {"angle": 0, "axis": "y", "origin": [7, 7, 7]},
			"faces": {
				"north": {"uv": [10.5, 8.5, 11.75, 9], "texture": "#0"},
				"east": {"uv": [10.5, 9, 11.75, 9.5], "texture": "#0"},
				"south": {"uv": [10.5, 9.5, 11.75, 10], "texture": "#0"},
				"west": {"uv": [10.5, 10, 11.75, 10.5], "texture": "#0"},
				"up": {"uv": [7.25, 10.25, 6, 9], "texture": "#0"},
				"down": {"uv": [8.75, 9, 7.5, 10.25], "texture": "#0"}
			}
		},
		{
			"from": [6.25, 7, 6.25],
			"to": [9.75, 8, 9.75],
			"rotation": {"angle": 0, "axis": "y", "origin": [7, 6, 7]},
			"faces": {
				"north": {"uv": [10, 3, 11.75, 3.5], "texture": "#0"},
				"east": {"uv": [10, 3.5, 11.75, 4], "texture": "#0"},
				"south": {"uv": [10.5, 4, 12.25, 4.5], "texture": "#0"},
				"west": {"uv": [10.5, 4.5, 12.25, 5], "texture": "#0"},
				"up": {"uv": [7.75, 3.75, 6, 2], "texture": "#0"},
				"down": {"uv": [5.75, 6, 4, 7.75], "texture": "#0"}
			}
		},
		{
			"from": [7.25, 3, 7.25],
			"to": [8.75, 4, 8.75],
			"rotation": {"angle": 0, "axis": "y", "origin": [7, 3, 7]},
			"faces": {
				"north": {"uv": [3, 12, 3.75, 12.5], "texture": "#0"},
				"east": {"uv": [12, 3, 12.75, 3.5], "texture": "#0"},
				"south": {"uv": [12, 3.5, 12.75, 4], "texture": "#0"},
				"west": {"uv": [4, 12, 4.75, 12.5], "texture": "#0"},
				"up": {"uv": [2.75, 11.75, 2, 11], "texture": "#0"},
				"down": {"uv": [9.75, 11, 9, 11.75], "texture": "#0"}
			}
		},
		{
			"from": [7.5, 2, 7.5],
			"to": [8.5, 3, 8.5],
			"rotation": {"angle": 0, "axis": "y", "origin": [7, 2, 7]},
			"faces": {
				"north": {"uv": [7.5, 11, 8, 11.5], "texture": "#0"},
				"east": {"uv": [6, 12.5, 6.5, 13], "texture": "#0"},
				"south": {"uv": [12.5, 7, 13, 7.5], "texture": "#0"},
				"west": {"uv": [9, 12.5, 9.5, 13], "texture": "#0"},
				"up": {"uv": [10, 13, 9.5, 12.5], "texture": "#0"},
				"down": {"uv": [13, 10.5, 12.5, 11], "texture": "#0"}
			}
		},
		{
			"from": [7.75, 1, 7.75],
			"to": [8.25, 2, 8.25],
			"rotation": {"angle": 0, "axis": "y", "origin": [7, 1, 7]},
			"faces": {
				"north": {"uv": [13.5, 6, 13.75, 6.5], "texture": "#0"},
				"east": {"uv": [6.5, 13.5, 6.75, 14], "texture": "#0"},
				"south": {"uv": [13.5, 6.5, 13.75, 7], "texture": "#0"},
				"west": {"uv": [7, 13.5, 7.25, 14], "texture": "#0"},
				"up": {"uv": [13.75, 11.25, 13.5, 11], "texture": "#0"},
				"down": {"uv": [11.75, 13.5, 11.5, 13.75], "texture": "#0"}
			}
		},
		{
			"from": [7.9, 0, 7.9],
			"to": [8.15, 1, 8.15],
			"rotation": {"angle": 0, "axis": "y", "origin": [6.9, 0, 6.9]},
			"faces": {
				"north": {"uv": [13.5, 11.5, 13.625, 12], "texture": "#0"},
				"east": {"uv": [12, 13.5, 12.125, 14], "texture": "#0"},
				"south": {"uv": [13.5, 12, 13.625, 12.5], "texture": "#0"},
				"west": {"uv": [12.5, 13.5, 12.625, 14], "texture": "#0"},
				"up": {"uv": [0.625, 14.125, 0.5, 14], "texture": "#0"},
				"down": {"uv": [14.125, 0.5, 14, 0.625], "texture": "#0"}
			}
		},
		{
			"from": [10, 22.8, 7.25],
			"to": [11, 24, 8.75],
			"rotation": {"angle": 0, "axis": "y", "origin": [8, 24, 8]},
			"faces": {
				"north": {"uv": [6.5, 12, 7, 12.625], "texture": "#0"},
				"east": {"uv": [11.5, 6.5, 12.25, 7.125], "texture": "#0"},
				"south": {"uv": [12, 10.5, 12.5, 11.125], "texture": "#0"},
				"west": {"uv": [7, 11.5, 7.75, 12.125], "texture": "#0"},
				"up": {"uv": [1.5, 12.75, 1, 12], "texture": "#0"},
				"down": {"uv": [5.5, 12, 5, 12.75], "texture": "#0"}
			}
		},
		{
			"from": [10.7, 23.5, 7.35],
			"to": [11.7, 24.7, 8.65],
			"rotation": {"angle": 0, "axis": "y", "origin": [8, 24, 8]},
			"faces": {
				"north": {"uv": [11, 12, 11.5, 12.625], "texture": "#0"},
				"east": {"uv": [0, 12, 0.625, 12.625], "texture": "#0"},
				"south": {"uv": [11.5, 12, 12, 12.625], "texture": "#0"},
				"west": {"uv": [2, 12, 2.625, 12.625], "texture": "#0"},
				"up": {"uv": [12.5, 12.125, 12, 11.5], "texture": "#0"},
				"down": {"uv": [2, 12.5, 1.5, 13.125], "texture": "#0"}
			}
		},
		{
			"from": [11.2, 24.2, 7.45],
			"to": [12.2, 25.4, 8.55],
			"rotation": {"angle": 0, "axis": "y", "origin": [8, 24, 8]},
			"faces": {
				"north": {"uv": [12.5, 1.5, 13, 2.125], "texture": "#0"},
				"east": {"uv": [12, 9.5, 12.5625, 10.125], "texture": "#0"},
				"south": {"uv": [3, 12.5, 3.5, 13.125], "texture": "#0"},
				"west": {"uv": [10, 12, 10.5625, 12.625], "texture": "#0"},
				"up": {"uv": [13, 4.5625, 12.5, 4], "texture": "#0"},
				"down": {"uv": [5, 12.5, 4.5, 13.0625], "texture": "#0"}
			}
		},
		{
			"from": [11.5, 25.2, 7.55],
			"to": [12.5, 26.4, 8.45],
			"rotation": {"angle": 0, "axis": "y", "origin": [8, 24, 8]},
			"faces": {
				"north": {"uv": [3.5, 12.5, 4, 13.125], "texture": "#0"},
				"east": {"uv": [12.5, 5, 12.9375, 5.625], "texture": "#0"},
				"south": {"uv": [4, 12.5, 4.5, 13.125], "texture": "#0"},
				"west": {"uv": [5.5, 12.5, 5.9375, 13.125], "texture": "#0"},
				"up": {"uv": [2.5, 13.4375, 2, 13], "texture": "#0"},
				"down": {"uv": [3, 13, 2.5, 13.4375], "texture": "#0"}
			}
		},
		{
			"from": [11.5, 24.5, 7.55],
			"to": [12.4, 25.2, 8.45],
			"rotation": {"angle": 0, "axis": "y", "origin": [8, 24, 8]},
			"faces": {
				"north": {"uv": [8.5, 13, 8.9375, 13.375], "texture": "#0"},
				"east": {"uv": [13, 8.5, 13.4375, 8.875], "texture": "#0"},
				"south": {"uv": [9, 13, 9.4375, 13.375], "texture": "#0"},
				"west": {"uv": [13, 9, 13.4375, 9.375], "texture": "#0"},
				"up": {"uv": [13.4375, 3.9375, 13, 3.5], "texture": "#0"},
				"down": {"uv": [13.4375, 4, 13, 4.4375], "texture": "#0"}
			}
		},
		{
			"from": [10.9, 23.6, 7.55],
			"to": [11.8, 24.3, 8.45],
			"rotation": {"angle": 0, "axis": "y", "origin": [8, 24, 8]},
			"faces": {
				"north": {"uv": [9.5, 13, 9.9375, 13.375], "texture": "#0"},
				"east": {"uv": [13, 9.5, 13.4375, 9.875], "texture": "#0"},
				"south": {"uv": [10, 13, 10.4375, 13.375], "texture": "#0"},
				"west": {"uv": [13, 10, 13.4375, 10.375], "texture": "#0"},
				"up": {"uv": [13.4375, 4.9375, 13, 4.5], "texture": "#0"},
				"down": {"uv": [5.4375, 13, 5, 13.4375], "texture": "#0"}
			}
		},
		{
			"from": [10.5, 23.1, 7.55],
			"to": [11.4, 23.8, 8.45],
			"rotation": {"angle": 0, "axis": "y", "origin": [8, 24, 8]},
			"faces": {
				"north": {"uv": [10.5, 13, 10.9375, 13.375], "texture": "#0"},
				"east": {"uv": [13, 10.5, 13.4375, 10.875], "texture": "#0"},
				"south": {"uv": [11, 13, 11.4375, 13.375], "texture": "#0"},
				"west": {"uv": [13, 11, 13.4375, 11.375], "texture": "#0"},
				"up": {"uv": [13.4375, 5.4375, 13, 5], "texture": "#0"},
				"down": {"uv": [13.4375, 5.5, 13, 5.9375], "texture": "#0"}
			}
		},
		{
			"from": [10.4, 23.7, 7.55],
			"to": [11.3, 24.4, 8.45],
			"rotation": {"angle": 0, "axis": "y", "origin": [8, 24, 8]},
			"faces": {
				"north": {"uv": [11.5, 13, 11.9375, 13.375], "texture": "#0"},
				"east": {"uv": [13, 11.5, 13.4375, 11.875], "texture": "#0"},
				"south": {"uv": [12, 13, 12.4375, 13.375], "texture": "#0"},
				"west": {"uv": [13, 12, 13.4375, 12.375], "texture": "#0"},
				"up": {"uv": [6.4375, 13.4375, 6, 13], "texture": "#0"},
				"down": {"uv": [6.9375, 13, 6.5, 13.4375], "texture": "#0"}
			}
		},
		{
			"from": [10.9, 24.6, 7.55],
			"to": [11.8, 25.3, 8.45],
			"rotation": {"angle": 0, "axis": "y", "origin": [8, 24, 8]},
			"faces": {
				"north": {"uv": [12.5, 13, 12.9375, 13.375], "texture": "#0"},
				"east": {"uv": [13, 12.5, 13.4375, 12.875], "texture": "#0"},
				"south": {"uv": [13, 13, 13.4375, 13.375], "texture": "#0"},
				"west": {"uv": [0, 13.5, 0.4375, 13.875], "texture": "#0"},
				"up": {"uv": [7.4375, 13.4375, 7, 13], "texture": "#0"},
				"down": {"uv": [13.4375, 7, 13, 7.4375], "texture": "#0"}
			}
		},
		{
			"from": [11.2, 25.2, 7.65],
			"to": [12.1, 25.9, 8.35],
			"rotation": {"angle": 0, "axis": "y", "origin": [8, 24, 8]},
			"faces": {
				"north": {"uv": [13.5, 0, 13.9375, 0.375], "texture": "#0"},
				"east": {"uv": [13.5, 5.5, 13.875, 5.875], "texture": "#0"},
				"south": {"uv": [0.5, 13.5, 0.9375, 13.875], "texture": "#0"},
				"west": {"uv": [6, 13.5, 6.375, 13.875], "texture": "#0"},
				"up": {"uv": [13.9375, 0.875, 13.5, 0.5], "texture": "#0"},
				"down": {"uv": [1.4375, 13.5, 1, 13.875], "texture": "#0"}
			}
		},
		{
			"from": [11.85, 26.2, 7.8],
			"to": [12.25, 27.1, 8.2],
			"rotation": {"angle": 0, "axis": "y", "origin": [8, 24, 8]},
			"faces": {
				"north": {"uv": [13.5, 10, 13.6875, 10.4375], "texture": "#0"},
				"east": {"uv": [10.5, 13.5, 10.6875, 13.9375], "texture": "#0"},
				"south": {"uv": [13.5, 10.5, 13.6875, 10.9375], "texture": "#0"},
				"west": {"uv": [11, 13.5, 11.1875, 13.9375], "texture": "#0"},
				"up": {"uv": [0.1875, 14.1875, 0, 14], "texture": "#0"},
				"down": {"uv": [14.1875, 0, 14, 0.1875], "texture": "#0"}
			}
		},
		{
			"from": [11.75, 26.2, 7.7],
			"to": [12.35, 26.8, 8.3],
			"rotation": {"angle": 0, "axis": "y", "origin": [8, 24, 8]},
			"faces": {
				"north": {"uv": [13.5, 8.5, 13.8125, 8.8125], "texture": "#0"},
				"east": {"uv": [9, 13.5, 9.3125, 13.8125], "texture": "#0"},
				"south": {"uv": [13.5, 9, 13.8125, 9.3125], "texture": "#0"},
				"west": {"uv": [9.5, 13.5, 9.8125, 13.8125], "texture": "#0"},
				"up": {"uv": [13.8125, 9.8125, 13.5, 9.5], "texture": "#0"},
				"down": {"uv": [10.3125, 13.5, 10, 13.8125], "texture": "#0"}
			}
		},
		{
			"from": [7.25, 22.8, 5],
			"to": [8.75, 24, 6],
			"rotation": {"angle": 0, "axis": "y", "origin": [8, 24, 8]},
			"faces": {
				"north": {"uv": [11.5, 6.5, 12.25, 7.125], "texture": "#0"},
				"east": {"uv": [12, 10.5, 12.5, 11.125], "texture": "#0"},
				"south": {"uv": [7, 11.5, 7.75, 12.125], "texture": "#0"},
				"west": {"uv": [6.5, 12, 7, 12.625], "texture": "#0"},
				"up": {"uv": [1.5, 12.75, 1, 12], "rotation": 270, "texture": "#0"},
				"down": {"uv": [5.5, 12, 5, 12.75], "rotation": 90, "texture": "#0"}
			}
		},
		{
			"from": [7.35, 23.5, 4.3],
			"to": [8.65, 24.7, 5.3],
			"rotation": {"angle": 0, "axis": "y", "origin": [8, 24, 8]},
			"faces": {
				"north": {"uv": [0, 12, 0.625, 12.625], "texture": "#0"},
				"east": {"uv": [11.5, 12, 12, 12.625], "texture": "#0"},
				"south": {"uv": [2, 12, 2.625, 12.625], "texture": "#0"},
				"west": {"uv": [11, 12, 11.5, 12.625], "texture": "#0"},
				"up": {"uv": [12.5, 12.125, 12, 11.5], "rotation": 270, "texture": "#0"},
				"down": {"uv": [2, 12.5, 1.5, 13.125], "rotation": 90, "texture": "#0"}
			}
		},
		{
			"from": [7.45, 24.2, 3.8],
			"to": [8.55, 25.4, 4.8],
			"rotation": {"angle": 0, "axis": "y", "origin": [8, 24, 8]},
			"faces": {
				"north": {"uv": [12, 9.5, 12.5625, 10.125], "texture": "#0"},
				"east": {"uv": [3, 12.5, 3.5, 13.125], "texture": "#0"},
				"south": {"uv": [10, 12, 10.5625, 12.625], "texture": "#0"},
				"west": {"uv": [12.5, 1.5, 13, 2.125], "texture": "#0"},
				"up": {"uv": [13, 4.5625, 12.5, 4], "rotation": 270, "texture": "#0"},
				"down": {"uv": [5, 12.5, 4.5, 13.0625], "rotation": 90, "texture": "#0"}
			}
		},
		{
			"from": [7.55, 25.2, 3.5],
			"to": [8.45, 26.4, 4.5],
			"rotation": {"angle": 0, "axis": "y", "origin": [8, 24, 8]},
			"faces": {
				"north": {"uv": [12.5, 5, 12.9375, 5.625], "texture": "#0"},
				"east": {"uv": [4, 12.5, 4.5, 13.125], "texture": "#0"},
				"south": {"uv": [5.5, 12.5, 5.9375, 13.125], "texture": "#0"},
				"west": {"uv": [3.5, 12.5, 4, 13.125], "texture": "#0"},
				"up": {"uv": [2.5, 13.4375, 2, 13], "rotation": 270, "texture": "#0"},
				"down": {"uv": [3, 13, 2.5, 13.4375], "rotation": 90, "texture": "#0"}
			}
		},
		{
			"from": [7.55, 24.5, 3.6],
			"to": [8.45, 25.2, 4.5],
			"rotation": {"angle": 0, "axis": "y", "origin": [8, 24, 8]},
			"faces": {
				"north": {"uv": [13, 8.5, 13.4375, 8.875], "texture": "#0"},
				"east": {"uv": [9, 13, 9.4375, 13.375], "texture": "#0"},
				"south": {"uv": [13, 9, 13.4375, 9.375], "texture": "#0"},
				"west": {"uv": [8.5, 13, 8.9375, 13.375], "texture": "#0"},
				"up": {"uv": [13.4375, 3.9375, 13, 3.5], "rotation": 270, "texture": "#0"},
				"down": {"uv": [13.4375, 4, 13, 4.4375], "rotation": 90, "texture": "#0"}
			}
		},
		{
			"from": [7.55, 23.6, 4.2],
			"to": [8.45, 24.3, 5.1],
			"rotation": {"angle": 0, "axis": "y", "origin": [8, 24, 8]},
			"faces": {
				"north": {"uv": [13, 9.5, 13.4375, 9.875], "texture": "#0"},
				"east": {"uv": [10, 13, 10.4375, 13.375], "texture": "#0"},
				"south": {"uv": [13, 10, 13.4375, 10.375], "texture": "#0"},
				"west": {"uv": [9.5, 13, 9.9375, 13.375], "texture": "#0"},
				"up": {"uv": [13.4375, 4.9375, 13, 4.5], "rotation": 270, "texture": "#0"},
				"down": {"uv": [5.4375, 13, 5, 13.4375], "rotation": 90, "texture": "#0"}
			}
		},
		{
			"from": [7.55, 23.1, 4.6],
			"to": [8.45, 23.8, 5.5],
			"rotation": {"angle": 0, "axis": "y", "origin": [8, 24, 8]},
			"faces": {
				"north": {"uv": [13, 10.5, 13.4375, 10.875], "texture": "#0"},
				"east": {"uv": [11, 13, 11.4375, 13.375], "texture": "#0"},
				"south": {"uv": [13, 11, 13.4375, 11.375], "texture": "#0"},
				"west": {"uv": [10.5, 13, 10.9375, 13.375], "texture": "#0"},
				"up": {"uv": [13.4375, 5.4375, 13, 5], "rotation": 270, "texture": "#0"},
				"down": {"uv": [13.4375, 5.5, 13, 5.9375], "rotation": 90, "texture": "#0"}
			}
		},
		{
			"from": [7.55, 23.7, 4.7],
			"to": [8.45, 24.4, 5.6],
			"rotation": {"angle": 0, "axis": "y", "origin": [8, 24, 8]},
			"faces": {
				"north": {"uv": [13, 11.5, 13.4375, 11.875], "texture": "#0"},
				"east": {"uv": [12, 13, 12.4375, 13.375], "texture": "#0"},
				"south": {"uv": [13, 12, 13.4375, 12.375], "texture": "#0"},
				"west": {"uv": [11.5, 13, 11.9375, 13.375], "texture": "#0"},
				"up": {"uv": [6.4375, 13.4375, 6, 13], "rotation": 270, "texture": "#0"},
				"down": {"uv": [6.9375, 13, 6.5, 13.4375], "rotation": 90, "texture": "#0"}
			}
		},
		{
			"from": [7.55, 24.6, 4.2],
			"to": [8.45, 25.3, 5.1],
			"rotation": {"angle": 0, "axis": "y", "origin": [8, 24, 8]},
			"faces": {
				"north": {"uv": [13, 12.5, 13.4375, 12.875], "texture": "#0"},
				"east": {"uv": [13, 13, 13.4375, 13.375], "texture": "#0"},
				"south": {"uv": [0, 13.5, 0.4375, 13.875], "texture": "#0"},
				"west": {"uv": [12.5, 13, 12.9375, 13.375], "texture": "#0"},
				"up": {"uv": [7.4375, 13.4375, 7, 13], "rotation": 270, "texture": "#0"},
				"down": {"uv": [13.4375, 7, 13, 7.4375], "rotation": 90, "texture": "#0"}
			}
		},
		{
			"from": [7.65, 25.2, 3.9],
			"to": [8.35, 25.9, 4.8],
			"rotation": {"angle": 0, "axis": "y", "origin": [8, 24, 8]},
			"faces": {
				"north": {"uv": [13.5, 5.5, 13.875, 5.875], "texture": "#0"},
				"east": {"uv": [0.5, 13.5, 0.9375, 13.875], "texture": "#0"},
				"south": {"uv": [6, 13.5, 6.375, 13.875], "texture": "#0"},
				"west": {"uv": [13.5, 0, 13.9375, 0.375], "texture": "#0"},
				"up": {"uv": [13.9375, 0.875, 13.5, 0.5], "rotation": 270, "texture": "#0"},
				"down": {"uv": [1.4375, 13.5, 1, 13.875], "rotation": 90, "texture": "#0"}
			}
		},
		{
			"from": [7.8, 26.2, 3.75],
			"to": [8.2, 27.1, 4.15],
			"rotation": {"angle": 0, "axis": "y", "origin": [8, 24, 8]},
			"faces": {
				"north": {"uv": [10.5, 13.5, 10.6875, 13.9375], "texture": "#0"},
				"east": {"uv": [13.5, 10.5, 13.6875, 10.9375], "texture": "#0"},
				"south": {"uv": [11, 13.5, 11.1875, 13.9375], "texture": "#0"},
				"west": {"uv": [13.5, 10, 13.6875, 10.4375], "texture": "#0"},
				"up": {"uv": [0.1875, 14.1875, 0, 14], "rotation": 270, "texture": "#0"},
				"down": {"uv": [14.1875, 0, 14, 0.1875], "rotation": 90, "texture": "#0"}
			}
		},
		{
			"from": [7.7, 26.2, 3.65],
			"to": [8.3, 26.8, 4.25],
			"rotation": {"angle": 0, "axis": "y", "origin": [8, 24, 8]},
			"faces": {
				"north": {"uv": [9, 13.5, 9.3125, 13.8125], "texture": "#0"},
				"east": {"uv": [13.5, 9, 13.8125, 9.3125], "texture": "#0"},
				"south": {"uv": [9.5, 13.5, 9.8125, 13.8125], "texture": "#0"},
				"west": {"uv": [13.5, 8.5, 13.8125, 8.8125], "texture": "#0"},
				"up": {"uv": [13.8125, 9.8125, 13.5, 9.5], "rotation": 270, "texture": "#0"},
				"down": {"uv": [10.3125, 13.5, 10, 13.8125], "rotation": 90, "texture": "#0"}
			}
		},
		{
			"from": [5, 22.8, 7.25],
			"to": [6, 24, 8.75],
			"rotation": {"angle": 0, "axis": "y", "origin": [8, 24, 8]},
			"faces": {
				"north": {"uv": [12, 10.5, 12.5, 11.125], "texture": "#0"},
				"east": {"uv": [7, 11.5, 7.75, 12.125], "texture": "#0"},
				"south": {"uv": [6.5, 12, 7, 12.625], "texture": "#0"},
				"west": {"uv": [11.5, 6.5, 12.25, 7.125], "texture": "#0"},
				"up": {"uv": [1.5, 12.75, 1, 12], "rotation": 180, "texture": "#0"},
				"down": {"uv": [5.5, 12, 5, 12.75], "rotation": 180, "texture": "#0"}
			}
		},
		{
			"from": [4.3, 23.5, 7.35],
			"to": [5.3, 24.7, 8.65],
			"rotation": {"angle": 0, "axis": "y", "origin": [8, 24, 8]},
			"faces": {
				"north": {"uv": [11.5, 12, 12, 12.625], "texture": "#0"},
				"east": {"uv": [2, 12, 2.625, 12.625], "texture": "#0"},
				"south": {"uv": [11, 12, 11.5, 12.625], "texture": "#0"},
				"west": {"uv": [0, 12, 0.625, 12.625], "texture": "#0"},
				"up": {"uv": [12.5, 12.125, 12, 11.5], "rotation": 180, "texture": "#0"},
				"down": {"uv": [2, 12.5, 1.5, 13.125], "rotation": 180, "texture": "#0"}
			}
		},
		{
			"from": [3.8, 24.2, 7.45],
			"to": [4.8, 25.4, 8.55],
			"rotation": {"angle": 0, "axis": "y", "origin": [8, 24, 8]},
			"faces": {
				"north": {"uv": [3, 12.5, 3.5, 13.125], "texture": "#0"},
				"east": {"uv": [10, 12, 10.5625, 12.625], "texture": "#0"},
				"south": {"uv": [12.5, 1.5, 13, 2.125], "texture": "#0"},
				"west": {"uv": [12, 9.5, 12.5625, 10.125], "texture": "#0"},
				"up": {"uv": [13, 4.5625, 12.5, 4], "rotation": 180, "texture": "#0"},
				"down": {"uv": [5, 12.5, 4.5, 13.0625], "rotation": 180, "texture": "#0"}
			}
		},
		{
			"from": [3.5, 25.2, 7.55],
			"to": [4.5, 26.4, 8.45],
			"rotation": {"angle": 0, "axis": "y", "origin": [8, 24, 8]},
			"faces": {
				"north": {"uv": [4, 12.5, 4.5, 13.125], "texture": "#0"},
				"east": {"uv": [5.5, 12.5, 5.9375, 13.125], "texture": "#0"},
				"south": {"uv": [3.5, 12.5, 4, 13.125], "texture": "#0"},
				"west": {"uv": [12.5, 5, 12.9375, 5.625], "texture": "#0"},
				"up": {"uv": [2.5, 13.4375, 2, 13], "rotation": 180, "texture": "#0"},
				"down": {"uv": [3, 13, 2.5, 13.4375], "rotation": 180, "texture": "#0"}
			}
		},
		{
			"from": [3.6, 24.5, 7.55],
			"to": [4.5, 25.2, 8.45],
			"rotation": {"angle": 0, "axis": "y", "origin": [8, 24, 8]},
			"faces": {
				"north": {"uv": [9, 13, 9.4375, 13.375], "texture": "#0"},
				"east": {"uv": [13, 9, 13.4375, 9.375], "texture": "#0"},
				"south": {"uv": [8.5, 13, 8.9375, 13.375], "texture": "#0"},
				"west": {"uv": [13, 8.5, 13.4375, 8.875], "texture": "#0"},
				"up": {"uv": [13.4375, 3.9375, 13, 3.5], "rotation": 180, "texture": "#0"},
				"down": {"uv": [13.4375, 4, 13, 4.4375], "rotation": 180, "texture": "#0"}
			}
		},
		{
			"from": [4.2, 23.6, 7.55],
			"to": [5.1, 24.3, 8.45],
			"rotation": {"angle": 0, "axis": "y", "origin": [8, 24, 8]},
			"faces": {
				"north": {"uv": [10, 13, 10.4375, 13.375], "texture": "#0"},
				"east": {"uv": [13, 10, 13.4375, 10.375], "texture": "#0"},
				"south": {"uv": [9.5, 13, 9.9375, 13.375], "texture": "#0"},
				"west": {"uv": [13, 9.5, 13.4375, 9.875], "texture": "#0"},
				"up": {"uv": [13.4375, 4.9375, 13, 4.5], "rotation": 180, "texture": "#0"},
				"down": {"uv": [5.4375, 13, 5, 13.4375], "rotation": 180, "texture": "#0"}
			}
		},
		{
			"from": [4.6, 23.1, 7.55],
			"to": [5.5, 23.8, 8.45],
			"rotation": {"angle": 0, "axis": "y", "origin": [8, 24, 8]},
			"faces": {
				"north": {"uv": [11, 13, 11.4375, 13.375], "texture": "#0"},
				"east": {"uv": [13, 11, 13.4375, 11.375], "texture": "#0"},
				"south": {"uv": [10.5, 13, 10.9375, 13.375], "texture": "#0"},
				"west": {"uv": [13, 10.5, 13.4375, 10.875], "texture": "#0"},
				"up": {"uv": [13.4375, 5.4375, 13, 5], "rotation": 180, "texture": "#0"},
				"down": {"uv": [13.4375, 5.5, 13, 5.9375], "rotation": 180, "texture": "#0"}
			}
		},
		{
			"from": [4.7, 23.7, 7.55],
			"to": [5.6, 24.4, 8.45],
			"rotation": {"angle": 0, "axis": "y", "origin": [8, 24, 8]},
			"faces": {
				"north": {"uv": [12, 13, 12.4375, 13.375], "texture": "#0"},
				"east": {"uv": [13, 12, 13.4375, 12.375], "texture": "#0"},
				"south": {"uv": [11.5, 13, 11.9375, 13.375], "texture": "#0"},
				"west": {"uv": [13, 11.5, 13.4375, 11.875], "texture": "#0"},
				"up": {"uv": [6.4375, 13.4375, 6, 13], "rotation": 180, "texture": "#0"},
				"down": {"uv": [6.9375, 13, 6.5, 13.4375], "rotation": 180, "texture": "#0"}
			}
		},
		{
			"from": [4.2, 24.6, 7.55],
			"to": [5.1, 25.3, 8.45],
			"rotation": {"angle": 0, "axis": "y", "origin": [8, 24, 8]},
			"faces": {
				"north": {"uv": [13, 13, 13.4375, 13.375], "texture": "#0"},
				"east": {"uv": [0, 13.5, 0.4375, 13.875], "texture": "#0"},
				"south": {"uv": [12.5, 13, 12.9375, 13.375], "texture": "#0"},
				"west": {"uv": [13, 12.5, 13.4375, 12.875], "texture": "#0"},
				"up": {"uv": [7.4375, 13.4375, 7, 13], "rotation": 180, "texture": "#0"},
				"down": {"uv": [13.4375, 7, 13, 7.4375], "rotation": 180, "texture": "#0"}
			}
		},
		{
			"from": [3.9, 25.2, 7.65],
			"to": [4.8, 25.9, 8.35],
			"rotation": {"angle": 0, "axis": "y", "origin": [8, 24, 8]},
			"faces": {
				"north": {"uv": [0.5, 13.5, 0.9375, 13.875], "texture": "#0"},
				"east": {"uv": [6, 13.5, 6.375, 13.875], "texture": "#0"},
				"south": {"uv": [13.5, 0, 13.9375, 0.375], "texture": "#0"},
				"west": {"uv": [13.5, 5.5, 13.875, 5.875], "texture": "#0"},
				"up": {"uv": [13.9375, 0.875, 13.5, 0.5], "rotation": 180, "texture": "#0"},
				"down": {"uv": [1.4375, 13.5, 1, 13.875], "rotation": 180, "texture": "#0"}
			}
		},
		{
			"from": [3.75, 26.2, 7.8],
			"to": [4.15, 27.1, 8.2],
			"rotation": {"angle": 0, "axis": "y", "origin": [8, 24, 8]},
			"faces": {
				"north": {"uv": [13.5, 10.5, 13.6875, 10.9375], "texture": "#0"},
				"east": {"uv": [11, 13.5, 11.1875, 13.9375], "texture": "#0"},
				"south": {"uv": [13.5, 10, 13.6875, 10.4375], "texture": "#0"},
				"west": {"uv": [10.5, 13.5, 10.6875, 13.9375], "texture": "#0"},
				"up": {"uv": [0.1875, 14.1875, 0, 14], "rotation": 180, "texture": "#0"},
				"down": {"uv": [14.1875, 0, 14, 0.1875], "rotation": 180, "texture": "#0"}
			}
		},
		{
			"from": [3.65, 26.2, 7.7],
			"to": [4.25, 26.8, 8.3],
			"rotation": {"angle": 0, "axis": "y", "origin": [8, 24, 8]},
			"faces": {
				"north": {"uv": [13.5, 9, 13.8125, 9.3125], "texture": "#0"},
				"east": {"uv": [9.5, 13.5, 9.8125, 13.8125], "texture": "#0"},
				"south": {"uv": [13.5, 8.5, 13.8125, 8.8125], "texture": "#0"},
				"west": {"uv": [9, 13.5, 9.3125, 13.8125], "texture": "#0"},
				"up": {"uv": [13.8125, 9.8125, 13.5, 9.5], "rotation": 180, "texture": "#0"},
				"down": {"uv": [10.3125, 13.5, 10, 13.8125], "rotation": 180, "texture": "#0"}
			}
		},
		{
			"from": [7.25, 22.8, 10],
			"to": [8.75, 24, 11],
			"rotation": {"angle": 0, "axis": "y", "origin": [8, 24, 8]},
			"faces": {
				"north": {"uv": [7, 11.5, 7.75, 12.125], "texture": "#0"},
				"east": {"uv": [6.5, 12, 7, 12.625], "texture": "#0"},
				"south": {"uv": [11.5, 6.5, 12.25, 7.125], "texture": "#0"},
				"west": {"uv": [12, 10.5, 12.5, 11.125], "texture": "#0"},
				"up": {"uv": [1.5, 12.75, 1, 12], "rotation": 90, "texture": "#0"},
				"down": {"uv": [5.5, 12, 5, 12.75], "rotation": 270, "texture": "#0"}
			}
		},
		{
			"from": [7.35, 23.5, 10.7],
			"to": [8.65, 24.7, 11.7],
			"rotation": {"angle": 0, "axis": "y", "origin": [8, 24, 8]},
			"faces": {
				"north": {"uv": [2, 12, 2.625, 12.625], "texture": "#0"},
				"east": {"uv": [11, 12, 11.5, 12.625], "texture": "#0"},
				"south": {"uv": [0, 12, 0.625, 12.625], "texture": "#0"},
				"west": {"uv": [11.5, 12, 12, 12.625], "texture": "#0"},
				"up": {"uv": [12.5, 12.125, 12, 11.5], "rotation": 90, "texture": "#0"},
				"down": {"uv": [2, 12.5, 1.5, 13.125], "rotation": 270, "texture": "#0"}
			}
		},
		{
			"from": [7.45, 24.2, 11.2],
			"to": [8.55, 25.4, 12.2],
			"rotation": {"angle": 0, "axis": "y", "origin": [8, 24, 8]},
			"faces": {
				"north": {"uv": [10, 12, 10.5625, 12.625], "texture": "#0"},
				"east": {"uv": [12.5, 1.5, 13, 2.125], "texture": "#0"},
				"south": {"uv": [12, 9.5, 12.5625, 10.125], "texture": "#0"},
				"west": {"uv": [3, 12.5, 3.5, 13.125], "texture": "#0"},
				"up": {"uv": [13, 4.5625, 12.5, 4], "rotation": 90, "texture": "#0"},
				"down": {"uv": [5, 12.5, 4.5, 13.0625], "rotation": 270, "texture": "#0"}
			}
		},
		{
			"from": [7.55, 25.2, 11.5],
			"to": [8.45, 26.4, 12.5],
			"rotation": {"angle": 0, "axis": "y", "origin": [8, 24, 8]},
			"faces": {
				"north": {"uv": [5.5, 12.5, 5.9375, 13.125], "texture": "#0"},
				"east": {"uv": [3.5, 12.5, 4, 13.125], "texture": "#0"},
				"south": {"uv": [12.5, 5, 12.9375, 5.625], "texture": "#0"},
				"west": {"uv": [4, 12.5, 4.5, 13.125], "texture": "#0"},
				"up": {"uv": [2.5, 13.4375, 2, 13], "rotation": 90, "texture": "#0"},
				"down": {"uv": [3, 13, 2.5, 13.4375], "rotation": 270, "texture": "#0"}
			}
		},
		{
			"from": [7.55, 24.5, 11.5],
			"to": [8.45, 25.2, 12.4],
			"rotation": {"angle": 0, "axis": "y", "origin": [8, 24, 8]},
			"faces": {
				"north": {"uv": [13, 9, 13.4375, 9.375], "texture": "#0"},
				"east": {"uv": [8.5, 13, 8.9375, 13.375], "texture": "#0"},
				"south": {"uv": [13, 8.5, 13.4375, 8.875], "texture": "#0"},
				"west": {"uv": [9, 13, 9.4375, 13.375], "texture": "#0"},
				"up": {"uv": [13.4375, 3.9375, 13, 3.5], "rotation": 90, "texture": "#0"},
				"down": {"uv": [13.4375, 4, 13, 4.4375], "rotation": 270, "texture": "#0"}
			}
		},
		{
			"from": [7.55, 23.6, 10.9],
			"to": [8.45, 24.3, 11.8],
			"rotation": {"angle": 0, "axis": "y", "origin": [8, 24, 8]},
			"faces": {
				"north": {"uv": [13, 10, 13.4375, 10.375], "texture": "#0"},
				"east": {"uv": [9.5, 13, 9.9375, 13.375], "texture": "#0"},
				"south": {"uv": [13, 9.5, 13.4375, 9.875], "texture": "#0"},
				"west": {"uv": [10, 13, 10.4375, 13.375], "texture": "#0"},
				"up": {"uv": [13.4375, 4.9375, 13, 4.5], "rotation": 90, "texture": "#0"},
				"down": {"uv": [5.4375, 13, 5, 13.4375], "rotation": 270, "texture": "#0"}
			}
		},
		{
			"from": [7.55, 23.1, 10.5],
			"to": [8.45, 23.8, 11.4],
			"rotation": {"angle": 0, "axis": "y", "origin": [8, 24, 8]},
			"faces": {
				"north": {"uv": [13, 11, 13.4375, 11.375], "texture": "#0"},
				"east": {"uv": [10.5, 13, 10.9375, 13.375], "texture": "#0"},
				"south": {"uv": [13, 10.5, 13.4375, 10.875], "texture": "#0"},
				"west": {"uv": [11, 13, 11.4375, 13.375], "texture": "#0"},
				"up": {"uv": [13.4375, 5.4375, 13, 5], "rotation": 90, "texture": "#0"},
				"down": {"uv": [13.4375, 5.5, 13, 5.9375], "rotation": 270, "texture": "#0"}
			}
		},
		{
			"from": [7.55, 23.7, 10.4],
			"to": [8.45, 24.4, 11.3],
			"rotation": {"angle": 0, "axis": "y", "origin": [8, 24, 8]},
			"faces": {
				"north": {"uv": [13, 12, 13.4375, 12.375], "texture": "#0"},
				"east": {"uv": [11.5, 13, 11.9375, 13.375], "texture": "#0"},
				"south": {"uv": [13, 11.5, 13.4375, 11.875], "texture": "#0"},
				"west": {"uv": [12, 13, 12.4375, 13.375], "texture": "#0"},
				"up": {"uv": [6.4375, 13.4375, 6, 13], "rotation": 90, "texture": "#0"},
				"down": {"uv": [6.9375, 13, 6.5, 13.4375], "rotation": 270, "texture": "#0"}
			}
		},
		{
			"from": [7.55, 24.6, 10.9],
			"to": [8.45, 25.3, 11.8],
			"rotation": {"angle": 0, "axis": "y", "origin": [8, 24, 8]},
			"faces": {
				"north": {"uv": [0, 13.5, 0.4375, 13.875], "texture": "#0"},
				"east": {"uv": [12.5, 13, 12.9375, 13.375], "texture": "#0"},
				"south": {"uv": [13, 12.5, 13.4375, 12.875], "texture": "#0"},
				"west": {"uv": [13, 13, 13.4375, 13.375], "texture": "#0"},
				"up": {"uv": [7.4375, 13.4375, 7, 13], "rotation": 90, "texture": "#0"},
				"down": {"uv": [13.4375, 7, 13, 7.4375], "rotation": 270, "texture": "#0"}
			}
		},
		{
			"from": [7.65, 25.2, 11.2],
			"to": [8.35, 25.9, 12.1],
			"rotation": {"angle": 0, "axis": "y", "origin": [8, 24, 8]},
			"faces": {
				"north": {"uv": [6, 13.5, 6.375, 13.875], "texture": "#0"},
				"east": {"uv": [13.5, 0, 13.9375, 0.375], "texture": "#0"},
				"south": {"uv": [13.5, 5.5, 13.875, 5.875], "texture": "#0"},
				"west": {"uv": [0.5, 13.5, 0.9375, 13.875], "texture": "#0"},
				"up": {"uv": [13.9375, 0.875, 13.5, 0.5], "rotation": 90, "texture": "#0"},
				"down": {"uv": [1.4375, 13.5, 1, 13.875], "rotation": 270, "texture": "#0"}
			}
		},
		{
			"from": [7.8, 26.2, 11.85],
			"to": [8.2, 27.1, 12.25],
			"rotation": {"angle": 0, "axis": "y", "origin": [8, 24, 8]},
			"faces": {
				"north": {"uv": [11, 13.5, 11.1875, 13.9375], "texture": "#0"},
				"east": {"uv": [13.5, 10, 13.6875, 10.4375], "texture": "#0"},
				"south": {"uv": [10.5, 13.5, 10.6875, 13.9375], "texture": "#0"},
				"west": {"uv": [13.5, 10.5, 13.6875, 10.9375], "texture": "#0"},
				"up": {"uv": [0.1875, 14.1875, 0, 14], "rotation": 90, "texture": "#0"},
				"down": {"uv": [14.1875, 0, 14, 0.1875], "rotation": 270, "texture": "#0"}
			}
		},
		{
			"from": [7.7, 26.2, 11.75],
			"to": [8.3, 26.8, 12.35],
			"rotation": {"angle": 0, "axis": "y", "origin": [8, 24, 8]},
			"faces": {
				"north": {"uv": [9.5, 13.5, 9.8125, 13.8125], "texture": "#0"},
				"east": {"uv": [13.5, 8.5, 13.8125, 8.8125], "texture": "#0"},
				"south": {"uv": [9, 13.5, 9.3125, 13.8125], "texture": "#0"},
				"west": {"uv": [13.5, 9, 13.8125, 9.3125], "texture": "#0"},
				"up": {"uv": [13.8125, 9.8125, 13.5, 9.5], "rotation": 90, "texture": "#0"},
				"down": {"uv": [10.3125, 13.5, 10, 13.8125], "rotation": 270, "texture": "#0"}
			}
		},
		{
			"from": [7.1, 22.2, 5.9],
			"to": [8.9, 23.9, 10.1],
			"rotation": {"angle": 0, "axis": "y", "origin": [8, 22.8, 9]},
			"faces": {
				"north": {"uv": [10.5, 7.5, 11.375, 8.375], "texture": "#0"},
				"east": {"uv": [6.5, 8, 8.625, 8.875], "texture": "#0"},
				"south": {"uv": [8, 10.5, 8.875, 11.375], "texture": "#0"},
				"west": {"uv": [8, 7, 10.125, 7.875], "texture": "#0"},
				"up": {"uv": [4.875, 11.125, 4, 9], "texture": "#0"},
				"down": {"uv": [5.875, 9, 5, 11.125], "texture": "#0"}
			}
		},
		{
			"from": [5.9, 22.2, 7.1],
			"to": [10.1, 23.9, 8.9],
			"rotation": {"angle": 0, "axis": "y", "origin": [9, 22.8, 8]},
			"faces": {
				"north": {"uv": [4, 8, 6.125, 8.875], "texture": "#0"},
				"east": {"uv": [3, 10.5, 3.875, 11.375], "texture": "#0"},
				"south": {"uv": [8, 4, 10.125, 4.875], "texture": "#0"},
				"west": {"uv": [10.5, 6.5, 11.375, 7.375], "texture": "#0"},
				"up": {"uv": [10.125, 5.875, 8, 5], "texture": "#0"},
				"down": {"uv": [10.125, 6, 8, 6.875], "texture": "#0"}
			}
		},
		{
			"from": [6.9, 23.8, 6.9],
			"to": [9.1, 24, 9.1],
			"rotation": {"angle": 0, "axis": "y", "origin": [7, 22, 7]},
			"faces": {
				"north": {"uv": [13.5, 4, 14.625, 4.125], "texture": "#0"},
				"east": {"uv": [4.5, 13.5, 5.625, 13.625], "texture": "#0"},
				"south": {"uv": [13.5, 4.5, 14.625, 4.625], "texture": "#0"},
				"west": {"uv": [13.5, 5, 14.625, 5.125], "texture": "#0"},
				"up": {"uv": [2.625, 10.625, 1.5, 9.5], "texture": "#0"},
				"down": {"uv": [10.125, 9.5, 9, 10.625], "texture": "#0"}
			}
		},
		{
			"from": [7, 24, 7],
			"to": [9, 25, 9],
			"rotation": {"angle": 0, "axis": "y", "origin": [7, 24, 7]},
			"faces": {
				"north": {"uv": [3, 11.5, 4, 12], "texture": "#0"},
				"east": {"uv": [4, 11.5, 5, 12], "texture": "#0"},
				"south": {"uv": [5, 11.5, 6, 12], "texture": "#0"},
				"west": {"uv": [6, 11.5, 7, 12], "texture": "#0"},
				"up": {"uv": [11, 2, 10, 1], "texture": "#0"},
				"down": {"uv": [11, 2, 10, 3], "texture": "#0"}
			}
		},
		{
			"from": [7.25, 25, 7.25],
			"to": [8.75, 26, 8.75],
			"rotation": {"angle": 0, "axis": "y", "origin": [7, 25, 7]},
			"faces": {
				"north": {"uv": [5.5, 12, 6.25, 12.5], "texture": "#0"},
				"east": {"uv": [12, 8.5, 12.75, 9], "texture": "#0"},
				"south": {"uv": [9, 12, 9.75, 12.5], "texture": "#0"},
				"west": {"uv": [12, 9, 12.75, 9.5], "texture": "#0"},
				"up": {"uv": [10.75, 11.75, 10, 11], "texture": "#0"},
				"down": {"uv": [11.75, 11, 11, 11.75], "texture": "#0"}
			}
		},
		{
			"from": [7.5, 26, 7.5],
			"to": [8.5, 27, 8.5],
			"rotation": {"angle": 0, "axis": "y", "origin": [7, 26, 7]},
			"faces": {
				"north": {"uv": [12.5, 11, 13, 11.5], "texture": "#0"},
				"east": {"uv": [12.5, 11.5, 13, 12], "texture": "#0"},
				"south": {"uv": [12, 12.5, 12.5, 13], "texture": "#0"},
				"west": {"uv": [12.5, 12, 13, 12.5], "texture": "#0"},
				"up": {"uv": [13, 13, 12.5, 12.5], "texture": "#0"},
				"down": {"uv": [0.5, 13, 0, 13.5], "texture": "#0"}
			}
		},
		{
			"from": [7.5, 24, 6.75],
			"to": [8.5, 25, 9.25],
			"rotation": {"angle": 0, "axis": "y", "origin": [8, 25, 8]},
			"faces": {
				"north": {"uv": [13, 0, 13.5, 0.5], "texture": "#0"},
				"east": {"uv": [10.5, 10.5, 11.75, 11], "texture": "#0"},
				"south": {"uv": [0.5, 13, 1, 13.5], "texture": "#0"},
				"west": {"uv": [0, 11, 1.25, 11.5], "texture": "#0"},
				"up": {"uv": [11.5, 1.25, 11, 0], "texture": "#0"},
				"down": {"uv": [2, 11, 1.5, 12.25], "texture": "#0"}
			}
		},
		{
			"from": [6.75, 24, 7.5],
			"to": [9.25, 25, 8.5],
			"rotation": {"angle": 0, "axis": "y", "origin": [8, 25, 8]},
			"faces": {
				"north": {"uv": [11, 1.5, 12.25, 2], "texture": "#0"},
				"east": {"uv": [13, 0.5, 13.5, 1], "texture": "#0"},
				"south": {"uv": [11, 2, 12.25, 2.5], "texture": "#0"},
				"west": {"uv": [1, 13, 1.5, 13.5], "texture": "#0"},
				"up": {"uv": [12.25, 3, 11, 2.5], "texture": "#0"},
				"down": {"uv": [7.25, 11, 6, 11.5], "texture": "#0"}
			}
		},
		{
			"from": [7.6, 25, 6.85],
			"to": [8.4, 26, 9.15],
			"rotation": {"angle": 0, "axis": "y", "origin": [8, 26, 8]},
			"faces": {
				"north": {"uv": [7.5, 13, 7.875, 13.5], "texture": "#0"},
				"east": {"uv": [0, 11.5, 1.125, 12], "texture": "#0"},
				"south": {"uv": [13, 7.5, 13.375, 8], "texture": "#0"},
				"west": {"uv": [11.5, 0, 12.625, 0.5], "texture": "#0"},
				"up": {"uv": [8.375, 12.625, 8, 11.5], "texture": "#0"},
				"down": {"uv": [8.875, 11.5, 8.5, 12.625], "texture": "#0"}
			}
		},
		{
			"from": [6.85, 25, 7.6],
			"to": [9.15, 26, 8.4],
			"rotation": {"angle": 0, "axis": "y", "origin": [8, 26, 8]},
			"faces": {
				"north": {"uv": [11.5, 0.5, 12.625, 1], "texture": "#0"},
				"east": {"uv": [8, 13, 8.375, 13.5], "texture": "#0"},
				"south": {"uv": [11.5, 1, 12.625, 1.5], "texture": "#0"},
				"west": {"uv": [13, 8, 13.375, 8.5], "texture": "#0"},
				"up": {"uv": [12.625, 7.875, 11.5, 7.5], "texture": "#0"},
				"down": {"uv": [12.625, 8, 11.5, 8.375], "texture": "#0"}
			}
		},
		{
			"from": [7.85, 26, 7.1],
			"to": [8.15, 26.6, 8.9],
			"rotation": {"angle": 0, "axis": "y", "origin": [8, 27, 8]},
			"faces": {
				"north": {"uv": [13.5, 12.5, 13.625, 12.8125], "texture": "#0"},
				"east": {"uv": [12.5, 2.5, 13.375, 2.8125], "texture": "#0"},
				"south": {"uv": [13, 13.5, 13.125, 13.8125], "texture": "#0"},
				"west": {"uv": [12.5, 6, 13.375, 6.3125], "texture": "#0"},
				"up": {"uv": [13.625, 7.875, 13.5, 7], "texture": "#0"},
				"down": {"uv": [7.625, 13.5, 7.5, 14.375], "texture": "#0"}
			}
		},
		{
			"from": [7.1, 26, 7.85],
			"to": [8.9, 26.6, 8.15],
			"rotation": {"angle": 0, "axis": "y", "origin": [8, 27, 8]},
			"faces": {
				"north": {"uv": [12.5, 6.5, 13.375, 6.8125], "texture": "#0"},
				"east": {"uv": [13.5, 13, 13.625, 13.3125], "texture": "#0"},
				"south": {"uv": [7, 12.5, 7.875, 12.8125], "texture": "#0"},
				"west": {"uv": [13.5, 13.5, 13.625, 13.8125], "texture": "#0"},
				"up": {"uv": [8.875, 13.625, 8, 13.5], "texture": "#0"},
				"down": {"uv": [14.375, 8, 13.5, 8.125], "texture": "#0"}
			}
		}
	],
	"display": {
		"thirdperson_righthand": {
			"translation": [0, -5, 2]
		},
		"thirdperson_lefthand": {
			"translation": [0, -5, 2]
		},
		"firstperson_righthand": {
			"rotation": [-7.29, 8.54, 4.04],
			"translation": [-0.25, -6, 2.5]
		},
		"firstperson_lefthand": {
			"rotation": [-24.75, 0, 0],
			"translation": [0, -5.75, 0]
		},
		"ground": {
			"rotation": [0, 0, -85.75],
			"translation": [-5, 0, 1.5]
		},
		"gui": {
			"rotation": [0, 0, -49.5],
			"translation": [-5, -4, 0],
			"scale": [0.8, 0.8, 0.8]
		},
		"head": {
			"translation": [0, 27.5, 0],
			"scale": [2, 2, 2]
		},
		"fixed": {
			"rotation": [-7, 0, 0],
			"translation": [0, -22.5, -9.25],
			"scale": [4, 4, 4]
		}
	},
	"groups": [
		{
			"name": "Root",
			"origin": [8, 27, 8],
			"color": 0,
			"children": [
				0,
				{
					"name": "gold rim",
					"origin": [9, 22.5, 8],
					"color": 0,
					"children": [1, 2, 3]
				},
				{
					"name": "staff botem",
					"origin": [6.9, 0, 6.9],
					"color": 0,
					"children": [4, 5, 6, 7, 8, 9, 10]
				},
				{
					"name": "satff head",
					"origin": [7, 22, 7],
					"color": 0,
					"children": [
						11,
						12,
						13,
						14,
						15,
						16,
						17,
						18,
						19,
						20,
						21,
						22,
						23,
						24,
						25,
						26,
						27,
						28,
						29,
						30,
						31,
						32,
						33,
						34,
						35,
						36,
						37,
						38,
						39,
						40,
						41,
						42,
						43,
						44,
						45,
						46,
						47,
						48,
						49,
						50,
						51,
						52,
						53,
						54,
						55,
						56,
						57,
						58,
						59,
						60,
						61,
						{
							"name": "gooseinum gem",
							"origin": [8, 27, 8],
							"color": 0,
							"children": [62, 63, 64, 65, 66, 67, 68, 69, 70]
						}
					]
				}
			]
		}
	]
}