{
	"credit": "Made with Blockbench by SilentGeeC",
	"textures": {
		"1": "item/stachue",
		"particle": "item/templateskin"
	},
	"elements": [
		{
			"name": "right_leg_2nd_layer",
			"from": [7.5, -1, 11.5],
			"to": [12.5, 12, 16.5],
			"rotation": {"angle": 0, "axis": "y", "origin": [10, 11, 14]},
			"faces": {
				"north": {"uv": [1, 9, 2, 12], "texture": "#1"},
				"east": {"uv": [0, 9, 1, 12], "texture": "#1"},
				"south": {"uv": [3, 9, 4, 12], "texture": "#1"},
				"west": {"uv": [2, 9, 3, 12], "texture": "#1"},
				"up": {"uv": [2, 9, 1, 8], "texture": "#1"},
				"down": {"uv": [3, 8, 2, 9], "texture": "#1"}
			}
		},
		{
			"name": "right_leg",
			"from": [8, -0.5, 12],
			"to": [12, 11.5, 16],
			"rotation": {"angle": 0, "axis": "y", "origin": [10, 11, 14]},
			"faces": {
				"north": {"uv": [1, 5, 2, 8], "texture": "#1"},
				"east": {"uv": [0, 5, 1, 8], "texture": "#1"},
				"south": {"uv": [3, 5, 4, 8], "texture": "#1"},
				"west": {"uv": [2, 5, 3, 8], "texture": "#1"},
				"up": {"uv": [2, 5, 1, 4], "texture": "#1"},
				"down": {"uv": [3, 4, 2, 5], "texture": "#1"}
			}
		},
		{
			"name": "left_leg_2nd_layer",
			"from": [3.5, -1, 11.5],
			"to": [8.5, 12, 16.5],
			"rotation": {"angle": 0, "axis": "y", "origin": [6, 11, 14]},
			"faces": {
				"north": {"uv": [1, 13, 2, 16], "texture": "#1"},
				"east": {"uv": [0, 13, 1, 16], "texture": "#1"},
				"south": {"uv": [3, 13, 4, 16], "texture": "#1"},
				"west": {"uv": [2, 13, 3, 16], "texture": "#1"},
				"up": {"uv": [2, 12, 1, 11], "texture": "#1"},
				"down": {"uv": [3, 12, 2, 13], "texture": "#1"}
			}
		},
		{
			"name": "left_leg",
			"from": [4, -0.5, 12],
			"to": [8, 11.5, 16],
			"rotation": {"angle": 0, "axis": "y", "origin": [6, 11, 14]},
			"faces": {
				"north": {"uv": [5, 13, 6, 16], "texture": "#1"},
				"east": {"uv": [4, 13, 5, 16], "texture": "#1"},
				"south": {"uv": [7, 13, 8, 16], "texture": "#1"},
				"west": {"uv": [6, 13, 7, 16], "texture": "#1"},
				"up": {"uv": [6, 13, 5, 12], "texture": "#1"},
				"down": {"uv": [7, 12, 6, 13], "texture": "#1"}
			}
		},
		{
			"name": "body",
			"from": [4, 11.5, 12],
			"to": [12, 23.5, 16],
			"rotation": {"angle": 0, "axis": "x", "origin": [8, 12, 14]},
			"faces": {
				"north": {"uv": [5, 5, 7, 7.98], "texture": "#1"},
				"east": {"uv": [4, 5, 5, 8], "texture": "#1"},
				"south": {"uv": [8, 5, 10, 8], "texture": "#1"},
				"west": {"uv": [7, 5, 8, 7.98], "texture": "#1"},
				"up": {"uv": [7, 5, 5, 4], "texture": "#1"},
				"down": {"uv": [9, 4, 7, 5], "texture": "#1"}
			}
		},
		{
			"name": "body_2nd_layer",
			"from": [4, 11.02, 11.5],
			"to": [12, 24.03, 16.5],
			"rotation": {"angle": 0, "axis": "x", "origin": [8, 12, 14]},
			"faces": {
				"north": {"uv": [5, 9, 7, 12], "texture": "#1"},
				"east": {"uv": [4, 9, 5, 12], "texture": "#1"},
				"south": {"uv": [8, 9, 10, 12], "texture": "#1"},
				"west": {"uv": [7, 9, 8, 12], "texture": "#1"},
				"up": {"uv": [7, 9, 5, 8], "texture": "#1"},
				"down": {"uv": [9, 8, 7, 9], "texture": "#1"}
			}
		},
		{
			"name": "right_arm",
			"from": [12, 20, 3.5],
			"to": [16, 24, 15.5],
			"rotation": {"angle": -45, "axis": "x", "origin": [12, 22, 14]},
			"faces": {
				"north": {"uv": [13, 4, 12, 5], "rotation": 180, "texture": "#1"},
				"east": {"uv": [10, 5, 11, 8], "rotation": 270, "texture": "#1"},
				"south": {"uv": [12, 5, 11, 4], "texture": "#1"},
				"west": {"uv": [12, 5, 13, 8], "rotation": 90, "texture": "#1"},
				"up": {"uv": [11, 5, 12, 8], "rotation": 180, "texture": "#1"},
				"down": {"uv": [13, 5, 14, 8], "texture": "#1"}
			}
		},
		{
			"name": "right_arm_2nd_layer",
			"from": [12.5, 19.5, 3],
			"to": [17.49, 24.5, 16],
			"rotation": {"angle": -45, "axis": "x", "origin": [13, 22, 14]},
			"faces": {
				"north": {"uv": [13, 8, 12, 9], "rotation": 180, "texture": "#1"},
				"east": {"uv": [10, 9, 11, 12], "rotation": 270, "texture": "#1"},
				"south": {"uv": [12, 9, 11, 8], "texture": "#1"},
				"west": {"uv": [12, 9, 13, 12], "rotation": 90, "texture": "#1"},
				"up": {"uv": [11, 9, 12, 12], "rotation": 180, "texture": "#1"},
				"down": {"uv": [13, 9, 14, 12], "texture": "#1"}
			}
		},
		{
			"name": "left_arm",
			"from": [0, 20, 3.5],
			"to": [4, 24, 15.5],
			"rotation": {"angle": -45, "axis": "x", "origin": [4, 22, 14]},
			"faces": {
				"north": {"uv": [11, 12, 10, 13], "rotation": 180, "texture": "#1"},
				"east": {"uv": [8, 13, 9, 16], "rotation": 270, "texture": "#1"},
				"south": {"uv": [10, 13, 9, 12], "texture": "#1"},
				"west": {"uv": [10, 13, 11, 16], "rotation": 90, "texture": "#1"},
				"up": {"uv": [9, 13, 10, 16], "rotation": 180, "texture": "#1"},
				"down": {"uv": [11, 13, 12, 16], "texture": "#1"}
			}
		},
		{
			"name": "left_arm_2nd_layer",
			"from": [-0.5, 19.5, 3],
			"to": [4.5, 24.5, 16],
			"rotation": {"angle": -45, "axis": "x", "origin": [4, 22, 14]},
			"faces": {
				"north": {"uv": [15, 12, 14, 13], "rotation": 180, "texture": "#1"},
				"east": {"uv": [12, 13, 13, 16], "rotation": 270, "texture": "#1"},
				"south": {"uv": [14, 13, 13, 12], "texture": "#1"},
				"west": {"uv": [14, 13, 15, 16], "rotation": 90, "texture": "#1"},
				"up": {"uv": [13, 13, 14, 16], "rotation": 180, "texture": "#1"},
				"down": {"uv": [15, 13, 16, 16], "texture": "#1"}
			}
		},
		{
			"name": "head",
			"from": [4, 23.5, 10],
			"to": [12, 31.5, 18],
			"rotation": {"angle": -22.5, "axis": "x", "origin": [8, 23, 14]},
			"faces": {
				"north": {"uv": [2, 2, 4, 4], "texture": "#1"},
				"east": {"uv": [0, 2, 2, 4], "texture": "#1"},
				"south": {"uv": [6, 2, 8, 4], "texture": "#1"},
				"west": {"uv": [4, 2, 6, 4], "texture": "#1"},
				"up": {"uv": [4, 2, 2, 0], "texture": "#1"},
				"down": {"uv": [6, 0, 4, 2], "texture": "#1"}
			}
		},
		{
			"name": "head_2nd_layer",
			"from": [3.5, 23, 9.5],
			"to": [12.5, 32, 18.5],
			"rotation": {"angle": -22.5, "axis": "x", "origin": [8, 23, 14]},
			"faces": {
				"north": {"uv": [10, 2, 12, 4], "texture": "#1"},
				"east": {"uv": [8, 2, 10, 4], "texture": "#1"},
				"south": {"uv": [14, 2, 16, 4], "texture": "#1"},
				"west": {"uv": [12, 2, 14, 4], "texture": "#1"},
				"up": {"uv": [12, 2, 10, 0], "texture": "#1"},
				"down": {"uv": [14, 0, 12, 2], "texture": "#1"}
			}
		},
		{
			"from": [-1, 6, -2],
			"to": [18, 17, 1.1],
			"rotation": {"angle": -45, "axis": "x", "origin": [0, 17, -1]},
			"faces": {
				"north": {"uv": [0, 0, 16, 11], "rotation": 180, "texture": "#1"},
				"east": {"uv": [0, 0, 11, 3.1], "rotation": 270, "texture": "#1"},
				"south": {"uv": [0, 0, 16, 11], "texture": "#1"},
				"west": {"uv": [0, 0, 11, 3.1], "rotation": 90, "texture": "#1"},
				"up": {"uv": [0, 0, 16, 3.1], "rotation": 180, "texture": "#1"},
				"down": {"uv": [0, 0, 16, 3.1], "texture": "#1"}
			}
		},
		{
			"from": [3, 3, 2],
			"to": [13, 13, 6],
			"rotation": {"angle": 0, "axis": "y", "origin": [0, 3, 0]},
			"faces": {
				"north": {"uv": [0, 0, 10, 10], "texture": "#1"},
				"east": {"uv": [0, 0, 4, 10], "texture": "#1"},
				"south": {"uv": [0, 0, 10, 10], "texture": "#1"},
				"west": {"uv": [0, 0, 4, 10], "texture": "#1"},
				"up": {"uv": [0, 0, 10, 4], "texture": "#1"},
				"down": {"uv": [0, 0, 10, 4], "texture": "#1"}
			}
		},
		{
			"from": [0, -1, 0],
			"to": [16, 1, 10],
			"faces": {
				"north": {"uv": [0, 0, 16, 2], "texture": "#1"},
				"east": {"uv": [0, 0, 10, 2], "texture": "#1"},
				"south": {"uv": [0, 0, 16, 2], "texture": "#1"},
				"west": {"uv": [0, 0, 10, 2], "texture": "#1"},
				"up": {"uv": [0, 0, 16, 10], "texture": "#1"},
				"down": {"uv": [0, 0, 16, 10], "texture": "#1"}
			}
		},
		{
			"from": [1, 1, 1],
			"to": [15, 3, 9],
			"rotation": {"angle": 0, "axis": "y", "origin": [0, 1, 0]},
			"faces": {
				"north": {"uv": [0, 0, 14, 2], "texture": "#1"},
				"east": {"uv": [0, 0, 8, 2], "texture": "#1"},
				"south": {"uv": [0, 0, 14, 2], "texture": "#1"},
				"west": {"uv": [0, 0, 8, 2], "texture": "#1"},
				"up": {"uv": [0, 0, 14, 8], "texture": "#1"},
				"down": {"uv": [0, 0, 14, 8], "texture": "#1"}
			}
		},
		{
			"from": [-1.7, 8, 2.2],
			"to": [8.05, 22, 2.7],
			"rotation": {"angle": -45, "axis": "x", "origin": [-1.7, 17, 2.7]},
			"faces": {
				"north": {"uv": [1.75, 5.25, 15.75, 15], "rotation": 270, "texture": "#1"},
				"east": {"uv": [12, 16, 11.5, 2], "texture": "#1"},
				"south": {"uv": [2, 6, 16, 15.75], "rotation": 90, "texture": "#1"},
				"west": {"uv": [7.25, 2, 6.75, 16], "rotation": 180, "texture": "#1"},
				"up": {"uv": [15.5, 6.25, 16, 16], "rotation": 90, "texture": "#1"},
				"down": {"uv": [13.5, 6.25, 14, 16], "rotation": 90, "texture": "#1"}
			}
		},
		{
			"from": [-1.4, 8.05, 2.7],
			"to": [7.3, 21.65, 3.7],
			"rotation": {"angle": -45, "axis": "x", "origin": [-2.2, 17, 2.7]},
			"faces": {
				"north": {"uv": [2.375, 0, 16, 10.25], "rotation": 270, "texture": "#1"},
				"east": {"uv": [1, 16, 0, 2.375], "texture": "#1"},
				"south": {"uv": [2.375, 5.75, 16, 16], "rotation": 90, "texture": "#1"},
				"west": {"uv": [2, 2.375, 1, 16], "rotation": 180, "texture": "#1"},
				"up": {"uv": [4, 5.75, 5, 16], "rotation": 90, "texture": "#1"},
				"down": {"uv": [5.25, 5.75, 6.25, 16], "rotation": 90, "texture": "#1"}
			}
		},
		{
			"from": [8, 8, 2.2],
			"to": [17.75, 22, 2.7],
			"rotation": {"angle": -45, "axis": "x", "origin": [8, 17, 2.7]},
			"faces": {
				"north": {"uv": [0, 6.25, 14, 16], "rotation": 270, "texture": "#1"},
				"east": {"uv": [8.5, 16, 8, 2], "texture": "#1"},
				"south": {"uv": [2, 6.25, 16, 16], "rotation": 90, "texture": "#1"},
				"west": {"uv": [9.5, 2, 9, 16], "rotation": 180, "texture": "#1"},
				"up": {"uv": [15.5, 6.25, 16, 16], "rotation": 90, "texture": "#1"},
				"down": {"uv": [14.5, 6.25, 15, 16], "rotation": 90, "texture": "#1"}
			}
		},
		{
			"from": [8.8, 8.05, 2.7],
			"to": [17.5, 21.65, 3.7],
			"rotation": {"angle": -45, "axis": "x", "origin": [8, 17, 2.7]},
			"faces": {
				"north": {"uv": [2.375, 0, 16, 10.25], "rotation": 270, "texture": "#1"},
				"east": {"uv": [7.75, 16, 6.75, 2.375], "texture": "#1"},
				"south": {"uv": [2.375, 5.75, 16, 16], "rotation": 90, "texture": "#1"},
				"west": {"uv": [9.5, 2.375, 10.5, 16], "rotation": 180, "texture": "#1"},
				"up": {"uv": [2.5, 5.75, 3.5, 16], "rotation": 90, "texture": "#1"},
				"down": {"uv": [5.25, 5.75, 6.25, 16], "rotation": 90, "texture": "#1"}
			}
		}
	],
	"display": {
		"thirdperson_righthand": {
			"rotation": [75, 45, 0],
			"translation": [0, 2.5, 0],
			"scale": [0.375, 0.375, 0.375]
		},
		"thirdperson_lefthand": {
			"rotation": [75, 45, 0],
			"translation": [0, 2.5, 0],
			"scale": [0.375, 0.375, 0.375]
		},
		"firstperson_righthand": {
			"rotation": [0, 45, 0],
			"scale": [0.4, 0.4, 0.4]
		},
		"firstperson_lefthand": {
			"rotation": [0, 225, 0],
			"scale": [0.4, 0.4, 0.4]
		},
		"ground": {
			"translation": [0, 3, 0],
			"scale": [0.25, 0.25, 0.25]
		},
		"gui": {
			"rotation": [30, 225, 0],
			"scale": [0.625, 0.625, 0.625]
		},
		"head": {
			"translation": [0, -27, 0],
			"scale": [2, 2, 2]
		},
		"fixed": {
			"rotation": [-90, 0, 0],
			"translation": [0, -0.4, -22.75],
			"scale": [2.5, 2.5, 2.5]
		}
	},
	"groups": [
		{
			"name": "root",
			"origin": [0, 1, 0],
			"color": 0,
			"children": [
				{
					"name": "root",
					"origin": [8, 8, 8],
					"color": 0,
					"children": [
						{
							"name": "leg R",
							"origin": [8, 8, 8],
							"color": 0,
							"children": [0, 1]
						},
						{
							"name": "leg L",
							"origin": [8, 8, 8],
							"color": 0,
							"children": [2, 3]
						},
						{
							"name": "body",
							"origin": [8, 8, 8],
							"color": 0,
							"children": [
								4,
								5,
								{
									"name": "arm R",
									"origin": [8, 8, 8],
									"color": 0,
									"children": [6, 7]
								},
								{
									"name": "arm L",
									"origin": [8, 8, 8],
									"color": 0,
									"children": [8, 9]
								},
								{
									"name": "head",
									"origin": [8, 8, 8],
									"color": 0,
									"children": [10, 11]
								}
							]
						}
					]
				},
				{
					"name": "pedistal",
					"origin": [0, 1, 0],
					"color": 0,
					"children": [
						12,
						13,
						14,
						15,
						{
							"name": "book",
							"origin": [-2.2, 17, 2.7],
							"color": 0,
							"children": [
								{
									"name": "half1",
									"origin": [-2.2, 17, 2.7],
									"color": 0,
									"children": [16, 17]
								},
								{
									"name": "half2",
									"origin": [8, 17, 2.7],
									"color": 0,
									"children": [18, 19]
								}
							]
						}
					]
				}
			]
		}
	]
}