{
	"credit": "Made with Blockbench",
	"texture_size": [64, 64],
	"textures": {
		"0": "template:item/ShieldOfSilver",
		"particle": "template:item/ShieldOfSilver"
	},
	"elements": [
		{
			"from": [6, 12, 7.5],
			"to": [10, 14, 9],
			"rotation": {"angle": 0, "axis": "y", "origin": [8, 12, 7]},
			"faces": {
				"north": {"uv": [1, 6, 2, 6.5], "texture": "#0"},
				"east": {"uv": [5, 4, 5.5, 4.5], "texture": "#0"},
				"south": {"uv": [5.75, 6, 6.75, 6.5], "texture": "#0"},
				"west": {"uv": [7.25, 2.5, 7.75, 3], "texture": "#0"},
				"up": {"uv": [7.25, 0.5, 6.25, 0], "texture": "#0"},
				"down": {"uv": [7.25, 0.5, 6.25, 1], "texture": "#0"}
			}
		},
		{
			"from": [10, -1, 8],
			"to": [12, 12, 8.75],
			"rotation": {"angle": 0, "axis": "y", "origin": [8, 10, 7]},
			"faces": {
				"north": {"uv": [2.5, 4.75, 3, 8], "texture": "#0"},
				"east": {"uv": [4.5, 5.75, 4.75, 9], "texture": "#0"},
				"south": {"uv": [3, 4.75, 3.5, 8], "texture": "#0"},
				"west": {"uv": [4.75, 5.75, 5, 9], "texture": "#0"},
				"up": {"uv": [8.25, 4.75, 7.75, 4.5], "texture": "#0"},
				"down": {"uv": [8.25, 4.75, 7.75, 5], "texture": "#0"}
			}
		},
		{
			"from": [4, -1, 8],
			"to": [6, 12, 8.75],
			"rotation": {"angle": 0, "axis": "y", "origin": [2, 10, 7]},
			"faces": {
				"north": {"uv": [3.5, 4.75, 4, 8], "texture": "#0"},
				"east": {"uv": [5, 5.75, 5.25, 9], "texture": "#0"},
				"south": {"uv": [5, 0, 5.5, 3.25], "texture": "#0"},
				"west": {"uv": [5.25, 5.75, 5.5, 9], "texture": "#0"},
				"up": {"uv": [8.25, 5.25, 7.75, 5], "texture": "#0"},
				"down": {"uv": [8.25, 5.25, 7.75, 5.5], "texture": "#0"}
			}
		},
		{
			"from": [2, 3, 8],
			"to": [4, 11, 8.75],
			"rotation": {"angle": 0, "axis": "y", "origin": [2, 10, 7]},
			"faces": {
				"north": {"uv": [5.75, 0, 6.25, 2], "texture": "#0"},
				"east": {"uv": [2, 6, 2.25, 8], "texture": "#0"},
				"south": {"uv": [5.75, 2, 6.25, 4], "texture": "#0"},
				"west": {"uv": [2.25, 6, 2.5, 8], "texture": "#0"},
				"up": {"uv": [8.25, 5.75, 7.75, 5.5], "texture": "#0"},
				"down": {"uv": [6.25, 7.75, 5.75, 8], "texture": "#0"}
			}
		},
		{
			"from": [12, 3, 8],
			"to": [14, 11, 8.75],
			"rotation": {"angle": 0, "axis": "y", "origin": [12, 10, 7]},
			"faces": {
				"north": {"uv": [4, 5.75, 4.5, 7.75], "texture": "#0"},
				"east": {"uv": [6.25, 1, 6.5, 3], "texture": "#0"},
				"south": {"uv": [5.75, 4, 6.25, 6], "texture": "#0"},
				"west": {"uv": [6.25, 3, 6.5, 5], "texture": "#0"},
				"up": {"uv": [8.25, 6, 7.75, 5.75], "texture": "#0"},
				"down": {"uv": [6.75, 7.75, 6.25, 8], "texture": "#0"}
			}
		},
		{
			"from": [6, -6, 8],
			"to": [10, 12, 8.75],
			"rotation": {"angle": 0, "axis": "y", "origin": [8, 10, 7]},
			"faces": {
				"north": {"uv": [0, 0, 1, 4.5], "texture": "#0"},
				"east": {"uv": [5.5, 0, 5.75, 4.5], "texture": "#0"},
				"south": {"uv": [1, 0, 2, 4.5], "texture": "#0"},
				"west": {"uv": [5.5, 4.5, 5.75, 9], "texture": "#0"},
				"up": {"uv": [2, 4.75, 1, 4.5], "texture": "#0"},
				"down": {"uv": [8.5, 7, 7.5, 7.25], "texture": "#0"}
			}
		},
		{
			"from": [9.15851, 11.76956, 7.5],
			"to": [12.15851, 13.76956, 9],
			"rotation": {"angle": -22.5, "axis": "z", "origin": [10.15851, 11.76956, 7]},
			"faces": {
				"north": {"uv": [6.25, 5, 7, 5.5], "texture": "#0"},
				"east": {"uv": [7.25, 3, 7.75, 3.5], "texture": "#0"},
				"south": {"uv": [6.25, 5.5, 7, 6], "texture": "#0"},
				"west": {"uv": [5.75, 7.25, 6.25, 7.75], "texture": "#0"},
				"up": {"uv": [1.75, 7, 1, 6.5], "texture": "#0"},
				"down": {"uv": [7.25, 1, 6.5, 1.5], "texture": "#0"}
			}
		},
		{
			"from": [3.76537, 12.15224, 7.5],
			"to": [6.76537, 14.15224, 9],
			"rotation": {"angle": 22.5, "axis": "z", "origin": [6.76537, 12.15224, 7]},
			"faces": {
				"north": {"uv": [6.25, 6.5, 7, 7], "texture": "#0"},
				"east": {"uv": [7.75, 0, 8.25, 0.5], "texture": "#0"},
				"south": {"uv": [6.75, 6, 7.5, 6.5], "texture": "#0"},
				"west": {"uv": [7.75, 0.5, 8.25, 1], "texture": "#0"},
				"up": {"uv": [1.75, 7.5, 1, 7], "texture": "#0"},
				"down": {"uv": [7.75, 3.5, 7, 4], "texture": "#0"}
			}
		},
		{
			"from": [1.64257, 11.43774, 7.5],
			"to": [4.64257, 13.43774, 9],
			"rotation": {"angle": 45, "axis": "z", "origin": [4.64257, 11.43774, 7]},
			"faces": {
				"north": {"uv": [7, 4, 7.75, 4.5], "texture": "#0"},
				"east": {"uv": [7.75, 1, 8.25, 1.5], "texture": "#0"},
				"south": {"uv": [7, 4.5, 7.75, 5], "texture": "#0"},
				"west": {"uv": [7.75, 2.5, 8.25, 3], "texture": "#0"},
				"up": {"uv": [7.75, 5.5, 7, 5], "texture": "#0"},
				"down": {"uv": [7.75, 5.5, 7, 6], "texture": "#0"}
			}
		},
		{
			"from": [0.9548, 6.96526, 7.5],
			"to": [2.9548, 9.96526, 9],
			"rotation": {"angle": -22.5, "axis": "z", "origin": [2.9548, 9.96526, 7]},
			"faces": {
				"north": {"uv": [6.25, 7, 6.75, 7.75], "texture": "#0"},
				"east": {"uv": [7, 6.5, 7.5, 7.25], "texture": "#0"},
				"south": {"uv": [7.25, 0, 7.75, 0.75], "texture": "#0"},
				"west": {"uv": [7.25, 0.75, 7.75, 1.5], "texture": "#0"},
				"up": {"uv": [8.25, 3.5, 7.75, 3], "texture": "#0"},
				"down": {"uv": [8.25, 3.5, 7.75, 4], "texture": "#0"}
			}
		},
		{
			"from": [-0.19325, -9.47564, 7.5],
			"to": [1.80675, 8.72436, 9],
			"rotation": {"angle": 22.5, "axis": "z", "origin": [1.80675, 8.72436, 7]},
			"faces": {
				"north": {"uv": [4, 0, 4.5, 4.5], "texture": "#0"},
				"east": {"uv": [0, 4.5, 0.5, 9], "texture": "#0"},
				"south": {"uv": [4.5, 0, 5, 4.5], "texture": "#0"},
				"west": {"uv": [0.5, 4.5, 1, 9], "texture": "#0"},
				"up": {"uv": [4.5, 8.25, 4, 7.75], "texture": "#0"},
				"down": {"uv": [8.25, 4, 7.75, 4.5], "texture": "#0"}
			}
		},
		{
			"from": [11.35743, 11.43774, 7.5],
			"to": [14.35743, 13.43774, 9],
			"rotation": {"angle": -45, "axis": "z", "origin": [11.35743, 11.43774, 7]},
			"faces": {
				"north": {"uv": [6.5, 1.5, 7.25, 2], "texture": "#0"},
				"east": {"uv": [6.75, 7.25, 7.25, 7.75], "texture": "#0"},
				"south": {"uv": [6.5, 2, 7.25, 2.5], "texture": "#0"},
				"west": {"uv": [7.25, 7.25, 7.75, 7.75], "texture": "#0"},
				"up": {"uv": [7.25, 3, 6.5, 2.5], "texture": "#0"},
				"down": {"uv": [7.25, 3, 6.5, 3.5], "texture": "#0"}
			}
		},
		{
			"from": [13.0452, 6.96526, 7.5],
			"to": [15.0452, 9.96526, 9],
			"rotation": {"angle": 22.5, "axis": "z", "origin": [13.0452, 9.96526, 7]},
			"faces": {
				"north": {"uv": [5, 3.25, 5.5, 4], "texture": "#0"},
				"east": {"uv": [6.5, 3.5, 7, 4.25], "texture": "#0"},
				"south": {"uv": [6.5, 4.25, 7, 5], "texture": "#0"},
				"west": {"uv": [5.75, 6.5, 6.25, 7.25], "texture": "#0"},
				"up": {"uv": [1.5, 8, 1, 7.5], "texture": "#0"},
				"down": {"uv": [2, 7.5, 1.5, 8], "texture": "#0"}
			}
		},
		{
			"from": [14.19325, -10.27564, 7.5],
			"to": [16.19325, 8.72436, 9],
			"rotation": {"angle": -22.5, "axis": "z", "origin": [14.19325, 8.72436, 7]},
			"faces": {
				"north": {"uv": [2, 0, 2.5, 4.75], "texture": "#0"},
				"east": {"uv": [2.5, 0, 3, 4.75], "texture": "#0"},
				"south": {"uv": [3, 0, 3.5, 4.75], "texture": "#0"},
				"west": {"uv": [3.5, 0, 4, 4.75], "texture": "#0"},
				"up": {"uv": [8, 6.5, 7.5, 6], "texture": "#0"},
				"down": {"uv": [8, 6.5, 7.5, 7], "texture": "#0"}
			}
		},
		{
			"from": [5, 2, 9],
			"to": [11, 3, 14],
			"rotation": {"angle": 0, "axis": "y", "origin": [7, 2, 9]},
			"faces": {
				"north": {"uv": [7.25, 1.5, 8.75, 1.75], "texture": "#0"},
				"east": {"uv": [7.25, 2, 8.5, 2.25], "texture": "#0"},
				"south": {"uv": [7.25, 1.75, 8.75, 2], "texture": "#0"},
				"west": {"uv": [7.25, 2.25, 8.5, 2.5], "texture": "#0"},
				"up": {"uv": [5.5, 5.75, 4, 4.5], "texture": "#0"},
				"down": {"uv": [2.5, 4.75, 1, 6], "texture": "#0"}
			}
		}
	],
	"display": {
		"thirdperson_righthand": {
			"rotation": [90, -90, 0],
			"translation": [3.75, -2.25, 8]
		},
		"thirdperson_lefthand": {
			"rotation": [90, -90, 0],
			"translation": [3.75, -2.25, 8]
		},
		"firstperson_righthand": {
			"translation": [4.5, 3, 0]
		},
		"firstperson_lefthand": {
			"translation": [4.5, 3, 0]
		},
		"ground": {
			"translation": [0, 19, 0]
		},
		"gui": {
			"translation": [0, 3, 0],
			"scale": [0.9, 0.5, 0.5]
		},
		"head": {
			"translation": [0, 3.5, -7.25]
		},
		"fixed": {
			"rotation": [-28, 0, 0],
			"translation": [0, 11.25, -17],
			"scale": [2, 2, 2]
		}
	}
}