{
	"credit": "Made with Blockbench",
	"textures": {
		"2": "item/stone",
		"particle": "item/stone"
	},
	"elements": [
		{
			"name": "iner",
			"from": [4.6, 22.8, 7.8],
			"to": [12.3, 30.7, 15.5],
			"rotation": {"angle": 22.5, "axis": "x", "origin": [9, 23, 11]},
			"faces": {
				"north": {"uv": [0, 0, 16, 16], "texture": "#2"},
				"east": {"uv": [0, 0, 16, 16], "texture": "#2"},
				"south": {"uv": [0, 0, 16, 16], "texture": "#2"},
				"west": {"uv": [0, 0, 16, 16], "texture": "#2"},
				"up": {"uv": [0, 0, 16, 16], "texture": "#2"},
				"down": {"uv": [16, 0, 0, 16], "texture": "#2"}
			}
		},
		{
			"from": [19, 22.65, 4.1],
			"to": [21, 24.45, 5.9],
			"rotation": {"angle": 0, "axis": "z", "origin": [9, -1, 9]},
			"faces": {
				"north": {"uv": [14, 0, 16, 2], "rotation": 90, "texture": "#2"},
				"east": {"uv": [16, 10, 14, 12], "rotation": 270, "texture": "#2"},
				"south": {"uv": [14, 4, 16, 6], "rotation": 270, "texture": "#2"},
				"west": {"uv": [16, 10, 14, 8], "rotation": 270, "texture": "#2"},
				"up": {"uv": [14, 2, 16, 4], "rotation": 270, "texture": "#2"},
				"down": {"uv": [14, 6, 16, 8], "rotation": 270, "texture": "#2"}
			}
		},
		{
			"from": [19.25, 22.45, 4.25],
			"to": [20.75, 24.55, 5.75],
			"rotation": {"angle": 0, "axis": "z", "origin": [9, -1, 9]},
			"faces": {
				"north": {"uv": [12, 14, 14, 15.5], "rotation": 90, "texture": "#2"},
				"east": {"uv": [8, 10, 6, 11.5], "rotation": 270, "texture": "#2"},
				"south": {"uv": [14, 14, 16, 15.5], "rotation": 270, "texture": "#2"},
				"west": {"uv": [6, 12.5, 4, 11], "rotation": 270, "texture": "#2"},
				"up": {"uv": [9, 13, 10.5, 14.5], "rotation": 270, "texture": "#2"},
				"down": {"uv": [9, 2, 10.5, 3.5], "rotation": 270, "texture": "#2"}
			}
		},
		{
			"from": [18.95, 22.75, 4.15],
			"to": [21.15, 24.25, 5.65],
			"rotation": {"angle": 0, "axis": "z", "origin": [9, -1, 9]},
			"faces": {
				"north": {"uv": [12, 4, 13.5, 6], "rotation": 90, "texture": "#2"},
				"east": {"uv": [12.5, 11, 11, 12.5], "rotation": 270, "texture": "#2"},
				"south": {"uv": [13, 6, 14.5, 8], "rotation": 270, "texture": "#2"},
				"west": {"uv": [1.5, 10.5, 0, 9], "rotation": 270, "texture": "#2"},
				"up": {"uv": [13, 0, 14.5, 2], "rotation": 270, "texture": "#2"},
				"down": {"uv": [9, 13, 10.5, 15], "rotation": 270, "texture": "#2"}
			}
		},
		{
			"from": [19.25, 22.85, 3.95],
			"to": [20.75, 24.35, 6.05],
			"rotation": {"angle": 0, "axis": "z", "origin": [9, -1, 9]},
			"faces": {
				"north": {"uv": [10, 11, 11.5, 12.5], "rotation": 90, "texture": "#2"},
				"east": {"uv": [11.5, 11, 10, 13], "rotation": 270, "texture": "#2"},
				"south": {"uv": [9, 13, 10.5, 14.5], "rotation": 270, "texture": "#2"},
				"west": {"uv": [10.5, 5, 9, 3], "rotation": 270, "texture": "#2"},
				"up": {"uv": [10, 12, 12, 13.5], "rotation": 270, "texture": "#2"},
				"down": {"uv": [3, 8, 5, 9.5], "rotation": 270, "texture": "#2"}
			}
		},
		{
			"from": [16.25, 23, 4.5],
			"to": [19, 24, 5.5],
			"rotation": {"angle": 0, "axis": "z", "origin": [9, -1, 9]},
			"faces": {
				"north": {"uv": [7, 7, 8, 10], "rotation": 90, "texture": "#2"},
				"east": {"uv": [9, 12, 8, 13], "rotation": 270, "texture": "#2"},
				"south": {"uv": [13, 12, 14, 15], "rotation": 270, "texture": "#2"},
				"west": {"uv": [14, 11, 13, 10], "rotation": 270, "texture": "#2"},
				"up": {"uv": [11, 10, 12, 13], "rotation": 270, "texture": "#2"},
				"down": {"uv": [11, 6, 12, 9], "rotation": 270, "texture": "#2"}
			}
		},
		{
			"from": [14.05, 22.9, 4.4],
			"to": [17.25, 24.1, 5.6],
			"rotation": {"angle": 0, "axis": "z", "origin": [9, -1, 9]},
			"faces": {
				"north": {"uv": [10, 11, 11, 14], "rotation": 90, "texture": "#2"},
				"east": {"uv": [11, 9, 10, 10], "rotation": 270, "texture": "#2"},
				"south": {"uv": [10, 11, 11, 14], "rotation": 270, "texture": "#2"},
				"west": {"uv": [11, 12, 10, 11], "rotation": 270, "texture": "#2"},
				"up": {"uv": [10, 11, 11, 14], "rotation": 270, "texture": "#2"},
				"down": {"uv": [10, 11, 11, 14], "rotation": 270, "texture": "#2"}
			}
		},
		{
			"from": [13, 22.75, 2],
			"to": [14, 24.25, 8],
			"rotation": {"angle": 0, "axis": "z", "origin": [9, -1, 9]},
			"faces": {
				"north": {"uv": [10, 10, 11.5, 11], "rotation": 90, "texture": "#2"},
				"east": {"uv": [13.5, 6, 12, 12], "rotation": 270, "texture": "#2"},
				"south": {"uv": [10, 11, 11.5, 12], "rotation": 270, "texture": "#2"},
				"west": {"uv": [13.5, 6, 12, 0], "rotation": 270, "texture": "#2"},
				"up": {"uv": [7, 12, 13, 13], "rotation": 270, "texture": "#2"},
				"down": {"uv": [0, 15, 6, 16], "rotation": 270, "texture": "#2"}
			}
		},
		{
			"from": [5.9383, 23, 0.62078],
			"to": [7.3383, 24, 1.62078],
			"rotation": {"angle": -45, "axis": "y", "origin": [9, -1, 9]},
			"faces": {
				"north": {"uv": [15, 6, 14, 7.5], "rotation": 270, "texture": "#2"},
				"east": {"uv": [12, 11, 13, 12], "rotation": 270, "texture": "#2"},
				"south": {"uv": [6, 9.5, 5, 8], "rotation": 270, "texture": "#2"},
				"west": {"uv": [11, 8, 12, 9], "rotation": 90, "texture": "#2"},
				"up": {"uv": [7, 3, 8.5, 4], "rotation": 180, "texture": "#2"},
				"down": {"uv": [10, 5, 11.5, 6], "texture": "#2"}
			}
		},
		{
			"from": [-2.5, 23, 4],
			"to": [13.5, 24, 6],
			"rotation": {"angle": 0, "axis": "z", "origin": [9, -1, 9]},
			"faces": {
				"north": {"uv": [8, 0, 9, 16], "rotation": 90, "texture": "#2"},
				"east": {"uv": [12, 4, 11, 6], "rotation": 270, "texture": "#2"},
				"south": {"uv": [9, 0, 10, 16], "rotation": 270, "texture": "#2"},
				"west": {"uv": [2, 16, 1, 14], "rotation": 270, "texture": "#2"},
				"up": {"uv": [0, 0, 2, 16], "rotation": 270, "texture": "#2"},
				"down": {"uv": [2, 0, 4, 16], "rotation": 270, "texture": "#2"}
			}
		},
		{
			"from": [2.94315, 23, -2.71371],
			"to": [4.34315, 24, -1.31371],
			"rotation": {"angle": 45, "axis": "y", "origin": [9, -1, 9]},
			"faces": {
				"north": {"uv": [11, 12, 10, 10], "rotation": 270, "texture": "#2"},
				"east": {"uv": [8, 0, 9, 16], "rotation": 90, "texture": "#2"},
				"south": {"uv": [14, 4, 13, 6], "rotation": 270, "texture": "#2"},
				"west": {"uv": [9, 0, 10, 16], "rotation": 270, "texture": "#2"},
				"up": {"uv": [0, 0, 2, 16], "texture": "#2"},
				"down": {"uv": [2, 0, 4, 16], "rotation": 180, "texture": "#2"}
			}
		},
		{
			"from": [10.62635, 23.2, 4.96949],
			"to": [11.62635, 24.2, 6.36949],
			"rotation": {"angle": -45, "axis": "y", "origin": [9, -1, 9]},
			"faces": {
				"north": {"uv": [15, 7, 14, 8], "rotation": 270, "texture": "#2"},
				"east": {"uv": [9, 11, 10, 12.5], "rotation": 270, "texture": "#2"},
				"south": {"uv": [13, 12, 12, 11], "rotation": 270, "texture": "#2"},
				"west": {"uv": [12, 5, 13, 6.5], "rotation": 90, "texture": "#2"},
				"up": {"uv": [9, 9, 10.5, 10], "rotation": 270, "texture": "#2"},
				"down": {"uv": [10, 7, 11, 8.5], "texture": "#2"}
			}
		},
		{
			"from": [-1.25, 22.9, 4.25],
			"to": [13.5, 24.1, 5.75],
			"rotation": {"angle": 0, "axis": "z", "origin": [9, -1, 9]},
			"faces": {
				"north": {"uv": [10, 0, 11, 15], "rotation": 90, "texture": "#2"},
				"east": {"uv": [16, 3, 15, 4.5], "rotation": 270, "texture": "#2"},
				"south": {"uv": [11, 0, 12, 15], "rotation": 270, "texture": "#2"},
				"west": {"uv": [14, 9.5, 13, 8], "rotation": 270, "texture": "#2"},
				"up": {"uv": [4, 0, 5.5, 15], "rotation": 270, "texture": "#2"},
				"down": {"uv": [6, 0, 7.5, 15], "rotation": 270, "texture": "#2"}
			}
		},
		{
			"name": "iner",
			"from": [12.3, 18.2, 2.3],
			"to": [16.5, 23, 14.1],
			"rotation": {"angle": 0, "axis": "x", "origin": [9, -1, 9]},
			"faces": {
				"north": {"uv": [0, 0, 3.975, 4], "rotation": 180, "texture": "#2"},
				"east": {"uv": [0, 0, 8, 16], "rotation": 270, "texture": "#2"},
				"south": {"uv": [0, 0, 4, 4], "texture": "#2"},
				"west": {"uv": [0, 0, 8, 16], "rotation": 90, "texture": "#2"},
				"up": {"uv": [0, 0, 8, 16], "rotation": 180, "texture": "#2"},
				"down": {"uv": [0.075, 0, 7.975, 16], "texture": "#2"}
			}
		},
		{
			"name": "iner",
			"from": [0.25, 18.2, 2.65],
			"to": [4.7, 22.8, 14.25],
			"rotation": {"angle": 0, "axis": "x", "origin": [9, -1, 8.75]},
			"faces": {
				"north": {"uv": [0, 0, 3.975, 4], "rotation": 180, "texture": "#2"},
				"east": {"uv": [0, 0, 8, 16], "rotation": 270, "texture": "#2"},
				"south": {"uv": [0, 0, 4, 4], "texture": "#2"},
				"west": {"uv": [0.025, 0, 8, 16], "rotation": 90, "texture": "#2"},
				"up": {"uv": [0, 0, 8.025, 16], "rotation": 180, "texture": "#2"},
				"down": {"uv": [0, 0, 8, 16], "texture": "#2"}
			}
		},
		{
			"from": [4.8, 20.6, 14],
			"to": [12.2, 22.6, 15],
			"rotation": {"angle": 0, "axis": "y", "origin": [9, -1, 9]},
			"faces": {
				"north": {"uv": [0, 0, 7.4, 2], "texture": "#2"},
				"east": {"uv": [0, 0, 1, 2], "texture": "#2"},
				"south": {"uv": [0, 0, 7.4, 2], "texture": "#2"},
				"west": {"uv": [0, 0, 1, 2], "texture": "#2"},
				"up": {"uv": [0, 0, 7.4, 1], "texture": "#2"},
				"down": {"uv": [0, 0, 7.4, 1], "texture": "#2"}
			}
		},
		{
			"from": [4.55, 18.6, 14.75],
			"to": [12.45, 20.6, 15.75],
			"rotation": {"angle": 0, "axis": "y", "origin": [9, -1, 9]},
			"faces": {
				"north": {"uv": [0, 0, 7.9, 2], "texture": "#2"},
				"east": {"uv": [0, 0, 1, 2], "texture": "#2"},
				"south": {"uv": [0, 0, 7.9, 2], "texture": "#2"},
				"west": {"uv": [0, 0, 1, 2], "texture": "#2"},
				"up": {"uv": [0, 0, 7.9, 1], "texture": "#2"},
				"down": {"uv": [0, 0, 7.9, 1], "texture": "#2"}
			}
		},
		{
			"from": [3.8, 16.6, 15.5],
			"to": [13.2, 18.6, 16.5],
			"rotation": {"angle": 0, "axis": "y", "origin": [9, -1, 9]},
			"faces": {
				"north": {"uv": [0, 0, 9.4, 2], "texture": "#2"},
				"east": {"uv": [0, 0, 1, 2], "texture": "#2"},
				"south": {"uv": [0, 0, 9.4, 2], "texture": "#2"},
				"west": {"uv": [0, 0, 1, 2], "texture": "#2"},
				"up": {"uv": [0, 0, 9.4, 1], "texture": "#2"},
				"down": {"uv": [0, 0, 9.4, 1], "texture": "#2"}
			}
		},
		{
			"from": [3.3, 14.6, 16.25],
			"to": [13.95, 16.6, 17.25],
			"rotation": {"angle": 0, "axis": "y", "origin": [9, -1, 9]},
			"faces": {
				"north": {"uv": [0, 0, 10.65, 2], "texture": "#2"},
				"east": {"uv": [0, 0, 1, 2], "texture": "#2"},
				"south": {"uv": [0, 0, 10.65, 2], "texture": "#2"},
				"west": {"uv": [0, 0, 1, 2], "texture": "#2"},
				"up": {"uv": [0, 0, 10.65, 1], "texture": "#2"},
				"down": {"uv": [0, 0, 10.65, 1], "texture": "#2"}
			}
		},
		{
			"from": [2.55, 12.6, 17],
			"to": [14.7, 14.6, 18],
			"rotation": {"angle": 0, "axis": "y", "origin": [9, -1, 9]},
			"faces": {
				"north": {"uv": [0, 0, 12.15, 2], "texture": "#2"},
				"east": {"uv": [0, 0, 1, 2], "texture": "#2"},
				"south": {"uv": [0, 0, 12.15, 2], "texture": "#2"},
				"west": {"uv": [0, 0, 1, 2], "texture": "#2"},
				"up": {"uv": [0, 0, 12.15, 1], "texture": "#2"},
				"down": {"uv": [0, 0, 12.15, 1], "texture": "#2"}
			}
		},
		{
			"from": [2.05, 10.6, 17.75],
			"to": [15.2, 12.6, 18.75],
			"rotation": {"angle": 0, "axis": "y", "origin": [9, -1, 9]},
			"faces": {
				"north": {"uv": [0, 0, 13.15, 2], "texture": "#2"},
				"east": {"uv": [0, 0, 1, 2], "texture": "#2"},
				"south": {"uv": [0, 0, 13.15, 2], "texture": "#2"},
				"west": {"uv": [0, 0, 1, 2], "texture": "#2"},
				"up": {"uv": [0, 0, 13.15, 1], "texture": "#2"},
				"down": {"uv": [0, 0, 13.15, 1], "texture": "#2"}
			}
		},
		{
			"from": [1.55, 8.6, 18.5],
			"to": [15.7, 10.6, 19.5],
			"rotation": {"angle": 0, "axis": "y", "origin": [9, -1, 9]},
			"faces": {
				"north": {"uv": [0, 0, 14.15, 2], "texture": "#2"},
				"east": {"uv": [0, 0, 1, 2], "texture": "#2"},
				"south": {"uv": [0, 0, 14.15, 2], "texture": "#2"},
				"west": {"uv": [0, 0, 1, 2], "texture": "#2"},
				"up": {"uv": [0, 0, 14.15, 1], "texture": "#2"},
				"down": {"uv": [0, 0, 14.15, 1], "texture": "#2"}
			}
		},
		{
			"name": "iner",
			"from": [4.75, 11.25, 9.75],
			"to": [12.25, 22.75, 14.25],
			"rotation": {"angle": 0, "axis": "x", "origin": [9, -1, 9]},
			"faces": {
				"north": {"uv": [0, 0, 16, 16], "texture": "#2"},
				"east": {"uv": [0, 0, 8, 16], "texture": "#2"},
				"south": {"uv": [0, 0, 16, 16], "texture": "#2"},
				"west": {"uv": [0, 0, 8, 16], "texture": "#2"},
				"up": {"uv": [5, 4, 7, 5], "texture": "#2"},
				"down": {"uv": [7, 4, 9, 5], "rotation": 270, "texture": "#2"}
			}
		},
		{
			"name": "iner",
			"from": [8.35, -1, 9.8],
			"to": [12.35, 11.3, 14.2],
			"rotation": {"angle": 0, "axis": "x", "origin": [9, -1, 9]},
			"faces": {
				"north": {"uv": [0, 0, 8, 16], "texture": "#2"},
				"east": {"uv": [0, 0, 8, 16], "texture": "#2"},
				"south": {"uv": [0, 0, 8, 16], "texture": "#2"},
				"west": {"uv": [0, 0, 8, 16], "texture": "#2"},
				"up": {"uv": [1, 4, 2, 5], "texture": "#2"},
				"down": {"uv": [0, 0, 8, 16], "texture": "#2"}
			}
		},
		{
			"name": "iner",
			"from": [4.65, 7.75, 2],
			"to": [8.45, 12.25, 14.2],
			"rotation": {"angle": 0, "axis": "x", "origin": [9, -1, 9]},
			"faces": {
				"north": {"uv": [0, 0, 4, 4], "rotation": 180, "texture": "#2"},
				"east": {"uv": [0, 0, 7, 16], "rotation": 270, "texture": "#2"},
				"south": {"uv": [0, 0, 4, 4], "texture": "#2"},
				"west": {"uv": [0, 0, 7, 16], "rotation": 90, "texture": "#2"},
				"up": {"uv": [0, 0, 7, 16], "rotation": 180, "texture": "#2"},
				"down": {"uv": [0, 0, 7, 16], "texture": "#2"}
			}
		},
		{
			"name": "iner",
			"from": [4.65, -1, 2.05],
			"to": [8.45, 7.8, 6.55],
			"rotation": {"angle": 0, "axis": "x", "origin": [9, -1, 8.9]},
			"faces": {
				"north": {"uv": [0, 0, 7, 16], "texture": "#2"},
				"east": {"uv": [0, 0, 7, 16], "texture": "#2"},
				"south": {"uv": [0, 0, 7, 16], "texture": "#2"},
				"west": {"uv": [0, 0, 7, 16], "texture": "#2"},
				"up": {"uv": [0, 0, 4, 4], "texture": "#2"},
				"down": {"uv": [0, 0, 4, 4], "texture": "#2"}
			}
		}
	],
	"display": {
		"thirdperson_righthand": {
			"rotation": [75, 45, 0],
			"translation": [0, 2.5, 0],
			"scale": [0.375, 0.375, 0.375]
		},
		"thirdperson_lefthand": {
			"rotation": [75, 45, 0],
			"translation": [0, 2.5, 0],
			"scale": [0.375, 0.375, 0.375]
		},
		"firstperson_righthand": {
			"rotation": [0, 45, 0],
			"scale": [0.4, 0.4, 0.4]
		},
		"firstperson_lefthand": {
			"rotation": [0, 225, 0],
			"scale": [0.4, 0.4, 0.4]
		},
		"ground": {
			"translation": [0, 3, 0],
			"scale": [0.25, 0.25, 0.25]
		},
		"gui": {
			"rotation": [30, 225, 0],
			"translation": [0, -3.75, 0],
			"scale": [0.625, 0.625, 0.625]
		},
		"head": {
			"translation": [0, -27, -2],
			"scale": [2, 2, 2]
		},
		"fixed": {
			"rotation": [-90, 0, 0],
			"translation": [0, -0.4, -22.75],
			"scale": [2.5, 2.5, 2.5]
		}
	},
	"groups": [
		{
			"name": "root",
			"origin": [6.5, 9, 7],
			"color": 0,
			"children": [
				{
					"name": "group",
					"origin": [6.5, 9, 7],
					"color": 0,
					"children": []
				},
				{
					"name": "head",
					"origin": [0, 0, 0],
					"color": 0,
					"children": [
						0,
						{
							"name": "helmet",
							"origin": [0, 0, 0],
							"color": 0,
							"children": []
						}
					]
				},
				{
					"name": "group",
					"origin": [6.5, 14, 7],
					"color": 0,
					"children": [1, 2, 3, 4, 5, 6, 7, 8, 9, 10, 11, 12]
				},
				{
					"name": "armL",
					"origin": [4.5, 12, 7],
					"color": 0,
					"children": [13]
				},
				{
					"name": "armR",
					"origin": [4.5, 12, 7],
					"color": 2,
					"children": [14]
				},
				{
					"name": "cape",
					"origin": [4.8, 9.6, 18.5],
					"color": 0,
					"children": [15, 16, 17, 18, 19, 20, 21]
				},
				{
					"name": "bodey",
					"origin": [4.5, 12, 7],
					"color": 0,
					"children": [22]
				},
				{
					"name": "legsR",
					"origin": [10, 0, 7],
					"color": 0,
					"children": [23]
				},
				{
					"name": "legsL",
					"origin": [5, 0, 7],
					"color": 0,
					"children": [24, 25]
				}
			]
		}
	]
}