{
	"credit": "Made with Blockbench",
	"textures": {
		"0": "item/stone",
		"particle": "item/stone"
	},
	"elements": [
		{
			"name": "iner",
			"from": [4.6, 22.8, 7.8],
			"to": [12.3, 30.7, 15.5],
			"rotation": {"angle": -22.5, "axis": "x", "origin": [9, 23, 11]},
			"faces": {
				"north": {"uv": [0, 0, 16, 16], "texture": "#0"},
				"east": {"uv": [0, 0, 16, 16], "texture": "#0"},
				"south": {"uv": [0, 0, 16, 16], "texture": "#0"},
				"west": {"uv": [0, 0, 16, 16], "texture": "#0"},
				"up": {"uv": [0, 0, 16, 16], "texture": "#0"},
				"down": {"uv": [16, 0, 0, 16], "texture": "#0"}
			}
		},
		{
			"name": "iner",
			"from": [12.3, 18.2, 11.3],
			"to": [16.5, 23, 23.1],
			"rotation": {"angle": -22.5, "axis": "x", "origin": [9, -1, 18]},
			"faces": {
				"north": {"uv": [0, 0, 3.975, 4], "rotation": 180, "texture": "#0"},
				"east": {"uv": [0, 0, 8, 16], "rotation": 270, "texture": "#0"},
				"south": {"uv": [0, 0, 4, 4], "texture": "#0"},
				"west": {"uv": [0, 0, 8, 16], "rotation": 90, "texture": "#0"},
				"up": {"uv": [0, 0, 8, 16], "rotation": 180, "texture": "#0"},
				"down": {"uv": [0.075, 0, 7.975, 16], "texture": "#0"}
			}
		},
		{
			"name": "iner",
			"from": [0.25, 2.9, 6.85],
			"to": [4.7, 14.5, 11.45],
			"rotation": {"angle": 22.5, "axis": "x", "origin": [9, 9, 30.65]},
			"faces": {
				"north": {"uv": [0, 0, 8.025, 16], "texture": "#0"},
				"east": {"uv": [0, 0, 8, 16], "texture": "#0"},
				"south": {"uv": [0, 0, 8, 16], "texture": "#0"},
				"west": {"uv": [0.025, 0, 8, 16], "texture": "#0"},
				"up": {"uv": [0, 0, 4, 4], "texture": "#0"},
				"down": {"uv": [0, 0, 3.975, 4], "texture": "#0"}
			}
		},
		{
			"name": "iner",
			"from": [4.75, 11.25, 9.75],
			"to": [12.25, 22.75, 14.25],
			"rotation": {"angle": 0, "axis": "y", "origin": [9, -1, 9]},
			"faces": {
				"north": {"uv": [0, 0, 16, 16], "texture": "#0"},
				"east": {"uv": [0, 0, 8, 16], "texture": "#0"},
				"south": {"uv": [0, 0, 16, 16], "texture": "#0"},
				"west": {"uv": [0, 0, 8, 16], "texture": "#0"},
				"up": {"uv": [5, 4, 7, 5], "texture": "#0"},
				"down": {"uv": [7, 4, 9, 5], "rotation": 270, "texture": "#0"}
			}
		},
		{
			"name": "iner",
			"from": [4.65, 7.75, 2],
			"to": [8.45, 12.25, 14.2],
			"rotation": {"angle": 0, "axis": "y", "origin": [9, -1, 9]},
			"faces": {
				"north": {"uv": [0, 0, 4, 4], "rotation": 180, "texture": "#0"},
				"east": {"uv": [0, 0, 7, 16], "rotation": 270, "texture": "#0"},
				"south": {"uv": [0, 0, 4, 4], "texture": "#0"},
				"west": {"uv": [0, 0, 7, 16], "rotation": 90, "texture": "#0"},
				"up": {"uv": [0, 0, 7, 16], "rotation": 180, "texture": "#0"},
				"down": {"uv": [0, 0, 7, 16], "texture": "#0"}
			}
		},
		{
			"name": "iner",
			"from": [4.65, -1, 2.05],
			"to": [8.45, 7.8, 6.55],
			"rotation": {"angle": 0, "axis": "y", "origin": [9, -1, 8.9]},
			"faces": {
				"north": {"uv": [0, 0, 7, 16], "texture": "#0"},
				"east": {"uv": [0, 0, 7, 16], "texture": "#0"},
				"south": {"uv": [0, 0, 7, 16], "texture": "#0"},
				"west": {"uv": [0, 0, 7, 16], "texture": "#0"},
				"up": {"uv": [0, 0, 4, 4], "texture": "#0"},
				"down": {"uv": [0, 0, 4, 4], "texture": "#0"}
			}
		},
		{
			"name": "iner",
			"from": [8.65, 7.75, 2],
			"to": [12.45, 12.25, 14.2],
			"rotation": {"angle": 0, "axis": "y", "origin": [13, -1, 9]},
			"faces": {
				"north": {"uv": [0, 0, 4, 4], "rotation": 180, "texture": "#0"},
				"east": {"uv": [0, 0, 7, 16], "rotation": 270, "texture": "#0"},
				"south": {"uv": [0, 0, 4, 4], "texture": "#0"},
				"west": {"uv": [0, 0, 7, 16], "rotation": 90, "texture": "#0"},
				"up": {"uv": [0, 0, 7, 16], "rotation": 180, "texture": "#0"},
				"down": {"uv": [0, 0, 7, 16], "texture": "#0"}
			}
		},
		{
			"name": "iner",
			"from": [8.65, -1, 2.05],
			"to": [12.45, 7.8, 6.55],
			"rotation": {"angle": 0, "axis": "y", "origin": [13, -1, 8.9]},
			"faces": {
				"north": {"uv": [0, 0, 7, 16], "texture": "#0"},
				"east": {"uv": [0, 0, 7, 16], "texture": "#0"},
				"south": {"uv": [0, 0, 7, 16], "texture": "#0"},
				"west": {"uv": [0, 0, 7, 16], "texture": "#0"},
				"up": {"uv": [0, 0, 4, 4], "texture": "#0"},
				"down": {"uv": [0, 0, 4, 4], "texture": "#0"}
			}
		},
		{
			"from": [3, 15.2, 4.2],
			"to": [14, 26.2, 4.45],
			"rotation": {"angle": -22.5, "axis": "x", "origin": [12, 15.2, 4.2]},
			"faces": {
				"north": {"uv": [0, 0, 11, 11], "texture": "#0"},
				"east": {"uv": [0, 0, 0.25, 11], "texture": "#0"},
				"south": {"uv": [0, 0, 11, 11], "texture": "#0"},
				"west": {"uv": [0, 0, 0.25, 11], "texture": "#0"},
				"up": {"uv": [0, 0, 11, 0.25], "texture": "#0"},
				"down": {"uv": [0, 0, 11, 0.25], "texture": "#0"}
			}
		},
		{
			"from": [5, -2, 6.6],
			"to": [6, 7, 7.6],
			"rotation": {"angle": 0, "axis": "y", "origin": [5, -2, 6.6]},
			"faces": {
				"north": {"uv": [0, 0, 1, 9], "texture": "#0"},
				"east": {"uv": [0, 0, 1, 9], "texture": "#0"},
				"south": {"uv": [0, 0, 1, 9], "texture": "#0"},
				"west": {"uv": [0, 0, 1, 9], "texture": "#0"},
				"up": {"uv": [0, 0, 1, 1], "texture": "#0"},
				"down": {"uv": [0, 0, 1, 1], "texture": "#0"}
			}
		},
		{
			"from": [11, -2, 6.6],
			"to": [12, 7, 7.6],
			"rotation": {"angle": 0, "axis": "y", "origin": [11, -2, 6.6]},
			"faces": {
				"north": {"uv": [0, 0, 1, 9], "texture": "#0"},
				"east": {"uv": [0, 0, 1, 9], "texture": "#0"},
				"south": {"uv": [0, 0, 1, 9], "texture": "#0"},
				"west": {"uv": [0, 0, 1, 9], "texture": "#0"},
				"up": {"uv": [0, 0, 1, 1], "texture": "#0"},
				"down": {"uv": [0, 0, 1, 1], "texture": "#0"}
			}
		},
		{
			"from": [11, -2, 12.6],
			"to": [12, 7, 13.6],
			"rotation": {"angle": 0, "axis": "y", "origin": [11, -2, 12.6]},
			"faces": {
				"north": {"uv": [0, 0, 1, 9], "texture": "#0"},
				"east": {"uv": [0, 0, 1, 9], "texture": "#0"},
				"south": {"uv": [0, 0, 1, 9], "texture": "#0"},
				"west": {"uv": [0, 0, 1, 9], "texture": "#0"},
				"up": {"uv": [0, 0, 1, 1], "texture": "#0"},
				"down": {"uv": [0, 0, 1, 1], "texture": "#0"}
			}
		},
		{
			"from": [5, -2, 12.6],
			"to": [6, 7, 13.6],
			"rotation": {"angle": 0, "axis": "y", "origin": [5, -2, 12.6]},
			"faces": {
				"north": {"uv": [0, 0, 1, 9], "texture": "#0"},
				"east": {"uv": [0, 0, 1, 9], "texture": "#0"},
				"south": {"uv": [0, 0, 1, 9], "texture": "#0"},
				"west": {"uv": [0, 0, 1, 9], "texture": "#0"},
				"up": {"uv": [0, 0, 1, 1], "texture": "#0"},
				"down": {"uv": [0, 0, 1, 1], "texture": "#0"}
			}
		},
		{
			"from": [5, 7, 6.6],
			"to": [12, 8, 13.6],
			"rotation": {"angle": 0, "axis": "y", "origin": [5, -1, 12.6]},
			"faces": {
				"north": {"uv": [0, 0, 7, 1], "texture": "#0"},
				"east": {"uv": [0, 0, 7, 1], "texture": "#0"},
				"south": {"uv": [0, 0, 7, 1], "texture": "#0"},
				"west": {"uv": [0, 0, 7, 1], "texture": "#0"},
				"up": {"uv": [0, 0, 7, 7], "texture": "#0"},
				"down": {"uv": [0, 0, 7, 7], "texture": "#0"}
			}
		},
		{
			"from": [0.6, 13.5, 7],
			"to": [3.1, 14, 7.5],
			"rotation": {"angle": 22.5, "axis": "x", "origin": [2, 15, 7.5]},
			"faces": {
				"north": {"uv": [0, 0, 2.5, 0.5], "rotation": 180, "texture": "#0"},
				"east": {"uv": [2, 0, 2.5, 0.5], "rotation": 90, "texture": "#0"},
				"south": {"uv": [0, 2, 2.5, 2.5], "texture": "#0"},
				"west": {"uv": [0, 0, 0.5, 0.5], "rotation": 270, "texture": "#0"},
				"up": {"uv": [0, 0, 2.5, 0.5], "texture": "#0"},
				"down": {"uv": [1, 0, 3.5, 0.5], "rotation": 180, "texture": "#0"}
			}
		},
		{
			"from": [0.6, 14, 7],
			"to": [1.1, 16.5, 7.5],
			"rotation": {"angle": 22.5, "axis": "x", "origin": [2, 15, 7.5]},
			"faces": {
				"north": {"uv": [0, 1, 0.5, 3.5], "rotation": 180, "texture": "#0"},
				"east": {"uv": [0, 0, 2.5, 0.5], "rotation": 90, "texture": "#0"},
				"south": {"uv": [0, 0, 0.5, 2.5], "texture": "#0"},
				"west": {"uv": [1, 0, 3.5, 0.5], "rotation": 270, "texture": "#0"},
				"up": {"uv": [0, 0, 0.5, 0.5], "texture": "#0"},
				"down": {"uv": [2, 0, 2.5, 0.5], "rotation": 180, "texture": "#0"}
			}
		},
		{
			"from": [1.1, 14, 7.25],
			"to": [3.1, 16, 7.5],
			"rotation": {"angle": 22.5, "axis": "x", "origin": [2, 15, 7.5]},
			"faces": {
				"north": {"uv": [1, 1, 3, 3], "rotation": 180, "texture": "#0"},
				"east": {"uv": [1, 0, 3, 0.25], "rotation": 90, "texture": "#0"},
				"south": {"uv": [1, 1, 3, 3], "texture": "#0"},
				"west": {"uv": [1, 0, 3, 0.25], "rotation": 270, "texture": "#0"},
				"up": {"uv": [1, 0, 3, 0.25], "texture": "#0"},
				"down": {"uv": [1, 0, 3, 0.25], "rotation": 180, "texture": "#0"}
			}
		},
		{
			"from": [1.1, 16, 7],
			"to": [3.1, 16.5, 7.5],
			"rotation": {"angle": 22.5, "axis": "x", "origin": [2, 15, 7.5]},
			"faces": {
				"north": {"uv": [1, 2, 3, 2.5], "rotation": 180, "texture": "#0"},
				"east": {"uv": [0, 0, 0.5, 0.5], "rotation": 90, "texture": "#0"},
				"south": {"uv": [1, 0, 3, 0.5], "texture": "#0"},
				"west": {"uv": [2, 0, 2.5, 0.5], "rotation": 270, "texture": "#0"},
				"up": {"uv": [1, 0, 3, 0.5], "texture": "#0"},
				"down": {"uv": [1, 0, 3, 0.5], "rotation": 180, "texture": "#0"}
			}
		},
		{
			"from": [3.1, 13.5, 7],
			"to": [3.6, 16.5, 7.5],
			"rotation": {"angle": 22.5, "axis": "x", "origin": [2, 15, 7.5]},
			"faces": {
				"north": {"uv": [2, 0, 2.5, 3], "rotation": 180, "texture": "#0"},
				"east": {"uv": [0, 0, 3, 0.5], "rotation": 90, "texture": "#0"},
				"south": {"uv": [2, 0, 2.5, 3], "texture": "#0"},
				"west": {"uv": [0, 0, 3, 0.5], "rotation": 270, "texture": "#0"},
				"up": {"uv": [2, 0, 2.5, 0.5], "texture": "#0"},
				"down": {"uv": [0, 0, 0.5, 0.5], "rotation": 180, "texture": "#0"}
			}
		},
		{
			"from": [3.6, 13.75, 7],
			"to": [4.1, 16.25, 7.5],
			"rotation": {"angle": 22.5, "axis": "x", "origin": [2, 15, 7.5]},
			"faces": {
				"north": {"uv": [0, 0, 0.5, 2.5], "rotation": 180, "texture": "#0"},
				"east": {"uv": [0, 0, 2.5, 0.5], "rotation": 90, "texture": "#0"},
				"south": {"uv": [0, 0, 0.5, 2.5], "texture": "#0"},
				"west": {"uv": [0, 0, 2.5, 0.5], "rotation": 270, "texture": "#0"},
				"up": {"uv": [0, 0, 0.5, 0.5], "texture": "#0"},
				"down": {"uv": [0, 0, 0.5, 0.5], "rotation": 180, "texture": "#0"}
			}
		},
		{
			"from": [0.1, 13.75, 7],
			"to": [0.6, 16.25, 7.5],
			"rotation": {"angle": 22.5, "axis": "x", "origin": [2, 15, 7.5]},
			"faces": {
				"north": {"uv": [0, 0, 0.5, 2.5], "rotation": 180, "texture": "#0"},
				"east": {"uv": [0, 0, 2.5, 0.5], "rotation": 90, "texture": "#0"},
				"south": {"uv": [0, 0, 0.5, 2.5], "texture": "#0"},
				"west": {"uv": [0, 0, 2.5, 0.5], "rotation": 270, "texture": "#0"},
				"up": {"uv": [0, 0, 0.5, 0.5], "texture": "#0"},
				"down": {"uv": [0, 0, 0.5, 0.5], "rotation": 180, "texture": "#0"}
			}
		},
		{
			"from": [0.85, 13, 7],
			"to": [3.35, 13.5, 7.5],
			"rotation": {"angle": 22.5, "axis": "x", "origin": [2, 15, 7.5]},
			"faces": {
				"north": {"uv": [0, 0, 0.5, 2.5], "rotation": 90, "texture": "#0"},
				"east": {"uv": [0, 0, 0.5, 0.5], "rotation": 90, "texture": "#0"},
				"south": {"uv": [0, 0, 0.5, 2.5], "rotation": 90, "texture": "#0"},
				"west": {"uv": [0, 0, 0.5, 0.5], "rotation": 270, "texture": "#0"},
				"up": {"uv": [0, 0, 2.5, 0.5], "texture": "#0"},
				"down": {"uv": [0, 0, 2.5, 0.5], "rotation": 180, "texture": "#0"}
			}
		},
		{
			"from": [0.85, 16.5, 7],
			"to": [3.35, 17, 7.5],
			"rotation": {"angle": 22.5, "axis": "x", "origin": [2, 15, 7.5]},
			"faces": {
				"north": {"uv": [0, 0, 0.5, 2.5], "rotation": 90, "texture": "#0"},
				"east": {"uv": [0, 0, 0.5, 0.5], "rotation": 90, "texture": "#0"},
				"south": {"uv": [0, 0, 0.5, 2.5], "rotation": 90, "texture": "#0"},
				"west": {"uv": [0, 0, 0.5, 0.5], "rotation": 270, "texture": "#0"},
				"up": {"uv": [0, 0, 2.5, 0.5], "texture": "#0"},
				"down": {"uv": [0, 0, 2.5, 0.5], "rotation": 180, "texture": "#0"}
			}
		},
		{
			"from": [1.95, 14.8, 7],
			"to": [2.2, 15.8, 7.5],
			"rotation": {"angle": 22.5, "axis": "x", "origin": [2, 15, 7.5]},
			"faces": {
				"north": {"uv": [0, 0, 1, 0.25], "rotation": 270, "texture": "#0"},
				"east": {"uv": [0, 0, 1, 0.5], "rotation": 90, "texture": "#0"},
				"south": {"uv": [0, 0, 1, 0.25], "rotation": 270, "texture": "#0"},
				"west": {"uv": [0, 0, 1, 0.5], "rotation": 270, "texture": "#0"},
				"up": {"uv": [0, 0, 0.25, 0.5], "texture": "#0"},
				"down": {"uv": [0, 0, 0.25, 0.5], "rotation": 180, "texture": "#0"}
			}
		}
	],
	"display": {
		"thirdperson_righthand": {
			"rotation": [75, 45, 0],
			"translation": [0, 2.5, 0],
			"scale": [0.375, 0.375, 0.375]
		},
		"thirdperson_lefthand": {
			"rotation": [75, 45, 0],
			"translation": [0, 2.5, 0],
			"scale": [0.375, 0.375, 0.375]
		},
		"firstperson_righthand": {
			"rotation": [0, 45, 0],
			"scale": [0.4, 0.4, 0.4]
		},
		"firstperson_lefthand": {
			"rotation": [0, 225, 0],
			"scale": [0.4, 0.4, 0.4]
		},
		"ground": {
			"translation": [0, 3, 0],
			"scale": [0.25, 0.25, 0.25]
		},
		"gui": {
			"rotation": [30, 225, 0],
			"translation": [0, -3.75, 0],
			"scale": [0.625, 0.625, 0.625]
		},
		"head": {
			"translation": [0, -27, -2],
			"scale": [2, 2, 2]
		},
		"fixed": {
			"rotation": [-90, 0, 0],
			"translation": [0, -0.4, -22.75],
			"scale": [2.5, 2.5, 2.5]
		}
	}
}