{
	"credit": "Made with Blockbench by SilentGeeC",
	"texture_size": [32, 32],
	"textures": {
		"0": "item/spyglass_model",
		"1": "item/teloscope_stand",
		"particle": "template:item/spyglass_model"
	},
	"elements": [
		{
			"from": [7, 19, 4.6],
			"to": [9, 21, 9.6],
			"rotation": {"angle": -22.5, "axis": "x", "origin": [8, 20, 4.1]},
			"faces": {
				"north": {"uv": [0, 0, 2, 2], "rotation": 180, "texture": "#0"},
				"east": {"uv": [0, 2, 2, 7], "rotation": 90, "texture": "#0"},
				"west": {"uv": [0, 2, 2, 7], "rotation": 270, "texture": "#0"},
				"up": {"uv": [0, 2, 2, 7], "texture": "#0"},
				"down": {"uv": [0, 2, 2, 7], "rotation": 180, "texture": "#0"}
			}
		},
		{
			"from": [6.9, 18.9, 9.5],
			"to": [9.1, 21.1, 15.7],
			"rotation": {"angle": -22.5, "axis": "x", "origin": [8, 20, 4.1]},
			"faces": {
				"north": {"uv": [0, 5, 2, 7], "rotation": 180, "texture": "#0"},
				"east": {"uv": [0, 7, 2, 13], "rotation": 90, "texture": "#0"},
				"south": {"uv": [0, 13, 2, 15], "texture": "#0"},
				"west": {"uv": [0, 7, 2, 13], "rotation": 270, "texture": "#0"},
				"up": {"uv": [0, 7, 2, 13], "texture": "#0"},
				"down": {"uv": [0, 7, 2, 13], "rotation": 180, "texture": "#0"}
			}
		},
		{
			"from": [7, 0, 13.5],
			"to": [9, 1, 15.5],
			"rotation": {"angle": 0, "axis": "y", "origin": [7, 0, 8.5]},
			"faces": {
				"north": {"uv": [12, 0.5, 13, 1], "texture": "#1"},
				"east": {"uv": [12, 8, 13, 8.5], "texture": "#1"},
				"south": {"uv": [8.5, 12, 9.5, 12.5], "texture": "#1"},
				"west": {"uv": [12, 8.5, 13, 9], "texture": "#1"},
				"up": {"uv": [12, 11.5, 11, 10.5], "texture": "#1"},
				"down": {"uv": [12.5, 1, 11.5, 2], "texture": "#1"}
			}
		},
		{
			"from": [13, 0, 7.5],
			"to": [15, 1, 9.5],
			"rotation": {"angle": 0, "axis": "y", "origin": [7, 0, 8.5]},
			"faces": {
				"north": {"uv": [12, 9, 13, 9.5], "texture": "#1"},
				"east": {"uv": [9.5, 12, 10.5, 12.5], "texture": "#1"},
				"south": {"uv": [10.5, 12, 11.5, 12.5], "texture": "#1"},
				"west": {"uv": [12, 10.5, 13, 11], "texture": "#1"},
				"up": {"uv": [12.5, 3, 11.5, 2], "texture": "#1"},
				"down": {"uv": [12.5, 3, 11.5, 4], "texture": "#1"}
			}
		},
		{
			"from": [1, 0, 7.5],
			"to": [3, 1, 9.5],
			"rotation": {"angle": 0, "axis": "y", "origin": [7, 0, 8.5]},
			"faces": {
				"north": {"uv": [12, 11, 13, 11.5], "texture": "#1"},
				"east": {"uv": [11.5, 12, 12.5, 12.5], "texture": "#1"},
				"south": {"uv": [12, 11.5, 13, 12], "texture": "#1"},
				"west": {"uv": [12.5, 1, 13.5, 1.5], "texture": "#1"},
				"up": {"uv": [12.5, 5, 11.5, 4], "texture": "#1"},
				"down": {"uv": [12.5, 5, 11.5, 6], "texture": "#1"}
			}
		},
		{
			"from": [7, 0, 1.5],
			"to": [9, 1, 3.5],
			"rotation": {"angle": 0, "axis": "y", "origin": [7, 0, 8.5]},
			"faces": {
				"north": {"uv": [10, 11.5, 11, 12], "texture": "#1"},
				"east": {"uv": [11.5, 10, 12.5, 10.5], "texture": "#1"},
				"south": {"uv": [11, 11.5, 12, 12], "texture": "#1"},
				"west": {"uv": [12, 0, 13, 0.5], "texture": "#1"},
				"up": {"uv": [11, 11.5, 10, 10.5], "texture": "#1"},
				"down": {"uv": [12, 0, 11, 1], "texture": "#1"}
			}
		},
		{
			"from": [12.56817, -2.29655, 7.75],
			"to": [14.06817, 10.70345, 9.25],
			"rotation": {"angle": 22.5, "axis": "z", "origin": [7, 0, 8.5]},
			"faces": {
				"north": {"uv": [0, 0, 1, 6.5], "texture": "#1"},
				"east": {"uv": [1, 0, 2, 6.5], "texture": "#1"},
				"south": {"uv": [2, 0, 3, 6.5], "texture": "#1"},
				"west": {"uv": [3, 0, 4, 6.5], "texture": "#1"},
				"up": {"uv": [11.5, 5.5, 10.5, 4.5], "texture": "#1"},
				"down": {"uv": [11.5, 5.5, 10.5, 6.5], "texture": "#1"}
			}
		},
		{
			"from": [1.93183, -2.29655, 7.75],
			"to": [3.43183, 10.70345, 9.25],
			"rotation": {"angle": -22.5, "axis": "z", "origin": [9, 0, 8.5]},
			"faces": {
				"north": {"uv": [2, 0, 3, 6.5], "texture": "#1"},
				"east": {"uv": [3, 0, 4, 6.5], "texture": "#1"},
				"south": {"uv": [0, 0, 1, 6.5], "texture": "#1"},
				"west": {"uv": [1, 0, 2, 6.5], "texture": "#1"},
				"up": {"uv": [11.5, 5.5, 10.5, 4.5], "rotation": 180, "texture": "#1"},
				"down": {"uv": [11.5, 5.5, 10.5, 6.5], "rotation": 180, "texture": "#1"}
			}
		},
		{
			"from": [7.25, -2.29655, 13.06817],
			"to": [8.75, 10.70345, 14.56817],
			"rotation": {"angle": -22.5, "axis": "x", "origin": [8, 0, 7.5]},
			"faces": {
				"north": {"uv": [3, 0, 4, 6.5], "texture": "#1"},
				"east": {"uv": [0, 0, 1, 6.5], "texture": "#1"},
				"south": {"uv": [1, 0, 2, 6.5], "texture": "#1"},
				"west": {"uv": [2, 0, 3, 6.5], "texture": "#1"},
				"up": {"uv": [11.5, 5.5, 10.5, 4.5], "rotation": 90, "texture": "#1"},
				"down": {"uv": [11.5, 5.5, 10.5, 6.5], "rotation": 270, "texture": "#1"}
			}
		},
		{
			"from": [7.25, -2.29655, 2.43183],
			"to": [8.75, 10.70345, 3.93183],
			"rotation": {"angle": 22.5, "axis": "x", "origin": [8, 0, 9.5]},
			"faces": {
				"north": {"uv": [1, 0, 2, 6.5], "texture": "#1"},
				"east": {"uv": [2, 0, 3, 6.5], "texture": "#1"},
				"south": {"uv": [3, 0, 4, 6.5], "texture": "#1"},
				"west": {"uv": [0, 0, 1, 6.5], "texture": "#1"},
				"up": {"uv": [11.5, 5.5, 10.5, 4.5], "rotation": 270, "texture": "#1"},
				"down": {"uv": [11.5, 5.5, 10.5, 6.5], "rotation": 90, "texture": "#1"}
			}
		},
		{
			"from": [6.5, 12, 7],
			"to": [9.5, 15, 10],
			"rotation": {"angle": 0, "axis": "y", "origin": [7, 0, 8.5]},
			"faces": {
				"north": {"uv": [8, 0, 9.5, 1.5], "texture": "#1"},
				"east": {"uv": [8, 1.5, 9.5, 3], "texture": "#1"},
				"south": {"uv": [8, 3, 9.5, 4.5], "texture": "#1"},
				"west": {"uv": [8, 4.5, 9.5, 6], "texture": "#1"},
				"up": {"uv": [9.5, 7.5, 8, 6], "texture": "#1"},
				"down": {"uv": [9.5, 7.5, 8, 9], "texture": "#1"}
			}
		},
		{
			"from": [7, 15, 7.5],
			"to": [9, 17, 9.5],
			"rotation": {"angle": 0, "axis": "y", "origin": [7, 15, 7.5]},
			"faces": {
				"north": {"uv": [9.5, 7.5, 10.5, 8.5], "texture": "#1"},
				"east": {"uv": [9.5, 8.5, 10.5, 9.5], "texture": "#1"},
				"south": {"uv": [9.5, 9.5, 10.5, 10.5], "texture": "#1"},
				"west": {"uv": [10.5, 1.5, 11.5, 2.5], "texture": "#1"},
				"up": {"uv": [11.5, 3.5, 10.5, 2.5], "texture": "#1"},
				"down": {"uv": [11.5, 3.5, 10.5, 4.5], "texture": "#1"}
			}
		},
		{
			"from": [7.25, 17, 7.75],
			"to": [8.75, 20, 9.25],
			"rotation": {"angle": 0, "axis": "y", "origin": [7, 17, 7.5]},
			"faces": {
				"north": {"uv": [9.5, 1.5, 10.5, 3], "texture": "#1"},
				"east": {"uv": [9.5, 3, 10.5, 4.5], "texture": "#1"},
				"south": {"uv": [9.5, 4.5, 10.5, 6], "texture": "#1"},
				"west": {"uv": [9.5, 6, 10.5, 7.5], "texture": "#1"},
				"up": {"uv": [12.5, 7, 11.5, 6], "texture": "#1"},
				"down": {"uv": [12.5, 7, 11.5, 8], "texture": "#1"}
			}
		},
		{
			"from": [6.75, 19.3, 7.95],
			"to": [9.25, 22.3, 9.7],
			"rotation": {"angle": -22.5, "axis": "x", "origin": [7, 19.3, 7.7]},
			"faces": {
				"north": {"uv": [8, 9, 9.5, 10.5], "texture": "#1"},
				"east": {"uv": [8, 11.5, 8.5, 13], "texture": "#1"},
				"south": {"uv": [9.5, 0, 11, 1.5], "texture": "#1"},
				"west": {"uv": [11.5, 8, 12, 9.5], "texture": "#1"},
				"up": {"uv": [10, 12, 8.5, 11.5], "texture": "#1"},
				"down": {"uv": [13, 9.5, 11.5, 10], "texture": "#1"}
			}
		}
	],
	"gui_light": "front",
	"display": {
		"thirdperson_righthand": {
			"rotation": [75, 45, 0],
			"translation": [0, 2.5, 0],
			"scale": [0.375, 0.375, 0.375]
		},
		"thirdperson_lefthand": {
			"rotation": [75, 45, 0],
			"translation": [0, 2.5, 0],
			"scale": [0.375, 0.375, 0.375]
		},
		"firstperson_righthand": {
			"rotation": [0, 90, 25],
			"translation": [0, 1.6, 0.8],
			"scale": [0.68, 0.68, 0.68]
		},
		"firstperson_lefthand": {
			"rotation": [0, -90, -25],
			"translation": [0, 1.6, 0.8],
			"scale": [0.68, 0.68, 0.68]
		},
		"ground": {
			"rotation": [90, 0, 0]
		},
		"gui": {
			"rotation": [30, 225, 0],
			"translation": [0, -2.25, 0],
			"scale": [0.625, 0.625, 0.625]
		},
		"head": {
			"rotation": [0, 180, 0],
			"translation": [0, -27.5, 0.75],
			"scale": [2, 2, 2]
		},
		"fixed": {
			"rotation": [-90, 0, 0],
			"translation": [0, -0.4, -15.75],
			"scale": [2, 2, 2]
		}
	},
	"groups": [
		0,
		1,
		{
			"name": "group",
			"origin": [6.5, 13, 7],
			"color": 0,
			"children": [2, 3, 4, 5, 6, 7, 8, 9, 10]
		},
		11,
		12,
		13
	]
}