{
	"credit": "Made with Blockbench",
	"texture_size": [844, 1123],
	"textures": {
		"20": "item/detect_bord"
	},
	"elements": [
		{
			"from": [-16, 0, 6],
			"to": [32, 1, 10],
			"rotation": {"angle": 0, "axis": "y", "origin": [0, 0, 6]},
			"faces": {
				"north": {"uv": [4.56872, 9.47462, 9.4218, 9.70258], "texture": "#20"},
				"east": {"uv": [4.56872, 9.47462, 5.78199, 9.70258], "texture": "#20"},
				"south": {"uv": [4.56872, 9.47462, 9.4218, 9.70258], "texture": "#20"},
				"west": {"uv": [4.56872, 9.47462, 5.78199, 9.70258], "texture": "#20"},
				"up": {"uv": [4.56872, 9.47462, 9.4218, 10.38646], "texture": "#20"},
				"down": {"uv": [4.56872, 9.47462, 9.4218, 10.38646], "texture": "#20"}
			}
		},
		{
			"from": [-15, 1, 7],
			"to": [31, 26, 9],
			"rotation": {"angle": 0, "axis": "y", "origin": [0, 1, 6]},
			"faces": {
				"north": {"uv": [9.51659, 9.47462, 14.36967, 13.12199], "texture": "#20"},
				"east": {"uv": [9.51659, 9.47462, 10.12322, 13.12199], "texture": "#20"},
				"south": {"uv": [9.51659, 9.47462, 14.36967, 13.12199], "texture": "#20"},
				"west": {"uv": [9.51659, 9.47462, 10.12322, 13.12199], "texture": "#20"},
				"up": {"uv": [9.51659, 9.47462, 14.36967, 9.93054], "texture": "#20"},
				"down": {"uv": [9.51659, 9.47462, 14.36967, 9.93054], "texture": "#20"}
			}
		},
		{
			"from": [-16, 26, 6],
			"to": [32, 27, 10],
			"rotation": {"angle": 0, "axis": "y", "origin": [0, 26, 6]},
			"faces": {
				"north": {"uv": [4.56872, 9.47462, 9.4218, 9.70258], "texture": "#20"},
				"east": {"uv": [4.56872, 9.47462, 5.78199, 9.70258], "texture": "#20"},
				"south": {"uv": [4.56872, 9.47462, 9.4218, 9.70258], "texture": "#20"},
				"west": {"uv": [4.56872, 9.47462, 5.78199, 9.70258], "texture": "#20"},
				"up": {"uv": [4.56872, 9.47462, 9.4218, 10.38646], "texture": "#20"},
				"down": {"uv": [4.56872, 9.47462, 9.4218, 10.38646], "texture": "#20"}
			}
		},
		{
			"from": [31, 1, 6],
			"to": [32, 26, 10],
			"rotation": {"angle": 0, "axis": "z", "origin": [0, 1, 6]},
			"faces": {
				"north": {"uv": [4.56872, 9.47462, 4.87204, 13.12199], "texture": "#20"},
				"east": {"uv": [4.56872, 9.47462, 5.78199, 13.12199], "texture": "#20"},
				"south": {"uv": [4.56872, 9.47462, 4.87204, 13.12199], "texture": "#20"},
				"west": {"uv": [4.56872, 9.47462, 5.78199, 13.12199], "texture": "#20"},
				"up": {"uv": [4.56872, 9.47462, 4.87204, 10.38646], "texture": "#20"},
				"down": {"uv": [4.56872, 9.47462, 4.87204, 10.38646], "texture": "#20"}
			}
		},
		{
			"from": [-16, 1, 6],
			"to": [-15, 26, 10],
			"rotation": {"angle": 0, "axis": "y", "origin": [-47, 1, 6]},
			"faces": {
				"north": {"uv": [4.56872, 9.47462, 4.87204, 13.12199], "texture": "#20"},
				"east": {"uv": [4.56872, 9.47462, 5.78199, 13.12199], "texture": "#20"},
				"south": {"uv": [4.56872, 9.47462, 4.87204, 13.12199], "texture": "#20"},
				"west": {"uv": [4.56872, 9.47462, 5.78199, 13.12199], "texture": "#20"},
				"up": {"uv": [4.56872, 9.47462, 4.87204, 10.38646], "texture": "#20"},
				"down": {"uv": [4.56872, 9.47462, 4.87204, 10.38646], "texture": "#20"}
			}
		},
		{
			"from": [17, 5, 6.9],
			"to": [24, 14, 7.9],
			"rotation": {"angle": 22.5, "axis": "z", "origin": [17, 5, 5]},
			"faces": {
				"north": {"uv": [11.52607, 0.07124, 15.90521, 4.17364], "texture": "#20"},
				"east": {"uv": [11.52607, 0.07124, 11.79976, 1.92253], "texture": "#20"},
				"south": {"uv": [11.52607, 0.07124, 13.44194, 1.92253], "texture": "#20"},
				"west": {"uv": [11.52607, 0.07124, 11.79976, 1.92253], "texture": "#20"},
				"up": {"uv": [11.52607, 0.07124, 13.44194, 0.27694], "texture": "#20"},
				"down": {"uv": [11.52607, 0.07124, 13.44194, 0.27694], "texture": "#20"}
			}
		},
		{
			"from": [-10, 15, 6.9],
			"to": [-3, 24, 7.9],
			"rotation": {"angle": 0, "axis": "z", "origin": [-10, 15, 5]},
			"faces": {
				"north": {"uv": [0.09479, 9.47462, 4.47393, 13.57703], "texture": "#20"},
				"east": {"uv": [0.09479, 9.47462, 0.36848, 11.32591], "texture": "#20"},
				"south": {"uv": [0.09479, 9.47462, 2.01066, 11.32591], "texture": "#20"},
				"west": {"uv": [0.09479, 9.47462, 0.36848, 11.32591], "texture": "#20"},
				"up": {"uv": [0.09479, 9.47462, 2.01066, 9.68032], "texture": "#20"},
				"down": {"uv": [0.09479, 9.47462, 2.01066, 9.68032], "texture": "#20"}
			}
		},
		{
			"from": [-2, 4, 6.9],
			"to": [5, 13, 7.9],
			"rotation": {"angle": 0, "axis": "z", "origin": [-2, 4, 5]},
			"faces": {
				"north": {"uv": [9.04265, 5.30009, 13.36493, 9.38914], "texture": "#20"},
				"east": {"uv": [9.04265, 5.30009, 9.31635, 7.15138], "texture": "#20"},
				"south": {"uv": [9.04265, 5.30009, 10.95853, 7.15138], "texture": "#20"},
				"west": {"uv": [9.04265, 5.30009, 9.31635, 7.15138], "texture": "#20"},
				"up": {"uv": [9.04265, 5.30009, 10.95853, 5.50579], "texture": "#20"},
				"down": {"uv": [9.04265, 5.30009, 10.95853, 5.50579], "texture": "#20"}
			}
		},
		{
			"from": [23, 17, 6.9],
			"to": [28, 24, 6.9],
			"rotation": {"angle": 0, "axis": "z", "origin": [21, 17, 5]},
			"faces": {
				"north": {"uv": [0.09479, 5.30009, 4.40076, 9.40382], "texture": "#20"},
				"east": {"uv": [0.09479, 5.30009, 0.36848, 6.73998], "texture": "#20"},
				"south": {"uv": [0.09479, 5.30009, 1.46327, 6.73998], "texture": "#20"},
				"west": {"uv": [0.09479, 5.30009, 0.36848, 6.73998], "texture": "#20"},
				"up": {"uv": [0.09479, 5.30009, 1.46327, 5.50579], "texture": "#20"},
				"down": {"uv": [0.09479, 5.30009, 1.46327, 5.50579], "texture": "#20"}
			}
		},
		{
			"from": [3, 17, 6.9],
			"to": [10, 26, 7.9],
			"rotation": {"angle": -22.5, "axis": "z", "origin": [3, 17, 5]},
			"faces": {
				"north": {"uv": [4.56872, 5.30009, 8.94787, 9.40249], "texture": "#20"},
				"east": {"uv": [4.56872, 5.30009, 4.84242, 7.15138], "texture": "#20"},
				"south": {"uv": [4.56872, 5.30009, 6.4846, 7.15138], "texture": "#20"},
				"west": {"uv": [4.56872, 5.30009, 4.84242, 7.15138], "texture": "#20"},
				"up": {"uv": [4.56872, 5.30009, 6.4846, 5.50579], "texture": "#20"},
				"down": {"uv": [4.56872, 5.30009, 6.4846, 5.50579], "texture": "#20"}
			}
		},
		{
			"from": [25, 23, 6],
			"to": [25.5, 23.5, 9],
			"rotation": {"angle": 0, "axis": "y", "origin": [25, 23, 7]},
			"faces": {
				"north": {"uv": [0.09479, 0.07124, 0.30924, 0.23241], "texture": "#20"},
				"east": {"uv": [0.09479, 0.07124, 1.38152, 0.23241], "texture": "#20"},
				"south": {"uv": [0.09479, 0.07124, 0.30924, 0.23241], "texture": "#20"},
				"west": {"uv": [0.09479, 0.07124, 1.38152, 0.23241], "texture": "#20"},
				"up": {"uv": [0.09479, 0.07124, 0.30924, 1.03829], "texture": "#20"},
				"down": {"uv": [0.09479, 0.07124, 0.30924, 1.03829], "texture": "#20"}
			}
		},
		{
			"from": [9, 23, 6],
			"to": [9.5, 23.5, 9],
			"rotation": {"angle": 0, "axis": "y", "origin": [9, 23, 7]},
			"faces": {
				"north": {"uv": [0.09479, 0.07124, 0.30924, 0.23241], "texture": "#20"},
				"east": {"uv": [0.09479, 0.07124, 1.38152, 0.23241], "texture": "#20"},
				"south": {"uv": [0.09479, 0.07124, 0.30924, 0.23241], "texture": "#20"},
				"west": {"uv": [0.09479, 0.07124, 1.38152, 0.23241], "texture": "#20"},
				"up": {"uv": [0.09479, 0.07124, 0.30924, 1.03829], "texture": "#20"},
				"down": {"uv": [0.09479, 0.07124, 0.30924, 1.03829], "texture": "#20"}
			}
		},
		{
			"from": [-7, 23, 6],
			"to": [-6.5, 23.5, 9],
			"rotation": {"angle": 0, "axis": "y", "origin": [-7, 23, 7]},
			"faces": {
				"north": {"uv": [0.09479, 0.07124, 0.30924, 0.23241], "texture": "#20"},
				"east": {"uv": [0.09479, 0.07124, 1.38152, 0.23241], "texture": "#20"},
				"south": {"uv": [0.09479, 0.07124, 0.30924, 0.23241], "texture": "#20"},
				"west": {"uv": [0.09479, 0.07124, 1.38152, 0.23241], "texture": "#20"},
				"up": {"uv": [0.09479, 0.07124, 0.30924, 1.03829], "texture": "#20"},
				"down": {"uv": [0.09479, 0.07124, 0.30924, 1.03829], "texture": "#20"}
			}
		},
		{
			"from": [1, 12, 6],
			"to": [1.5, 12.5, 9],
			"rotation": {"angle": 0, "axis": "y", "origin": [1, 12, 7]},
			"faces": {
				"north": {"uv": [0.09479, 0.07124, 0.30924, 0.23241], "texture": "#20"},
				"east": {"uv": [0.09479, 0.07124, 1.38152, 0.23241], "texture": "#20"},
				"south": {"uv": [0.09479, 0.07124, 0.30924, 0.23241], "texture": "#20"},
				"west": {"uv": [0.09479, 0.07124, 1.38152, 0.23241], "texture": "#20"},
				"up": {"uv": [0.09479, 0.07124, 0.30924, 1.03829], "texture": "#20"},
				"down": {"uv": [0.09479, 0.07124, 0.30924, 1.03829], "texture": "#20"}
			}
		},
		{
			"from": [17, 14, 6],
			"to": [17.5, 14.5, 9],
			"rotation": {"angle": 0, "axis": "y", "origin": [17, 14, 7]},
			"faces": {
				"north": {"uv": [0.09479, 0.07124, 0.30924, 0.23241], "texture": "#20"},
				"east": {"uv": [0.09479, 0.07124, 1.38152, 0.23241], "texture": "#20"},
				"south": {"uv": [0.09479, 0.07124, 0.30924, 0.23241], "texture": "#20"},
				"west": {"uv": [0.09479, 0.07124, 1.38152, 0.23241], "texture": "#20"},
				"up": {"uv": [0.09479, 0.07124, 0.30924, 1.03829], "texture": "#20"},
				"down": {"uv": [0.09479, 0.07124, 0.30924, 1.03829], "texture": "#20"}
			}
		}
	],
	"display": {
		"thirdperson_righthand": {
			"rotation": [75, 45, 0],
			"translation": [0, 2.5, 0],
			"scale": [0.375, 0.375, 0.375]
		},
		"thirdperson_lefthand": {
			"rotation": [75, 45, 0],
			"translation": [0, 2.5, 0],
			"scale": [0.375, 0.375, 0.375]
		},
		"firstperson_righthand": {
			"rotation": [0, 45, 0],
			"scale": [0.4, 0.4, 0.4]
		},
		"firstperson_lefthand": {
			"rotation": [0, 225, 0],
			"scale": [0.4, 0.4, 0.4]
		},
		"ground": {
			"translation": [0, 3, 0],
			"scale": [0.25, 0.25, 0.25]
		},
		"gui": {
			"rotation": [30, 225, 0],
			"translation": [0, -1.5, 0],
			"scale": [0.325, 0.325, 0.325]
		},
		"head": {
			"translation": [0, 0, -6.5]
		},
		"fixed": {
			"translation": [0, -5.75, -2],
			"scale": [1.24219, 1.05664, 1]
		}
	}
}