{
	"credit": "Made with Blockbench",
	"texture_size": [32, 32],
	"textures": {
		"1": "template:item/gl-gsstaffchagestage4"
	},
	"elements": [
		{
			"from": [7.25, -5, 7.25],
			"to": [8.75, -2, 8.75],
			"rotation": {"angle": 0, "axis": "y", "origin": [7, 0, 7]},
			"faces": {
				"north": {"uv": [10.5, 6, 11.5, 7.5], "texture": "#1"},
				"east": {"uv": [10.5, 7.5, 11.5, 9], "texture": "#1"},
				"south": {"uv": [10.5, 9, 11.5, 10.5], "texture": "#1"},
				"west": {"uv": [10.5, 10.5, 11.5, 12], "texture": "#1"},
				"up": {"uv": [12.5, 4, 11.5, 3], "texture": "#1"},
				"down": {"uv": [12.5, 9, 11.5, 10], "texture": "#1"}
			}
		},
		{
			"from": [7, -1, 7],
			"to": [9, 13, 9],
			"rotation": {"angle": 0, "axis": "y", "origin": [7, 3, 7]},
			"faces": {
				"north": {"uv": [6.5, 0, 7.5, 7], "texture": "#1"},
				"east": {"uv": [6.5, 7, 7.5, 14], "texture": "#1"},
				"south": {"uv": [7.5, 0, 8.5, 7], "texture": "#1"},
				"west": {"uv": [7.5, 7, 8.5, 14], "texture": "#1"},
				"up": {"uv": [12.5, 11, 11.5, 10], "texture": "#1"},
				"down": {"uv": [12.5, 11, 11.5, 12], "texture": "#1"}
			}
		},
		{
			"from": [6.25, 7, 6.25],
			"to": [9.75, 8, 9.75],
			"rotation": {"angle": 0, "axis": "y", "origin": [7, 3, 7]},
			"faces": {
				"north": {"uv": [8.5, 12, 10.5, 12.5], "texture": "#1"},
				"east": {"uv": [10.5, 12, 12.5, 12.5], "texture": "#1"},
				"south": {"uv": [12.5, 0, 14.5, 0.5], "texture": "#1"},
				"west": {"uv": [12.5, 0.5, 14.5, 1], "texture": "#1"},
				"up": {"uv": [10.5, 2, 8.5, 0], "texture": "#1"},
				"down": {"uv": [10.5, 2, 8.5, 4], "texture": "#1"}
			}
		},
		{
			"from": [6.25, 12.1, 7.25],
			"to": [9.75, 13.1, 8.75],
			"rotation": {"angle": 45, "axis": "y", "origin": [8, 12.1, 8]},
			"faces": {
				"north": {"uv": [9, 12.5, 11, 13], "texture": "#1"},
				"east": {"uv": [14, 5, 15, 5.5], "texture": "#1"},
				"south": {"uv": [12.5, 9, 14.5, 9.5], "texture": "#1"},
				"west": {"uv": [5.5, 14, 6.5, 14.5], "texture": "#1"},
				"up": {"uv": [10.5, 9, 8.5, 8], "texture": "#1"},
				"down": {"uv": [10.5, 9, 8.5, 10], "texture": "#1"}
			}
		},
		{
			"from": [7.25, 12.1, 6.25],
			"to": [8.75, 13.2, 9.75],
			"rotation": {"angle": 0, "axis": "y", "origin": [8, 12.1, 8]},
			"faces": {
				"north": {"uv": [14, 5.5, 15, 6], "texture": "#1"},
				"east": {"uv": [12.5, 9.5, 14.5, 10], "texture": "#1"},
				"south": {"uv": [14, 6, 15, 6.5], "texture": "#1"},
				"west": {"uv": [12.5, 10, 14.5, 10.5], "texture": "#1"},
				"up": {"uv": [9.5, 12, 8.5, 10], "texture": "#1"},
				"down": {"uv": [10.5, 10, 9.5, 12], "texture": "#1"}
			}
		},
		{
			"from": [7.25, 12.1, 6.25],
			"to": [8.75, 13.1, 9.75],
			"rotation": {"angle": 45, "axis": "y", "origin": [8, 12.1, 8]},
			"faces": {
				"north": {"uv": [6.5, 14, 7.5, 14.5], "texture": "#1"},
				"east": {"uv": [12.5, 10.5, 14.5, 11], "texture": "#1"},
				"south": {"uv": [14, 6.5, 15, 7], "texture": "#1"},
				"west": {"uv": [11, 12.5, 13, 13], "texture": "#1"},
				"up": {"uv": [11.5, 2, 10.5, 0], "texture": "#1"},
				"down": {"uv": [11.5, 2, 10.5, 4], "texture": "#1"}
			}
		},
		{
			"from": [6.25, 12.1, 7.25],
			"to": [9.75, 13.2, 8.75],
			"rotation": {"angle": 0, "axis": "y", "origin": [8, 12.1, 8]},
			"faces": {
				"north": {"uv": [12.5, 11, 14.5, 11.5], "texture": "#1"},
				"east": {"uv": [7.5, 14, 8.5, 14.5], "texture": "#1"},
				"south": {"uv": [12.5, 11.5, 14.5, 12], "texture": "#1"},
				"west": {"uv": [14, 8.5, 15, 9], "texture": "#1"},
				"up": {"uv": [12.5, 5, 10.5, 4], "texture": "#1"},
				"down": {"uv": [12.5, 5, 10.5, 6], "texture": "#1"}
			}
		},
		{
			"from": [7.15, 12.1, 7.15],
			"to": [8.85, 13.3, 8.85],
			"rotation": {"angle": 0, "axis": "y", "origin": [8, 12.1, 8]},
			"faces": {
				"north": {"uv": [9, 14, 10, 14.5], "texture": "#1"},
				"east": {"uv": [10, 14, 11, 14.5], "texture": "#1"},
				"south": {"uv": [11, 14, 12, 14.5], "texture": "#1"},
				"west": {"uv": [12, 14, 13, 14.5], "texture": "#1"},
				"up": {"uv": [1, 14, 0, 13], "texture": "#1"},
				"down": {"uv": [2, 13, 1, 14], "texture": "#1"}
			}
		},
		{
			"from": [6.25, -2, 6.25],
			"to": [9.75, -1, 9.75],
			"rotation": {"angle": 0, "axis": "y", "origin": [7, -6, 7]},
			"faces": {
				"north": {"uv": [12.5, 1, 14.5, 1.5], "texture": "#1"},
				"east": {"uv": [12.5, 1.5, 14.5, 2], "texture": "#1"},
				"south": {"uv": [12.5, 2, 14.5, 2.5], "texture": "#1"},
				"west": {"uv": [12.5, 2.5, 14.5, 3], "texture": "#1"},
				"up": {"uv": [10.5, 6, 8.5, 4], "texture": "#1"},
				"down": {"uv": [10.5, 6, 8.5, 8], "texture": "#1"}
			}
		},
		{
			"from": [1.5, 19, 1.5],
			"to": [14.5, 19, 14.5],
			"rotation": {"angle": 0, "axis": "y", "origin": [7, 19, 7]},
			"faces": {
				"north": {"uv": [0, 0, 6.5, 0], "texture": "#1"},
				"east": {"uv": [0, 0, 6.5, 0], "texture": "#1"},
				"south": {"uv": [0, 0, 6.5, 0], "texture": "#1"},
				"west": {"uv": [0, 0, 6.5, 0], "texture": "#1"},
				"up": {"uv": [6.5, 6.5, 0, 0], "texture": "#1"},
				"down": {"uv": [6.5, 6.5, 0, 13], "texture": "#1"}
			}
		},
		{
			"from": [7, 10.0747, 7.6747],
			"to": [8, 11.3247, 8.6747],
			"rotation": {"angle": -45, "axis": "z", "origin": [8, 12.5747, 8.1747]},
			"faces": {
				"north": {"uv": [6, 15, 6.5, 15.5], "rotation": 90, "texture": "#1"},
				"east": {"uv": [15.5, 7, 15, 7.5], "rotation": 270, "texture": "#1"},
				"south": {"uv": [6.5, 15, 7, 15.5], "rotation": 270, "texture": "#1"},
				"west": {"uv": [7.5, 15.5, 7, 15], "rotation": 270, "texture": "#1"},
				"up": {"uv": [15, 6, 15.5, 6.5], "rotation": 270, "texture": "#1"},
				"down": {"uv": [15, 6.5, 15.5, 7], "rotation": 270, "texture": "#1"}
			}
		},
		{
			"from": [5.9747, 9.04939, 7.8747],
			"to": [6.9747, 10.09939, 8.4747],
			"rotation": {"angle": -45, "axis": "z", "origin": [8, 12.5747, 8.1747]},
			"faces": {
				"north": {"uv": [7.5, 15, 8, 15.5], "rotation": 90, "texture": "#1"},
				"east": {"uv": [15.5, 8.5, 15, 9], "rotation": 270, "texture": "#1"},
				"south": {"uv": [8, 15, 8.5, 15.5], "rotation": 270, "texture": "#1"},
				"west": {"uv": [9, 15.5, 8.5, 15], "rotation": 270, "texture": "#1"},
				"up": {"uv": [15, 7.5, 15.5, 8], "rotation": 270, "texture": "#1"},
				"down": {"uv": [15, 8, 15.5, 8.5], "rotation": 270, "texture": "#1"}
			}
		},
		{
			"from": [3.9747, 9.04939, 8.0747],
			"to": [5.9747, 9.89939, 8.2747],
			"rotation": {"angle": -45, "axis": "z", "origin": [8, 12.5747, 8.1747]},
			"faces": {
				"north": {"uv": [10, 13, 10.5, 14], "rotation": 90, "texture": "#1"},
				"east": {"uv": [15.5, 9, 15, 9.5], "rotation": 270, "texture": "#1"},
				"south": {"uv": [11, 13, 11.5, 14], "rotation": 270, "texture": "#1"},
				"west": {"uv": [9.5, 15.5, 9, 15], "rotation": 270, "texture": "#1"},
				"up": {"uv": [10.5, 13, 11, 14], "rotation": 270, "texture": "#1"},
				"down": {"uv": [11.5, 13, 12, 14], "rotation": 270, "texture": "#1"}
			}
		},
		{
			"from": [3.9747, 9.04939, 8.0747],
			"to": [5.9747, 9.89939, 8.2747],
			"rotation": {"angle": -45, "axis": "z", "origin": [8, 12.5747, 8.1747]},
			"faces": {
				"north": {"uv": [3.5, 14, 4, 15], "rotation": 90, "texture": "#1"},
				"east": {"uv": [6.5, 15.5, 6, 16], "rotation": 270, "texture": "#1"},
				"south": {"uv": [4.5, 14, 5, 15], "rotation": 270, "texture": "#1"},
				"west": {"uv": [16, 6, 15.5, 5.5], "rotation": 270, "texture": "#1"},
				"up": {"uv": [4, 14, 4.5, 15], "rotation": 270, "texture": "#1"},
				"down": {"uv": [5, 14, 5.5, 15], "rotation": 270, "texture": "#1"}
			}
		},
		{
			"from": [4.78223, 10.80693, 7.7747],
			"to": [6.23223, 12.20693, 8.5747],
			"rotation": {"angle": 0, "axis": "z", "origin": [8, 12.5747, 8.1747]},
			"faces": {
				"north": {"uv": [9.5, 15, 10, 15.5], "rotation": 90, "texture": "#1"},
				"east": {"uv": [15.5, 10.5, 15, 11], "rotation": 270, "texture": "#1"},
				"south": {"uv": [10, 15, 10.5, 15.5], "rotation": 270, "texture": "#1"},
				"west": {"uv": [11, 15.5, 10.5, 15], "rotation": 270, "texture": "#1"},
				"up": {"uv": [15, 9.5, 15.5, 10], "rotation": 270, "texture": "#1"},
				"down": {"uv": [15, 10, 15.5, 10.5], "rotation": 270, "texture": "#1"}
			}
		},
		{
			"from": [3.97426, 11.62617, 7.9747],
			"to": [4.82426, 12.22617, 8.3747],
			"rotation": {"angle": 0, "axis": "z", "origin": [8, 12.5747, 8.1747]},
			"faces": {
				"north": {"uv": [11, 15, 11.5, 15.5], "rotation": 90, "texture": "#1"},
				"east": {"uv": [15.5, 12, 15, 12.5], "rotation": 270, "texture": "#1"},
				"south": {"uv": [11.5, 15, 12, 15.5], "rotation": 270, "texture": "#1"},
				"west": {"uv": [12.5, 15.5, 12, 15], "rotation": 270, "texture": "#1"},
				"up": {"uv": [15, 11, 15.5, 11.5], "rotation": 270, "texture": "#1"},
				"down": {"uv": [15, 11.5, 15.5, 12], "rotation": 270, "texture": "#1"}
			}
		},
		{
			"from": [7.5, 12.5747, 5.6747],
			"to": [8.5, 13.5747, 6.9247],
			"rotation": {"angle": -45, "axis": "x", "origin": [8, 12.5747, 8.1747]},
			"faces": {
				"north": {"uv": [14.5, 14, 15, 14.5], "texture": "#1"},
				"east": {"uv": [14.5, 14.5, 15, 15], "texture": "#1"},
				"south": {"uv": [0, 15, 0.5, 15.5], "texture": "#1"},
				"west": {"uv": [15, 0, 15.5, 0.5], "texture": "#1"},
				"up": {"uv": [1, 15.5, 0.5, 15], "texture": "#1"},
				"down": {"uv": [15.5, 0.5, 15, 1], "texture": "#1"}
			}
		},
		{
			"from": [7.7, 13.6, 4.64939],
			"to": [8.3, 14.6, 5.69939],
			"rotation": {"angle": -45, "axis": "x", "origin": [8, 12.5747, 8.1747]},
			"faces": {
				"north": {"uv": [1, 15, 1.5, 15.5], "texture": "#1"},
				"east": {"uv": [15, 1, 15.5, 1.5], "texture": "#1"},
				"south": {"uv": [1.5, 15, 2, 15.5], "texture": "#1"},
				"west": {"uv": [15, 1.5, 15.5, 2], "texture": "#1"},
				"up": {"uv": [2.5, 15.5, 2, 15], "texture": "#1"},
				"down": {"uv": [15.5, 2, 15, 2.5], "texture": "#1"}
			}
		},
		{
			"from": [7.9, 14.6, 4.64939],
			"to": [8.1, 16.6, 5.49939],
			"rotation": {"angle": -45, "axis": "x", "origin": [8, 12.5747, 8.1747]},
			"faces": {
				"north": {"uv": [13, 6.5, 13.5, 7.5], "texture": "#1"},
				"east": {"uv": [13, 7.5, 13.5, 8.5], "texture": "#1"},
				"south": {"uv": [9, 13, 9.5, 14], "texture": "#1"},
				"west": {"uv": [9.5, 13, 10, 14], "texture": "#1"},
				"up": {"uv": [3, 15.5, 2.5, 15], "texture": "#1"},
				"down": {"uv": [15.5, 2.5, 15, 3], "texture": "#1"}
			}
		},
		{
			"from": [7.6, 10.80693, 4.95693],
			"to": [8.4, 12.20693, 6.40693],
			"rotation": {"angle": 0, "axis": "x", "origin": [8, 12.5747, 8.1747]},
			"faces": {
				"north": {"uv": [3, 15, 3.5, 15.5], "texture": "#1"},
				"east": {"uv": [15, 3, 15.5, 3.5], "texture": "#1"},
				"south": {"uv": [3.5, 15, 4, 15.5], "texture": "#1"},
				"west": {"uv": [15, 3.5, 15.5, 4], "texture": "#1"},
				"up": {"uv": [4.5, 15.5, 4, 15], "texture": "#1"},
				"down": {"uv": [15.5, 4, 15, 4.5], "texture": "#1"}
			}
		},
		{
			"from": [7.8, 11.62617, 4.14896],
			"to": [8.2, 12.22617, 4.99896],
			"rotation": {"angle": 0, "axis": "x", "origin": [8, 12.5747, 8.1747]},
			"faces": {
				"north": {"uv": [6, 15.5, 5.5, 15], "rotation": 180, "texture": "#1"},
				"east": {"uv": [15, 4.5, 15.5, 5], "rotation": 90, "texture": "#1"},
				"south": {"uv": [15.5, 5.5, 15, 6], "texture": "#1"},
				"west": {"uv": [15, 5, 15.5, 5.5], "rotation": 270, "texture": "#1"},
				"up": {"uv": [5, 15, 5.5, 15.5], "texture": "#1"},
				"down": {"uv": [4.5, 15, 5, 15.5], "rotation": 180, "texture": "#1"}
			}
		},
		{
			"from": [9.25, 12.5747, 7.6747],
			"to": [10.5, 13.5747, 8.6747],
			"rotation": {"angle": -45, "axis": "z", "origin": [8, 12.5747, 8.1747]},
			"faces": {
				"north": {"uv": [7.5, 14.5, 8, 15], "texture": "#1"},
				"east": {"uv": [14.5, 7.5, 15, 8], "texture": "#1"},
				"south": {"uv": [8, 14.5, 8.5, 15], "texture": "#1"},
				"west": {"uv": [14.5, 8, 15, 8.5], "texture": "#1"},
				"up": {"uv": [9, 15, 8.5, 14.5], "texture": "#1"},
				"down": {"uv": [9.5, 14.5, 9, 15], "texture": "#1"}
			}
		},
		{
			"from": [10.4753, 13.6, 7.8747],
			"to": [11.5253, 14.6, 8.4747],
			"rotation": {"angle": -45, "axis": "z", "origin": [8, 12.5747, 8.1747]},
			"faces": {
				"north": {"uv": [14.5, 9, 15, 9.5], "texture": "#1"},
				"east": {"uv": [9.5, 14.5, 10, 15], "texture": "#1"},
				"south": {"uv": [14.5, 9.5, 15, 10], "texture": "#1"},
				"west": {"uv": [10, 14.5, 10.5, 15], "texture": "#1"},
				"up": {"uv": [15, 10.5, 14.5, 10], "texture": "#1"},
				"down": {"uv": [11, 14.5, 10.5, 15], "texture": "#1"}
			}
		},
		{
			"from": [10.6753, 14.6, 8.0747],
			"to": [11.5253, 16.6, 8.2747],
			"rotation": {"angle": -45, "axis": "z", "origin": [8, 12.5747, 8.1747]},
			"faces": {
				"north": {"uv": [5, 13, 5.5, 14], "texture": "#1"},
				"east": {"uv": [5.5, 13, 6, 14], "texture": "#1"},
				"south": {"uv": [13, 5.5, 13.5, 6.5], "texture": "#1"},
				"west": {"uv": [6, 13, 6.5, 14], "texture": "#1"},
				"up": {"uv": [15, 11, 14.5, 10.5], "texture": "#1"},
				"down": {"uv": [11.5, 14.5, 11, 15], "texture": "#1"}
			}
		},
		{
			"from": [9.76777, 10.80693, 7.7747],
			"to": [11.21777, 12.20693, 8.5747],
			"rotation": {"angle": 0, "axis": "z", "origin": [8, 12.5747, 8.1747]},
			"faces": {
				"north": {"uv": [14.5, 11, 15, 11.5], "texture": "#1"},
				"east": {"uv": [11.5, 14.5, 12, 15], "texture": "#1"},
				"south": {"uv": [14.5, 11.5, 15, 12], "texture": "#1"},
				"west": {"uv": [12, 14.5, 12.5, 15], "texture": "#1"},
				"up": {"uv": [15, 12.5, 14.5, 12], "texture": "#1"},
				"down": {"uv": [13, 14.5, 12.5, 15], "texture": "#1"}
			}
		},
		{
			"from": [11.17574, 11.62617, 7.9747],
			"to": [12.02574, 12.22617, 8.3747],
			"rotation": {"angle": 0, "axis": "z", "origin": [8, 12.5747, 8.1747]},
			"faces": {
				"north": {"uv": [14.5, 12.5, 15, 13], "rotation": 270, "texture": "#1"},
				"east": {"uv": [15, 14, 14.5, 13.5], "rotation": 90, "texture": "#1"},
				"south": {"uv": [14.5, 13, 15, 13.5], "rotation": 90, "texture": "#1"},
				"west": {"uv": [14.5, 14.5, 14, 15], "rotation": 90, "texture": "#1"},
				"up": {"uv": [13.5, 14.5, 14, 15], "rotation": 90, "texture": "#1"},
				"down": {"uv": [13, 14.5, 13.5, 15], "rotation": 90, "texture": "#1"}
			}
		},
		{
			"from": [7.5, 12.5747, 9.4247],
			"to": [8.5, 13.5747, 10.6747],
			"rotation": {"angle": 45, "axis": "x", "origin": [8, 12.5747, 8.0747]},
			"faces": {
				"north": {"uv": [14, 12.5, 14.5, 13], "texture": "#1"},
				"east": {"uv": [13, 14, 13.5, 14.5], "texture": "#1"},
				"south": {"uv": [14, 13, 14.5, 13.5], "texture": "#1"},
				"west": {"uv": [13.5, 14, 14, 14.5], "texture": "#1"},
				"up": {"uv": [14.5, 14, 14, 13.5], "texture": "#1"},
				"down": {"uv": [14.5, 14, 14, 14.5], "texture": "#1"}
			}
		},
		{
			"from": [7.7, 13.6, 10.65],
			"to": [8.3, 14.6, 11.7],
			"rotation": {"angle": 45, "axis": "x", "origin": [8, 12.5747, 8.0747]},
			"faces": {
				"north": {"uv": [0, 14.5, 0.5, 15], "texture": "#1"},
				"east": {"uv": [14.5, 0, 15, 0.5], "texture": "#1"},
				"south": {"uv": [0.5, 14.5, 1, 15], "texture": "#1"},
				"west": {"uv": [14.5, 0.5, 15, 1], "texture": "#1"},
				"up": {"uv": [15, 1.5, 14.5, 1], "texture": "#1"},
				"down": {"uv": [15, 1.5, 14.5, 2], "texture": "#1"}
			}
		},
		{
			"from": [7.9, 14.6, 10.85],
			"to": [8.1, 16.6, 11.7],
			"rotation": {"angle": 45, "axis": "x", "origin": [8, 12.5747, 8.0747]},
			"faces": {
				"north": {"uv": [3.5, 13, 4, 14], "texture": "#1"},
				"east": {"uv": [4, 13, 4.5, 14], "texture": "#1"},
				"south": {"uv": [4.5, 13, 5, 14], "texture": "#1"},
				"west": {"uv": [13, 4.5, 13.5, 5.5], "texture": "#1"},
				"up": {"uv": [2.5, 15, 2, 14.5], "texture": "#1"},
				"down": {"uv": [15, 2, 14.5, 2.5], "texture": "#1"}
			}
		},
		{
			"from": [7.6, 10.73622, 9.91317],
			"to": [8.4, 12.13622, 11.36317],
			"rotation": {"angle": 0, "axis": "x", "origin": [8, 12.5747, 8.0747]},
			"faces": {
				"north": {"uv": [2.5, 14.5, 3, 15], "texture": "#1"},
				"east": {"uv": [14.5, 2.5, 15, 3], "texture": "#1"},
				"south": {"uv": [3, 14.5, 3.5, 15], "texture": "#1"},
				"west": {"uv": [14.5, 3, 15, 3.5], "texture": "#1"},
				"up": {"uv": [15, 4, 14.5, 3.5], "texture": "#1"},
				"down": {"uv": [15, 4, 14.5, 4.5], "texture": "#1"}
			}
		},
		{
			"from": [7.8, 11.55546, 11.32114],
			"to": [8.2, 12.15546, 12.17114],
			"rotation": {"angle": 0, "axis": "x", "origin": [8, 12.5747, 8.0747]},
			"faces": {
				"north": {"uv": [14.5, 4.5, 15, 5], "texture": "#1"},
				"east": {"uv": [5.5, 14.5, 6, 15], "texture": "#1"},
				"south": {"uv": [6, 14.5, 6.5, 15], "texture": "#1"},
				"west": {"uv": [6.5, 14.5, 7, 15], "texture": "#1"},
				"up": {"uv": [7.5, 15, 7, 14.5], "texture": "#1"},
				"down": {"uv": [15, 7, 14.5, 7.5], "texture": "#1"}
			}
		},
		{
			"from": [7.25, 18, 7.5],
			"to": [8.75, 21, 8.5],
			"rotation": {"angle": 0, "axis": "z", "origin": [8, 18, 8]},
			"faces": {
				"north": {"uv": [11.5, 0, 12.5, 1.5], "texture": "#1"},
				"east": {"uv": [2, 13, 2.5, 14.5], "texture": "#1"},
				"south": {"uv": [11.5, 1.5, 12.5, 3], "texture": "#1"},
				"west": {"uv": [2.5, 13, 3, 14.5], "texture": "#1"},
				"up": {"uv": [13.5, 12.5, 12.5, 12], "texture": "#1"},
				"down": {"uv": [14, 8.5, 13, 9], "texture": "#1"}
			}
		},
		{
			"from": [9.29602, 20.37886, 7.5],
			"to": [10.04602, 20.87886, 8.5],
			"rotation": {"angle": 45, "axis": "z", "origin": [8.12678, 18.46967, 8]},
			"faces": {
				"north": {"uv": [14.5, 15, 15, 15.5], "texture": "#1"},
				"east": {"uv": [15, 14.5, 15.5, 15], "texture": "#1"},
				"south": {"uv": [15, 15, 15.5, 15.5], "texture": "#1"},
				"west": {"uv": [0, 15.5, 0.5, 16], "texture": "#1"},
				"up": {"uv": [16, 0.5, 15.5, 0], "texture": "#1"},
				"down": {"uv": [1, 15.5, 0.5, 16], "texture": "#1"}
			}
		},
		{
			"from": [5.95398, 20.37886, 7.5],
			"to": [6.70398, 20.87886, 8.5],
			"rotation": {"angle": -45, "axis": "z", "origin": [7.87322, 18.46967, 8]},
			"faces": {
				"north": {"uv": [15.5, 0.5, 16, 1], "texture": "#1"},
				"east": {"uv": [1, 15.5, 1.5, 16], "texture": "#1"},
				"south": {"uv": [15.5, 1, 16, 1.5], "texture": "#1"},
				"west": {"uv": [1.5, 15.5, 2, 16], "texture": "#1"},
				"up": {"uv": [16, 2, 15.5, 1.5], "texture": "#1"},
				"down": {"uv": [2.5, 15.5, 2, 16], "texture": "#1"}
			}
		},
		{
			"from": [7.5, 20.37886, 5.95398],
			"to": [8.5, 20.87886, 6.70398],
			"rotation": {"angle": 45, "axis": "x", "origin": [8, 18.46967, 7.87322]},
			"faces": {
				"north": {"uv": [15.5, 3.5, 16, 4], "texture": "#1"},
				"east": {"uv": [4, 15.5, 4.5, 16], "texture": "#1"},
				"south": {"uv": [15.5, 4, 16, 4.5], "texture": "#1"},
				"west": {"uv": [4.5, 15.5, 5, 16], "texture": "#1"},
				"up": {"uv": [16, 5, 15.5, 4.5], "texture": "#1"},
				"down": {"uv": [5.5, 15.5, 5, 16], "texture": "#1"}
			}
		},
		{
			"from": [7.5, 20.37886, 9.29602],
			"to": [8.5, 20.87886, 10.04602],
			"rotation": {"angle": -45, "axis": "x", "origin": [8, 18.46967, 8.12678]},
			"faces": {
				"north": {"uv": [15.5, 2, 16, 2.5], "texture": "#1"},
				"east": {"uv": [2.5, 15.5, 3, 16], "texture": "#1"},
				"south": {"uv": [15.5, 2.5, 16, 3], "texture": "#1"},
				"west": {"uv": [3, 15.5, 3.5, 16], "texture": "#1"},
				"up": {"uv": [16, 3.5, 15.5, 3], "texture": "#1"},
				"down": {"uv": [4, 15.5, 3.5, 16], "texture": "#1"}
			}
		},
		{
			"from": [7.5, 18, 7.25],
			"to": [8.5, 21, 8.75],
			"rotation": {"angle": 0, "axis": "y", "origin": [8, 18, 8]},
			"faces": {
				"north": {"uv": [3, 13, 3.5, 14.5], "texture": "#1"},
				"east": {"uv": [11.5, 6, 12.5, 7.5], "texture": "#1"},
				"south": {"uv": [13, 3, 13.5, 4.5], "texture": "#1"},
				"west": {"uv": [11.5, 7.5, 12.5, 9], "texture": "#1"},
				"up": {"uv": [12.5, 14, 12, 13], "texture": "#1"},
				"down": {"uv": [13, 13, 12.5, 14], "texture": "#1"}
			}
		},
		{
			"from": [7.6, 18, 7.55],
			"to": [8.4, 21.6, 8.45],
			"rotation": {"angle": 0, "axis": "y", "origin": [8, 18, 8]},
			"faces": {
				"north": {"uv": [12.5, 3, 13, 5], "texture": "#1"},
				"east": {"uv": [12.5, 5, 13, 7], "texture": "#1"},
				"south": {"uv": [12.5, 7, 13, 9], "texture": "#1"},
				"west": {"uv": [8.5, 12.5, 9, 14.5], "texture": "#1"},
				"up": {"uv": [16, 5.5, 15.5, 5], "texture": "#1"},
				"down": {"uv": [6, 15.5, 5.5, 16], "texture": "#1"}
			}
		},
		{
			"from": [7.6, 17, 7.55],
			"to": [8.4, 20.6, 8.45],
			"rotation": {"angle": 0, "axis": "y", "origin": [8, 17, 8]},
			"faces": {
				"north": {"uv": [12.5, 3, 13, 5], "texture": "#1"},
				"east": {"uv": [12.5, 5, 13, 7], "texture": "#1"},
				"south": {"uv": [12.5, 7, 13, 9], "texture": "#1"},
				"west": {"uv": [8.5, 12.5, 9, 14.5], "texture": "#1"},
				"up": {"uv": [16, 5.5, 15.5, 5], "texture": "#1"},
				"down": {"uv": [6, 15.5, 5.5, 16], "texture": "#1"}
			}
		},
		{
			"from": [7.5, 19, 7],
			"to": [8.5, 20, 9],
			"rotation": {"angle": 0, "axis": "y", "origin": [8, 18, 8]},
			"faces": {
				"north": {"uv": [13, 15, 13.5, 15.5], "texture": "#1"},
				"east": {"uv": [13.5, 4, 14.5, 4.5], "texture": "#1"},
				"south": {"uv": [15, 13, 15.5, 13.5], "texture": "#1"},
				"west": {"uv": [13.5, 4.5, 14.5, 5], "texture": "#1"},
				"up": {"uv": [14, 6, 13.5, 5], "texture": "#1"},
				"down": {"uv": [14, 6, 13.5, 7], "texture": "#1"}
			}
		},
		{
			"from": [7.00503, 19, 7.50503],
			"to": [8.95503, 20, 8.50503],
			"rotation": {"angle": 0, "axis": "y", "origin": [8.10503, 18, 8.00503]},
			"faces": {
				"north": {"uv": [13, 12.5, 14, 13], "texture": "#1"},
				"east": {"uv": [12.5, 15, 13, 15.5], "texture": "#1"},
				"south": {"uv": [13, 13, 14, 13.5], "texture": "#1"},
				"west": {"uv": [15, 12.5, 15.5, 13], "texture": "#1"},
				"up": {"uv": [14.5, 3.5, 13.5, 3], "texture": "#1"},
				"down": {"uv": [14.5, 3.5, 13.5, 4], "texture": "#1"}
			}
		},
		{
			"from": [6.96569, 19, 7.61005],
			"to": [9.06569, 20, 8.31005],
			"rotation": {"angle": 45, "axis": "y", "origin": [8.06569, 18, 8.01005]},
			"faces": {
				"north": {"uv": [13.5, 7, 14.5, 7.5], "texture": "#1"},
				"east": {"uv": [13.5, 15, 14, 15.5], "texture": "#1"},
				"south": {"uv": [13.5, 7.5, 14.5, 8], "texture": "#1"},
				"west": {"uv": [15, 13.5, 15.5, 14], "texture": "#1"},
				"up": {"uv": [14.5, 8.5, 13.5, 8], "texture": "#1"},
				"down": {"uv": [14.5, 12, 13.5, 12.5], "texture": "#1"}
			}
		},
		{
			"from": [7.60503, 19, 6.93934],
			"to": [8.30503, 20, 9.03934],
			"rotation": {"angle": 45, "axis": "y", "origin": [8.00503, 18, 7.93934]},
			"faces": {
				"north": {"uv": [14, 15, 14.5, 15.5], "texture": "#1"},
				"east": {"uv": [13, 13.5, 14, 14], "texture": "#1"},
				"south": {"uv": [15, 14, 15.5, 14.5], "texture": "#1"},
				"west": {"uv": [0, 14, 1, 14.5], "texture": "#1"},
				"up": {"uv": [1.5, 15, 1, 14], "texture": "#1"},
				"down": {"uv": [2, 14, 1.5, 15], "texture": "#1"}
			}
		}
	],
	"display": {
		"thirdperson_righthand": {
			"translation": [0, 6, 2],
			"scale": [1.2, 1.2, 1.2]
		},
		"thirdperson_lefthand": {
			"translation": [0, 6, 2.25],
			"scale": [1.2, 1.2, 1.2]
		},
		"firstperson_righthand": {
			"rotation": [-25.5, 0, 0],
			"translation": [0, 2.75, -0.25]
		},
		"firstperson_lefthand": {
			"rotation": [-25, 0, 0],
			"translation": [0, 0, -2.75]
		},
		"ground": {
			"translation": [0, 18.75, 0],
			"scale": [1.2, 1.2, 1.2]
		},
		"gui": {
			"rotation": [0, 0, -37.25],
			"translation": [1.75, 1.25, 0]
		},
		"head": {
			"rotation": [-64.86, -38.96, 28.99],
			"translation": [0, 10, 2.75],
			"scale": [1.2, 1.2, 1.2]
		},
		"fixed": {
			"rotation": [-4.75, -36.75, 0],
			"translation": [0, 0, -4.75],
			"scale": [2.2, 2.2, 2.2]
		}
	},
	"groups": [
		0,
		1,
		2,
		3,
		4,
		5,
		6,
		7,
		8,
		9,
		{
			"name": "staff top",
			"origin": [7, 12.7, 9.5],
			"color": 0,
			"children": [
				{
					"name": "group",
					"origin": [7, 12.7, 9.5],
					"color": 0,
					"children": [10, 11, 12, 13, 14, 15]
				},
				{
					"name": "group",
					"origin": [7, 12.7, 9.5],
					"color": 0,
					"children": [16, 17, 18, 19, 20]
				},
				{
					"name": "group",
					"origin": [7, 12.7, 9.5],
					"color": 0,
					"children": [21, 22, 23, 24, 25]
				},
				{
					"name": "group",
					"origin": [7, 12.7, 9.5],
					"color": 0,
					"children": [26, 27, 28, 29, 30]
				}
			]
		},
		{
			"name": "group",
			"origin": [7, 13, 7],
			"color": 0,
			"children": [31, 32, 33, 34, 35, 36, 37, 38, 39, 40, 41, 42]
		}
	]
}