{
	"credit": "Made with Blockbench",
	"textures": {
		"2": "textures:item/stachue",
		"particle": "textures:item/stachue"
	},
	"elements": [
		{
			"from": [1.5, 0, 0],
			"to": [3.5, 11.8, 2],
			"rotation": {"angle": 0, "axis": "y", "origin": [1.5, 0, 0]},
			"faces": {
				"north": {"uv": [0, 0, 2, 11.8], "texture": "#2"},
				"east": {"uv": [0, 0, 2, 11.8], "texture": "#2"},
				"south": {"uv": [0, 0, 2, 11.8], "texture": "#2"},
				"west": {"uv": [0, 0, 2, 11.8], "texture": "#2"},
				"up": {"uv": [0, 0, 2, 2], "texture": "#2"},
				"down": {"uv": [0, 0, 2, 2], "texture": "#2"}
			}
		},
		{
			"name": "iner",
			"from": [4.6, 22.4, -0.2],
			"to": [12.3, 30.3, 7.5],
			"rotation": {"angle": 0, "axis": "x", "origin": [9, 22.2, 3.6]},
			"faces": {
				"north": {"uv": [2, 2, 4, 4], "texture": "#2"},
				"east": {"uv": [0.25, 2, 2.25, 4], "texture": "#2"},
				"south": {"uv": [6, 2, 8, 4], "texture": "#2"},
				"west": {"uv": [4, 2, 6, 4], "texture": "#2"},
				"up": {"uv": [2, 0, 4, 2], "texture": "#2"},
				"down": {"uv": [6, 0, 4, 2], "texture": "#2"}
			}
		},
		{
			"name": "iner",
			"from": [12.25, 19.2, -6.3],
			"to": [16.45, 24, 5.5],
			"rotation": {"angle": 22.5, "axis": "x", "origin": [12.35, 21.7, 3.3]},
			"faces": {
				"north": {"uv": [12, 4, 12.975, 5], "rotation": 180, "texture": "#2"},
				"east": {"uv": [10, 5, 11, 8], "rotation": 270, "texture": "#2"},
				"south": {"uv": [6, 12, 7, 13], "texture": "#2"},
				"west": {"uv": [11, 13, 12, 16], "rotation": 90, "texture": "#2"},
				"up": {"uv": [11, 5, 12, 8], "rotation": 180, "texture": "#2"},
				"down": {"uv": [9.075, 13, 9.975, 16], "texture": "#2"}
			}
		},
		{
			"name": "iner",
			"from": [0.35, 12.1, 1.7],
			"to": [4.8, 23.7, 6.3],
			"rotation": {"angle": 22.5, "axis": "x", "origin": [4.9, 22.6, 3.7]},
			"faces": {
				"north": {"uv": [8.975, 13, 10.025, 16], "texture": "#2"},
				"east": {"uv": [8, 13, 9, 16], "texture": "#2"},
				"south": {"uv": [11, 13, 12, 16], "texture": "#2"},
				"west": {"uv": [10.025, 13, 11, 16], "texture": "#2"},
				"up": {"uv": [9, 12, 10, 13], "texture": "#2"},
				"down": {"uv": [10, 12, 10.975, 13], "texture": "#2"}
			}
		},
		{
			"name": "iner",
			"from": [4.75, 11.15, 5.75],
			"to": [12.25, 22.65, 10.25],
			"rotation": {"angle": -22.5, "axis": "x", "origin": [8.1, 10.9, 7]},
			"faces": {
				"north": {"uv": [5, 5.25, 7, 7.75], "texture": "#2"},
				"east": {"uv": [4, 5, 5, 8], "texture": "#2"},
				"south": {"uv": [8, 5, 10, 8], "texture": "#2"},
				"west": {"uv": [7, 5, 8, 8], "texture": "#2"},
				"up": {"uv": [5, 4, 7, 5], "texture": "#2"},
				"down": {"uv": [7, 4, 9, 5], "rotation": 270, "texture": "#2"}
			}
		},
		{
			"name": "iner",
			"from": [8.35, 1.4, 4.2],
			"to": [12.35, 13.7, 8.6],
			"rotation": {"angle": 0, "axis": "x", "origin": [11.6, 13.4, 5.4]},
			"faces": {
				"north": {"uv": [1, 5, 2, 8], "texture": "#2"},
				"east": {"uv": [0, 5, 1, 8], "texture": "#2"},
				"south": {"uv": [3, 5, 4, 8], "texture": "#2"},
				"west": {"uv": [2, 5, 3, 8], "texture": "#2"},
				"up": {"uv": [1, 4, 2, 5], "texture": "#2"},
				"down": {"uv": [2, 4, 3, 5], "texture": "#2"}
			}
		},
		{
			"name": "iner",
			"from": [4.65, 0.1, 5.75],
			"to": [8.45, 12.3, 10.25],
			"rotation": {"angle": 0, "axis": "x", "origin": [6.6, 12.1, 7]},
			"faces": {
				"north": {"uv": [11, 5, 12, 8], "texture": "#2"},
				"east": {"uv": [10, 5, 11, 8], "texture": "#2"},
				"south": {"uv": [13, 5, 14, 8], "texture": "#2"},
				"west": {"uv": [12, 5, 13, 8], "texture": "#2"},
				"up": {"uv": [11, 4, 12, 5], "texture": "#2"},
				"down": {"uv": [2, 4, 3, 5], "texture": "#2"}
			}
		},
		{
			"from": [1.5, 11.8, -1.8],
			"to": [3.5, 13.6, 2],
			"rotation": {"angle": 0, "axis": "y", "origin": [1.5, 11, 0]},
			"faces": {
				"north": {"uv": [0, 0, 2, 1.8], "texture": "#2"},
				"east": {"uv": [0, 0, 3.8, 1.8], "texture": "#2"},
				"south": {"uv": [0, 0, 2, 1.8], "texture": "#2"},
				"west": {"uv": [0, 0, 3.8, 1.8], "texture": "#2"},
				"up": {"uv": [0, 0, 2, 3.8], "texture": "#2"},
				"down": {"uv": [0, 0, 2, 3.8], "texture": "#2"}
			}
		},
		{
			"from": [9.5, 0, 5.75],
			"to": [11.5, 2, 7.5],
			"rotation": {"angle": 0, "axis": "y", "origin": [9.5, 0, 5.25]},
			"faces": {
				"north": {"uv": [0, 0, 2, 2], "texture": "#2"},
				"east": {"uv": [0, 0, 1.75, 2], "texture": "#2"},
				"south": {"uv": [0, 0, 2, 2], "texture": "#2"},
				"west": {"uv": [0, 0, 1.75, 2], "texture": "#2"},
				"up": {"uv": [0, 0, 2, 1.75], "texture": "#2"},
				"down": {"uv": [0, 0, 2, 1.75], "texture": "#2"}
			}
		}
	],
	"display": {
		"gui": {
			"rotation": [0, 0, -44.5],
			"translation": [-4.5, -4.75, 0]
		},
		"head": {
			"translation": [-1.25, -29.5, 0],
			"scale": [2, 2, 2]
		},
		"fixed": {
			"rotation": [-90, 0, 0],
			"translation": [0, 0, -31.75],
			"scale": [4, 4, 4]
		}
	},
	"groups": [
		0,
		{
			"name": "head",
			"origin": [0, 0, 0],
			"color": 0,
			"children": [1]
		},
		{
			"name": "armL",
			"origin": [4.5, 12, 7],
			"color": 0,
			"children": [2]
		},
		{
			"name": "armR",
			"origin": [4.5, 12, 7],
			"color": 0,
			"children": [3]
		},
		{
			"name": "bodey",
			"origin": [4.5, 12, 7],
			"color": 0,
			"children": [4]
		},
		{
			"name": "legsR",
			"origin": [10, 0, 7],
			"color": 0,
			"children": [5]
		},
		{
			"name": "legsL",
			"origin": [5, 0, 7],
			"color": 0,
			"children": [6]
		},
		7,
		8
	]
}