{
	"credit": "Made with Blockbench",
	"texture_size": [32, 32],
	"textures": {
		"0": "textures:item/SwordofPhineas",
		"particle": "textures:item/SwordofPhineas"
	},
	"elements": [
		{
			"from": [7.1, 0, 7.1],
			"to": [8.9, 2, 8.9],
			"rotation": {"angle": 0, "axis": "y", "origin": [7, 0, 7]},
			"faces": {
				"north": {"uv": [7, 0, 8, 1], "texture": "#0"},
				"east": {"uv": [7, 1, 8, 2], "texture": "#0"},
				"south": {"uv": [7, 2, 8, 3], "texture": "#0"},
				"west": {"uv": [7, 3, 8, 4], "texture": "#0"},
				"up": {"uv": [8, 5, 7, 4], "texture": "#0"},
				"down": {"uv": [8, 5, 7, 6], "texture": "#0"}
			}
		},
		{
			"from": [6.95, 0.25, 7.25],
			"to": [9.05, 1.75, 8.75],
			"rotation": {"angle": 0, "axis": "y", "origin": [8, 0, 8]},
			"faces": {
				"north": {"uv": [6, 7, 7, 7.75], "texture": "#0"},
				"east": {"uv": [3, 8.5, 3.75, 9.25], "texture": "#0"},
				"south": {"uv": [7, 7, 8, 7.75], "texture": "#0"},
				"west": {"uv": [8.5, 4, 9.25, 4.75], "texture": "#0"},
				"up": {"uv": [3, 8.25, 2, 7.5], "texture": "#0"},
				"down": {"uv": [4, 7.5, 3, 8.25], "texture": "#0"}
			}
		},
		{
			"from": [7.25, -0.05, 7.25],
			"to": [8.75, 2.15, 8.75],
			"rotation": {"angle": 0, "axis": "z", "origin": [8.1, 1, 8]},
			"faces": {
				"north": {"uv": [8, 1, 8.75, 2], "texture": "#0"},
				"east": {"uv": [8, 2, 8.75, 3], "texture": "#0"},
				"south": {"uv": [8, 3, 8.75, 4], "texture": "#0"},
				"west": {"uv": [4, 8, 4.75, 9], "texture": "#0"},
				"up": {"uv": [9.25, 7.75, 8.5, 7], "texture": "#0"},
				"down": {"uv": [8.75, 8.5, 8, 9.25], "texture": "#0"}
			}
		},
		{
			"from": [7.25, 0.25, 6.95],
			"to": [8.75, 1.75, 9.05],
			"rotation": {"angle": 0, "axis": "y", "origin": [8, 0, 8]},
			"faces": {
				"north": {"uv": [5, 8.5, 5.75, 9.25], "texture": "#0"},
				"east": {"uv": [5, 7.5, 6, 8.25], "texture": "#0"},
				"south": {"uv": [8.5, 5, 9.25, 5.75], "texture": "#0"},
				"west": {"uv": [0, 8, 1, 8.75], "texture": "#0"},
				"up": {"uv": [8.75, 1, 8, 0], "texture": "#0"},
				"down": {"uv": [1.75, 8, 1, 9], "texture": "#0"}
			}
		},
		{
			"from": [7.5, 2, 7.5],
			"to": [8.5, 4.75, 8.5],
			"rotation": {"angle": 0, "axis": "y", "origin": [7, -1, 7]},
			"faces": {
				"north": {"uv": [8, 4, 8.5, 5.5], "texture": "#0"},
				"east": {"uv": [6, 8, 6.5, 9.5], "texture": "#0"},
				"south": {"uv": [6.5, 8, 7, 9.5], "texture": "#0"},
				"west": {"uv": [7, 8, 7.5, 9.5], "texture": "#0"},
				"up": {"uv": [8.5, 6, 8, 5.5], "texture": "#0"},
				"down": {"uv": [5.5, 9.5, 5, 10], "texture": "#0"}
			}
		},
		{
			"from": [7.4, 4.75, 7.4],
			"to": [8.6, 7.95, 8.6],
			"rotation": {"angle": 0, "axis": "y", "origin": [7, 3, 7]},
			"faces": {
				"north": {"uv": [8, 7, 8.5, 8.5], "texture": "#0"},
				"east": {"uv": [7.5, 8, 8, 9.5], "texture": "#0"},
				"south": {"uv": [2, 8.5, 2.5, 10], "texture": "#0"},
				"west": {"uv": [2.5, 8.5, 3, 10], "texture": "#0"},
				"up": {"uv": [6, 10, 5.5, 9.5], "texture": "#0"},
				"down": {"uv": [10, 5.5, 9.5, 6], "texture": "#0"}
			}
		},
		{
			"from": [7.25, 8, 5],
			"to": [8.75, 9, 11],
			"rotation": {"angle": 0, "axis": "y", "origin": [8, 8, 8]},
			"faces": {
				"north": {"uv": [8.5, 8, 9.25, 8.5], "texture": "#0"},
				"east": {"uv": [6, 6, 9, 6.5], "texture": "#0"},
				"south": {"uv": [0.5, 9, 1.25, 9.5], "texture": "#0"},
				"west": {"uv": [6, 6.5, 9, 7], "texture": "#0"},
				"up": {"uv": [6.75, 3, 6, 0], "texture": "#0"},
				"down": {"uv": [6.75, 3, 6, 6], "texture": "#0"}
			}
		},
		{
			"from": [7.5, 8, 3.6],
			"to": [8.5, 9, 5],
			"rotation": {"angle": 45, "axis": "x", "origin": [8, 8, 5]},
			"faces": {
				"north": {"uv": [6, 9.5, 6.5, 10], "texture": "#0"},
				"east": {"uv": [9, 1, 9.75, 1.5], "texture": "#0"},
				"south": {"uv": [9.5, 6, 10, 6.5], "texture": "#0"},
				"west": {"uv": [9, 1.5, 9.75, 2], "texture": "#0"},
				"up": {"uv": [2, 9.75, 1.5, 9], "texture": "#0"},
				"down": {"uv": [9.5, 2, 9, 2.75], "texture": "#0"}
			}
		},
		{
			"from": [7.5, 9, 7],
			"to": [8.5, 25, 9],
			"rotation": {"angle": 0, "axis": "y", "origin": [6.5, 9, 7]},
			"faces": {
				"north": {"uv": [4, 0, 4.5, 8], "texture": "#0"},
				"east": {"uv": [0, 0, 1, 8], "texture": "#0"},
				"south": {"uv": [4.5, 0, 5, 8], "texture": "#0"},
				"west": {"uv": [1, 0, 2, 8], "texture": "#0"},
				"up": {"uv": [0.5, 10, 0, 9], "texture": "#0"},
				"down": {"uv": [9.5, 0, 9, 1], "texture": "#0"}
			}
		},
		{
			"from": [7.5, 24.3, 7.7],
			"to": [8.5, 25.3, 9.1],
			"rotation": {"angle": -45, "axis": "x", "origin": [6.5, 24.3, 7.7]},
			"faces": {
				"north": {"uv": [7, 9.5, 7.5, 10], "texture": "#0"},
				"east": {"uv": [0.5, 9.5, 1.25, 10], "texture": "#0"},
				"south": {"uv": [9.5, 7, 10, 7.5], "texture": "#0"},
				"west": {"uv": [9.5, 2, 10.25, 2.5], "texture": "#0"},
				"up": {"uv": [10, 3.25, 9.5, 2.5], "texture": "#0"},
				"down": {"uv": [3.5, 9.5, 3, 10.25], "texture": "#0"}
			}
		},
		{
			"from": [7.5, 8.7, 10.3],
			"to": [8.5, 10.1, 11.3],
			"rotation": {"angle": 45, "axis": "x", "origin": [8, 8.7, 10.3]},
			"faces": {
				"north": {"uv": [9, 3, 9.5, 3.75], "texture": "#0"},
				"east": {"uv": [4, 9, 4.5, 9.75], "texture": "#0"},
				"south": {"uv": [4.5, 9, 5, 9.75], "texture": "#0"},
				"west": {"uv": [9, 6, 9.5, 6.75], "texture": "#0"},
				"up": {"uv": [7, 10, 6.5, 9.5], "texture": "#0"},
				"down": {"uv": [10, 6.5, 9.5, 7], "texture": "#0"}
			}
		},
		{
			"from": [7.5, 25.2, 7.3],
			"to": [8.5, 26.2, 8.7],
			"rotation": {"angle": 45, "axis": "x", "origin": [6.5, 25.2, 7.4]},
			"faces": {
				"north": {"uv": [7.5, 9.5, 8, 10], "texture": "#0"},
				"east": {"uv": [9.5, 3.5, 10.25, 4], "texture": "#0"},
				"south": {"uv": [9.5, 7.5, 10, 8], "texture": "#0"},
				"west": {"uv": [9.5, 4, 10.25, 4.5], "texture": "#0"},
				"up": {"uv": [4, 10.25, 3.5, 9.5], "texture": "#0"},
				"down": {"uv": [10, 4.5, 9.5, 5.25], "texture": "#0"}
			}
		},
		{
			"from": [7.4, 9, 7.25],
			"to": [8.6, 23.75, 8.75],
			"rotation": {"angle": 0, "axis": "y", "origin": [6.5, 9, 7]},
			"faces": {
				"north": {"uv": [5, 0, 5.5, 7.5], "texture": "#0"},
				"east": {"uv": [2, 0, 2.75, 7.5], "texture": "#0"},
				"south": {"uv": [5.5, 0, 6, 7.5], "texture": "#0"},
				"west": {"uv": [3, 0, 3.75, 7.5], "texture": "#0"},
				"up": {"uv": [9.5, 9.25, 9, 8.5], "texture": "#0"},
				"down": {"uv": [10, 0, 9.5, 0.75], "texture": "#0"}
			}
		}
	],
	"display": {
		"thirdperson_righthand": {
			"translation": [0, 0.5, 2]
		},
		"thirdperson_lefthand": {
			"translation": [0, 0.25, 1.5]
		},
		"firstperson_righthand": {
			"rotation": [-19.25, 0, 0],
			"translation": [0, 1.75, 0]
		},
		"firstperson_lefthand": {
			"rotation": [-25, 0, 0],
			"translation": [0, 2.25, 0.5]
		},
		"ground": {
			"rotation": [3.4, -0.03, -0.92],
			"translation": [0, 17.5, 0]
		},
		"gui": {
			"rotation": [85.73, 45.28, -88.2],
			"translation": [-2, -3, 0]
		},
		"head": {
			"rotation": [0, 0, 177.75],
			"translation": [0, 15, 0]
		},
		"fixed": {
			"rotation": [0, -83, 0],
			"scale": [2, 2, 2]
		}
	}
}