{
	"credit": "Made with Blockbench by SilentGeeC",
	"texture_size": [64, 64],
	"textures": {
		"0": "item/engshildgen",
		"1": "item/engshiled",
		"particle": "item/engshildgen"
	},
	"elements": [
		{
			"from": [5.8, 0, 5.8],
			"to": [10.2, 8, 10.2],
			"rotation": {"angle": 0, "axis": "y", "origin": [7, 0, 7]},
			"faces": {
				"north": {"uv": [3, 0, 5, 4], "texture": "#0"},
				"east": {"uv": [3, 4, 5, 8], "texture": "#0"},
				"south": {"uv": [5, 0, 7, 4], "texture": "#0"},
				"west": {"uv": [5, 4, 7, 8], "texture": "#0"},
				"up": {"uv": [2, 8, 0, 6], "texture": "#0"},
				"down": {"uv": [9, 0, 7, 2], "texture": "#0"}
			}
		},
		{
			"from": [5, 1, 5],
			"to": [11, 7, 6],
			"rotation": {"angle": 0, "axis": "y", "origin": [7, 3, 5]},
			"faces": {
				"north": {"uv": [0, 0, 3, 3], "texture": "#0"},
				"east": {"uv": [2, 6, 2.5, 9], "texture": "#0"},
				"south": {"uv": [0, 3, 3, 6], "texture": "#0"},
				"west": {"uv": [2.5, 6, 3, 9], "texture": "#0"},
				"up": {"uv": [10, 2.5, 7, 2], "texture": "#0"},
				"down": {"uv": [10, 2.5, 7, 3], "texture": "#0"}
			}
		},
		{
			"from": [2, -11, 4.9],
			"to": [14, 18, 4.9],
			"rotation": {"angle": 0, "axis": "y", "origin": [7, 0, 2.9]},
			"faces": {
				"north": {"uv": [0, 0, 3, 7.25], "texture": "#1"},
				"east": {"uv": [0, 0, 0, 7.25], "texture": "#1"},
				"south": {"uv": [3, 0, 6, 7.25], "texture": "#1"},
				"west": {"uv": [0, 0, 0, 7.25], "texture": "#1"},
				"up": {"uv": [3, 0, 0, 0], "texture": "#1"},
				"down": {"uv": [3, 0, 0, 0], "texture": "#1"}
			}
		},
		{
			"from": [14, -11, 4.9],
			"to": [16, 18, 4.9],
			"rotation": {"angle": -22.5, "axis": "y", "origin": [14, 0, 4.9]},
			"faces": {
				"north": {"uv": [7, 0, 7.5, 7.25], "texture": "#1"},
				"east": {"uv": [0, 0, 0, 7.25], "texture": "#1"},
				"south": {"uv": [0, 7.25, 0.5, 14.5], "texture": "#1"},
				"west": {"uv": [0, 0, 0, 7.25], "texture": "#1"},
				"up": {"uv": [0.5, 0, 0, 0], "texture": "#1"},
				"down": {"uv": [0.5, 0, 0, 0], "texture": "#1"}
			}
		},
		{
			"from": [0, -11, 4.9],
			"to": [2, 18, 4.9],
			"rotation": {"angle": 22.5, "axis": "y", "origin": [2, 0, 4.9]},
			"faces": {
				"north": {"uv": [6, 0, 6.5, 7.25], "texture": "#1"},
				"east": {"uv": [0, 0, 0, 7.25], "texture": "#1"},
				"south": {"uv": [6.5, 0, 7, 7.25], "texture": "#1"},
				"west": {"uv": [0, 0, 0, 7.25], "texture": "#1"},
				"up": {"uv": [0.5, 0, 0, 0], "texture": "#1"},
				"down": {"uv": [0.5, 0, 0, 0], "texture": "#1"}
			}
		}
	],
	"display": {
		"thirdperson_righthand": {
			"rotation": [90, -90, 0],
			"translation": [0, -2, 8.5]
		},
		"thirdperson_lefthand": {
			"rotation": [90, -90, 0],
			"translation": [0, -2, 8.5]
		},
		"firstperson_righthand": {
			"translation": [4.5, 0, 0]
		},
		"firstperson_lefthand": {
			"translation": [4.5, 0, 0]
		},
		"ground": {
			"translation": [0, 4.25, 0],
			"scale": [0.5, 0.5, 0.5]
		},
		"gui": {
			"rotation": [153.05, 56.94, -142.08],
			"translation": [0.75, 1.75, 0],
			"scale": [0.5, 0.5, 0.5]
		},
		"head": {
			"rotation": [0, 180, 0],
			"translation": [0, 13, 7]
		},
		"fixed": {
			"translation": [0, 7.5, -4.75],
			"scale": [2, 2, 2]
		}
	}
}