{
	"credit": "Made with Blockbench by SilentGeeC",
	"texture_size": [4002, 1603],
	"textures": {
		"2": "item/logo"
	},
	"elements": [
		{
			"from": [20, 2.4, 5.8],
			"to": [28, 10.4, 10.2],
			"rotation": {"angle": 0, "axis": "y", "origin": [8, 2, 8]},
			"faces": {
				"north": {"uv": [1.48326, 13.0156, 1.64318, 13.41485], "texture": "#2"},
				"east": {"uv": [0.01199, 15.47099, 0.01599, 15.45103], "texture": "#2"},
				"south": {"uv": [1.64318, 13.0156, 1.48326, 13.41485], "texture": "#2"},
				"west": {"uv": [0.01199, 15.47099, 0.01599, 15.45103], "texture": "#2"},
				"up": {"uv": [1.64318, 13.0156, 1.48326, 12.79601], "texture": "#2"},
				"down": {"uv": [1.64318, 13.63444, 1.48326, 13.41485], "texture": "#2"}
			}
		},
		{
			"from": [23.2, 4, 5.8],
			"to": [24.8, 4, 10.2],
			"rotation": {"angle": 0, "axis": "y", "origin": [8, 2, 8]},
			"faces": {
				"down": {"uv": [1.68316, 13.63444, 1.65117, 13.41485], "texture": "#2"}
			}
		},
		{
			"from": [22.8, 9.2, 5.4],
			"to": [25.2, 10.8, 10.6],
			"rotation": {"angle": 0, "axis": "y", "origin": [8, 2, 8]},
			"faces": {
				"east": {"uv": [0.004, 15.45103, 0.008, 15.46101], "texture": "#2"},
				"west": {"uv": [0.004, 15.45103, 0.008, 15.46101], "texture": "#2"},
				"down": {"uv": [0.008, 15.46101, 0.01999, 15.47099], "texture": "#2"}
			}
		},
		{
			"from": [23.6, 7.6, 5.4],
			"to": [24.4, 9.2, 10.6],
			"rotation": {"angle": 0, "axis": "y", "origin": [8, 2, 8]},
			"faces": {
				"east": {"uv": [0.004, 15.45103, 0.008, 15.46101], "texture": "#2"},
				"west": {"uv": [0.004, 15.45103, 0.008, 15.46101], "texture": "#2"},
				"down": {"uv": [0.004, 15.45103, 0.008, 15.46101], "texture": "#2"}
			}
		},
		{
			"from": [22.8, 2, 5.4],
			"to": [25.2, 3.6, 10.6],
			"rotation": {"angle": 0, "axis": "y", "origin": [8, 2, 8]},
			"faces": {
				"east": {"uv": [0.004, 15.45103, 0.008, 15.46101], "texture": "#2"},
				"west": {"uv": [0.004, 15.45103, 0.008, 15.46101], "texture": "#2"},
				"up": {"uv": [0.004, 15.45103, 0.008, 15.46101], "texture": "#2"}
			}
		},
		{
			"from": [28.4, 10.8, 10.6],
			"to": [19.6, 2, 5.4],
			"rotation": {"angle": 0, "axis": "y", "origin": [8, 2, 8]},
			"faces": {
				"north": {"uv": [0.05197, 15.56082, 0.09595, 15.45103], "texture": "#2"},
				"east": {"uv": [0.004, 15.45103, 0.008, 15.46101], "texture": "#2"},
				"south": {"uv": [0.05197, 15.56082, 0.09595, 15.45103], "texture": "#2"},
				"west": {"uv": [0.004, 15.45103, 0.008, 15.46101], "texture": "#2"},
				"up": {"uv": [0.05197, 15.45103, 0.09595, 15.46101], "texture": "#2"},
				"down": {"uv": [0.05197, 15.45103, 0.09595, 15.46101], "texture": "#2"}
			}
		},
		{
			"from": [13.6, 2.4, 5.8],
			"to": [19.2, 10.4, 10.2],
			"rotation": {"angle": 0, "axis": "y", "origin": [8, 2, 8]},
			"faces": {
				"north": {"uv": [0.36382, 13.0156, 0.47576, 13.41485], "texture": "#2"},
				"south": {"uv": [0.47576, 13.0156, 0.36382, 13.41485], "texture": "#2"},
				"up": {"uv": [0.47576, 13.0156, 0.36382, 12.79601], "texture": "#2"},
				"down": {"uv": [0.47576, 13.63444, 0.36382, 13.41485], "texture": "#2"}
			}
		},
		{
			"from": [13.2, 4.4, 5.4],
			"to": [16.4, 8.4, 10.6],
			"rotation": {"angle": 0, "axis": "y", "origin": [8, 2, 8]},
			"faces": {
				"east": {"uv": [0.008, 15.45103, 0.004, 15.46101], "texture": "#2"},
				"up": {"uv": [0.008, 15.45103, 0.004, 15.46101], "texture": "#2"},
				"down": {"uv": [0.008, 15.45103, 0.004, 15.46101], "texture": "#2"}
			}
		},
		{
			"from": [19.6, 10.8, 10.6],
			"to": [13.2, 2, 5.4],
			"rotation": {"angle": 0, "axis": "y", "origin": [8, 2, 8]},
			"faces": {
				"north": {"uv": [0.01199, 15.45103, 0.004, 15.56082], "texture": "#2"},
				"east": {"uv": [0.01199, 15.45103, 0.008, 15.56082], "texture": "#2"},
				"south": {"uv": [0.004, 15.45103, 0.01199, 15.56082], "texture": "#2"},
				"west": {"uv": [0.004, 15.45103, 0.008, 15.46101], "texture": "#2"},
				"up": {"uv": [0.004, 15.45103, 0.008, 15.46101], "texture": "#2"},
				"down": {"uv": [0.004, 15.45103, 0.008, 15.46101], "texture": "#2"}
			}
		},
		{
			"from": [7.2, 2.4, 5.8],
			"to": [12.8, 10.4, 10.2],
			"rotation": {"angle": 0, "axis": "y", "origin": [8, 2, 8]},
			"faces": {
				"north": {"uv": [0.36382, 13.0156, 0.47576, 13.41485], "texture": "#2"},
				"south": {"uv": [0.47576, 13.0156, 0.36382, 13.41485], "texture": "#2"},
				"up": {"uv": [0.47576, 13.0156, 0.36382, 12.79601], "texture": "#2"},
				"down": {"uv": [0.47576, 13.63444, 0.36382, 13.41485], "texture": "#2"}
			}
		},
		{
			"from": [6.8, 4.4, 5.4],
			"to": [10, 8.4, 10.6],
			"rotation": {"angle": 0, "axis": "y", "origin": [8, 2, 8]},
			"faces": {
				"east": {"uv": [0.008, 15.45103, 0.004, 15.46101], "texture": "#2"},
				"up": {"uv": [0.008, 15.45103, 0.004, 15.46101], "texture": "#2"},
				"down": {"uv": [0.008, 15.45103, 0.004, 15.46101], "texture": "#2"}
			}
		},
		{
			"from": [13.2, 10.8, 10.6],
			"to": [6.8, 2, 5.4],
			"rotation": {"angle": 0, "axis": "y", "origin": [8, 2, 8]},
			"faces": {
				"north": {"uv": [0.01199, 15.45103, 0.004, 15.56082], "texture": "#2"},
				"east": {"uv": [0.01199, 15.45103, 0.008, 15.56082], "texture": "#2"},
				"south": {"uv": [0.004, 15.45103, 0.01199, 15.56082], "texture": "#2"},
				"west": {"uv": [0.004, 15.45103, 0.008, 15.46101], "texture": "#2"},
				"up": {"uv": [0.004, 15.45103, 0.008, 15.46101], "texture": "#2"},
				"down": {"uv": [0.004, 15.45103, 0.008, 15.46101], "texture": "#2"}
			}
		},
		{
			"from": [0.8, 2.4, 5.8],
			"to": [6.4, 10.4, 10.2],
			"rotation": {"angle": 0, "axis": "y", "origin": [8, 2, 8]},
			"faces": {
				"north": {"uv": [0.36382, 13.0156, 0.47576, 13.41485], "texture": "#2"},
				"south": {"uv": [0.47576, 13.0156, 0.36382, 13.41485], "texture": "#2"},
				"up": {"uv": [0.47576, 13.0156, 0.36382, 12.79601], "texture": "#2"},
				"down": {"uv": [0.47576, 13.63444, 0.36382, 13.41485], "texture": "#2"}
			}
		},
		{
			"from": [0.4, 4.4, 5.4],
			"to": [3.6, 8.4, 10.6],
			"rotation": {"angle": 0, "axis": "y", "origin": [8, 2, 8]},
			"faces": {
				"east": {"uv": [0.008, 15.45103, 0.004, 15.46101], "texture": "#2"},
				"up": {"uv": [0.008, 15.45103, 0.004, 15.46101], "texture": "#2"},
				"down": {"uv": [0.008, 15.45103, 0.004, 15.46101], "texture": "#2"}
			}
		},
		{
			"from": [6.8, 10.8, 10.6],
			"to": [0.4, 2, 5.4],
			"rotation": {"angle": 0, "axis": "y", "origin": [8, 2, 8]},
			"faces": {
				"north": {"uv": [0.01199, 15.45103, 0.004, 15.56082], "texture": "#2"},
				"east": {"uv": [0.01199, 15.45103, 0.008, 15.56082], "texture": "#2"},
				"south": {"uv": [0.004, 15.45103, 0.01199, 15.56082], "texture": "#2"},
				"west": {"uv": [0.004, 15.45103, 0.008, 15.46101], "texture": "#2"},
				"up": {"uv": [0.004, 15.45103, 0.008, 15.46101], "texture": "#2"},
				"down": {"uv": [0.004, 15.45103, 0.008, 15.46101], "texture": "#2"}
			}
		},
		{
			"from": [-5.6, 2.4, 5.8],
			"to": [0, 10.4, 10.2],
			"rotation": {"angle": 0, "axis": "y", "origin": [8, 2, 8]},
			"faces": {
				"north": {"uv": [0.84358, 13.0156, 0.95552, 13.41485], "texture": "#2"},
				"south": {"uv": [0.95552, 13.0156, 0.84358, 13.41485], "texture": "#2"},
				"up": {"uv": [0.95552, 13.0156, 0.84358, 12.79601], "texture": "#2"},
				"down": {"uv": [0.95552, 13.63444, 0.84358, 13.41485], "texture": "#2"}
			}
		},
		{
			"from": [-6, 7.6, 5.4],
			"to": [-2.8, 8.4, 10.6],
			"rotation": {"angle": 0, "axis": "y", "origin": [8, 2, 8]},
			"faces": {
				"east": {"uv": [0.004, 15.45103, 0.008, 15.46101], "texture": "#2"},
				"up": {"uv": [0.004, 15.45103, 0.008, 15.46101], "texture": "#2"},
				"down": {"uv": [0.004, 15.45103, 0.008, 15.46101], "texture": "#2"}
			}
		},
		{
			"from": [0.4, 10.8, 10.6],
			"to": [-6, 2, 5.4],
			"rotation": {"angle": 0, "axis": "y", "origin": [8, 2, 8]},
			"faces": {
				"north": {"uv": [0.02799, 15.56082, 0.03598, 15.45103], "texture": "#2"},
				"east": {"uv": [0.03198, 15.56082, 0.02799, 15.45103], "texture": "#2"},
				"south": {"uv": [0.03598, 15.56082, 0.02799, 15.45103], "texture": "#2"},
				"west": {"uv": [0.004, 15.45103, 0.008, 15.46101], "texture": "#2"},
				"up": {"uv": [0.004, 15.45103, 0.008, 15.46101], "texture": "#2"},
				"down": {"uv": [0.004, 15.45103, 0.008, 15.46101], "texture": "#2"}
			}
		},
		{
			"from": [-12, 2.4, 5.8],
			"to": [-6.4, 10.4, 10.2],
			"rotation": {"angle": 0, "axis": "y", "origin": [8, 2, 8]},
			"faces": {
				"north": {"uv": [1.94703, 13.0156, 2.05897, 13.41485], "texture": "#2"},
				"south": {"uv": [2.05897, 13.0156, 1.94703, 13.41485], "texture": "#2"},
				"up": {"uv": [2.05897, 13.0156, 1.94703, 12.79601], "texture": "#2"},
				"down": {"uv": [2.05897, 13.63444, 1.94703, 13.41485], "texture": "#2"}
			}
		},
		{
			"from": [-12.4, 2, 5.4],
			"to": [-9.2, 5.2, 10.6],
			"rotation": {"angle": 0, "axis": "y", "origin": [8, 2, 8]},
			"faces": {
				"east": {"uv": [0.004, 15.45103, 0.008, 15.46101], "texture": "#2"},
				"up": {"uv": [0.004, 15.45103, 0.008, 15.46101], "texture": "#2"}
			}
		},
		{
			"from": [-6, 10.8, 10.6],
			"to": [-12.4, 2, 5.4],
			"rotation": {"angle": 0, "axis": "y", "origin": [8, 2, 8]},
			"faces": {
				"north": {"uv": [0.07596, 15.67062, 0.08396, 15.56082], "texture": "#2"},
				"east": {"uv": [0.07596, 15.67062, 0.07996, 15.56082], "texture": "#2"},
				"south": {"uv": [0.08396, 15.67062, 0.07596, 15.56082], "texture": "#2"},
				"west": {"uv": [0.004, 15.45103, 0.008, 15.46101], "texture": "#2"},
				"up": {"uv": [0.008, 15.46101, 0.01599, 15.47099], "texture": "#2"},
				"down": {"uv": [0.004, 15.45103, 0.008, 15.46101], "texture": "#2"}
			}
		},
		{
			"from": [24.716, 0.53, 5.37],
			"to": [26.116, 1.93, 10.93],
			"rotation": {"angle": 0, "axis": "y", "origin": [8, 2, 6]},
			"faces": {
				"north": {"uv": [5.92104, 0.88833, 6.56072, 2.48534], "texture": "#2"},
				"east": {"uv": [0.03598, 10.70992, 0.05197, 10.63007], "texture": "#2"},
				"south": {"uv": [6.56072, 0.88833, 5.92104, 2.48534], "texture": "#2"},
				"west": {"uv": [0.03598, 10.70992, 0.05197, 10.63007], "texture": "#2"},
				"up": {"uv": [6.56072, 0.88833, 5.92104, 0.00998], "texture": "#2"},
				"down": {"uv": [6.56072, 3.36369, 5.92104, 2.48534], "texture": "#2"}
			}
		},
		{
			"from": [25.276, 0.81, 5.37],
			"to": [25.556, 0.81, 10.93],
			"rotation": {"angle": 0, "axis": "y", "origin": [8, 2, 6]},
			"faces": {
				"down": {"uv": [6.72064, 3.36369, 6.5927, 2.48534], "texture": "#2"}
			}
		},
		{
			"from": [25.206, 1.72, 5.3],
			"to": [25.626, 2, 11],
			"rotation": {"angle": 0, "axis": "y", "origin": [8, 2, 6]},
			"faces": {
				"east": {"uv": [0.004, 10.63007, 0.01999, 10.66999], "texture": "#2"},
				"west": {"uv": [0.004, 10.63007, 0.01999, 10.66999], "texture": "#2"},
				"down": {"uv": [0.01999, 10.66999, 0.06797, 10.70992], "texture": "#2"}
			}
		},
		{
			"from": [25.346, 1.44, 5.3],
			"to": [25.486, 1.72, 11],
			"rotation": {"angle": 0, "axis": "y", "origin": [8, 2, 6]},
			"faces": {
				"east": {"uv": [0.004, 10.63007, 0.01999, 10.66999], "texture": "#2"},
				"west": {"uv": [0.004, 10.63007, 0.01999, 10.66999], "texture": "#2"},
				"down": {"uv": [0.004, 10.63007, 0.01999, 10.66999], "texture": "#2"}
			}
		},
		{
			"from": [25.206, 0.46, 5.3],
			"to": [25.626, 0.74, 11],
			"rotation": {"angle": 0, "axis": "y", "origin": [8, 2, 6]},
			"faces": {
				"east": {"uv": [0.004, 10.63007, 0.01999, 10.66999], "texture": "#2"},
				"west": {"uv": [0.004, 10.63007, 0.01999, 10.66999], "texture": "#2"},
				"up": {"uv": [0.004, 10.63007, 0.01999, 10.66999], "texture": "#2"}
			}
		},
		{
			"from": [26.186, 2, 11],
			"to": [24.646, 0.46, 5.3],
			"rotation": {"angle": 0, "axis": "y", "origin": [8, 2, 6]},
			"faces": {
				"north": {"uv": [0.1959, 11.06925, 0.37181, 10.63007], "texture": "#2"},
				"east": {"uv": [0.004, 10.63007, 0.01999, 10.66999], "texture": "#2"},
				"south": {"uv": [0.1959, 11.06925, 0.37181, 10.63007], "texture": "#2"},
				"west": {"uv": [0.004, 10.63007, 0.01999, 10.66999], "texture": "#2"},
				"up": {"uv": [0.1959, 10.63007, 0.37181, 10.66999], "texture": "#2"},
				"down": {"uv": [0.1959, 10.63007, 0.37181, 10.66999], "texture": "#2"}
			}
		},
		{
			"from": [24.156, 0.53, 5.37],
			"to": [24.576, 1.93, 10.93],
			"rotation": {"angle": 0, "axis": "y", "origin": [8, 2, 6]},
			"faces": {
				"north": {"uv": [4.32184, 0.88833, 4.51374, 2.48534], "texture": "#2"},
				"south": {"uv": [4.51374, 0.88833, 4.32184, 2.48534], "texture": "#2"},
				"up": {"uv": [4.51374, 0.88833, 4.32184, 0.00998], "texture": "#2"},
				"down": {"uv": [4.51374, 3.36369, 4.32184, 2.48534], "texture": "#2"}
			}
		},
		{
			"from": [24.646, 2, 11],
			"to": [24.086, 0.46, 5.3],
			"rotation": {"angle": 0, "axis": "y", "origin": [8, 2, 6]},
			"faces": {
				"north": {"uv": [0.004, 10.63007, 0.01999, 10.66999], "texture": "#2"},
				"east": {"uv": [0.004, 10.63007, 0.01999, 10.66999], "texture": "#2"},
				"south": {"uv": [0.004, 10.63007, 0.01999, 10.66999], "texture": "#2"},
				"west": {"uv": [0.004, 10.63007, 0.01999, 10.66999], "texture": "#2"},
				"up": {"uv": [0.004, 10.63007, 0.01999, 10.66999], "texture": "#2"},
				"down": {"uv": [0.004, 10.63007, 0.01999, 10.66999], "texture": "#2"}
			}
		},
		{
			"from": [22.896, 0.53, 5.37],
			"to": [24.016, 1.93, 10.93],
			"rotation": {"angle": 0, "axis": "y", "origin": [8, 2, 6]},
			"faces": {
				"north": {"uv": [6.75262, 0.88833, 7.26437, 2.48534], "texture": "#2"},
				"south": {"uv": [7.26437, 0.88833, 6.75262, 2.48534], "texture": "#2"},
				"up": {"uv": [7.26437, 0.88833, 6.75262, 0.00998], "texture": "#2"},
				"down": {"uv": [7.26437, 3.36369, 6.75262, 2.48534], "texture": "#2"}
			}
		},
		{
			"from": [23.386, 1.72, 5.3],
			"to": [23.526, 2, 11],
			"rotation": {"angle": 0, "axis": "y", "origin": [8, 2, 6]},
			"faces": {
				"east": {"uv": [0.004, 10.63007, 0.01999, 10.66999], "texture": "#2"},
				"west": {"uv": [0.004, 10.63007, 0.01999, 10.66999], "texture": "#2"},
				"down": {"uv": [0.004, 10.63007, 0.01999, 10.66999], "texture": "#2"}
			}
		},
		{
			"from": [23.386, 0.46, 5.3],
			"to": [23.526, 0.81, 11],
			"rotation": {"angle": 0, "axis": "y", "origin": [8, 2, 6]},
			"faces": {
				"east": {"uv": [0.004, 10.63007, 0.01999, 10.66999], "texture": "#2"},
				"west": {"uv": [0.004, 10.63007, 0.01999, 10.66999], "texture": "#2"},
				"up": {"uv": [0.004, 10.63007, 0.01999, 10.66999], "texture": "#2"}
			}
		},
		{
			"from": [24.086, 2, 11],
			"to": [22.826, 0.46, 5.3],
			"rotation": {"angle": 0, "axis": "y", "origin": [8, 2, 6]},
			"faces": {
				"north": {"uv": [0.30785, 11.50842, 0.45177, 10.63007], "texture": "#2"},
				"east": {"uv": [0.004, 10.63007, 0.01999, 10.66999], "texture": "#2"},
				"south": {"uv": [0.30785, 11.50842, 0.45177, 10.63007], "texture": "#2"},
				"west": {"uv": [0.004, 10.63007, 0.01999, 10.66999], "texture": "#2"},
				"up": {"uv": [0.30785, 10.63007, 0.45177, 10.66999], "texture": "#2"},
				"down": {"uv": [0.30785, 10.63007, 0.45177, 10.66999], "texture": "#2"}
			}
		},
		{
			"from": [21.776, 0.53, 5.37],
			"to": [22.756, 1.93, 10.93],
			"rotation": {"angle": 0, "axis": "y", "origin": [8, 2, 6]},
			"faces": {
				"north": {"uv": [2.4028, 0.88833, 2.85057, 2.48534], "texture": "#2"},
				"south": {"uv": [2.85057, 0.88833, 2.4028, 2.48534], "texture": "#2"},
				"up": {"uv": [2.85057, 0.88833, 2.4028, 0.00998], "texture": "#2"},
				"down": {"uv": [2.85057, 3.36369, 2.4028, 2.48534], "texture": "#2"}
			}
		},
		{
			"from": [21.706, 1.44, 5.3],
			"to": [22.266, 1.58, 11],
			"rotation": {"angle": 0, "axis": "y", "origin": [8, 2, 6]},
			"faces": {
				"east": {"uv": [0.004, 10.63007, 0.01999, 10.66999], "texture": "#2"},
				"up": {"uv": [0.004, 10.63007, 0.01999, 10.66999], "texture": "#2"},
				"down": {"uv": [0.004, 10.63007, 0.01999, 10.66999], "texture": "#2"}
			}
		},
		{
			"from": [21.706, 0.88, 5.3],
			"to": [22.266, 1.02, 11],
			"rotation": {"angle": 0, "axis": "y", "origin": [8, 2, 6]},
			"faces": {
				"east": {"uv": [0.004, 10.63007, 0.01999, 10.66999], "texture": "#2"},
				"up": {"uv": [0.004, 10.63007, 0.01999, 10.66999], "texture": "#2"},
				"down": {"uv": [0.004, 10.63007, 0.01999, 10.66999], "texture": "#2"}
			}
		},
		{
			"from": [22.826, 2, 11],
			"to": [21.706, 0.46, 5.3],
			"rotation": {"angle": 0, "axis": "y", "origin": [8, 2, 6]},
			"faces": {
				"north": {"uv": [0.05197, 10.63007, 0.08396, 11.06925], "texture": "#2"},
				"east": {"uv": [0.06797, 10.63007, 0.05197, 11.06925], "texture": "#2"},
				"south": {"uv": [0.08396, 10.63007, 0.05197, 11.06925], "texture": "#2"},
				"west": {"uv": [0.004, 10.63007, 0.01999, 10.66999], "texture": "#2"},
				"up": {"uv": [0.004, 10.63007, 0.01999, 10.66999], "texture": "#2"},
				"down": {"uv": [0.004, 10.63007, 0.01999, 10.66999], "texture": "#2"}
			}
		},
		{
			"from": [20.656, 0.53, 5.37],
			"to": [21.636, 1.93, 10.93],
			"rotation": {"angle": 0, "axis": "y", "origin": [8, 2, 6]},
			"faces": {
				"north": {"uv": [1.44328, 0.88833, 1.89105, 2.48534], "texture": "#2"},
				"south": {"uv": [1.89105, 0.88833, 1.44328, 2.48534], "texture": "#2"},
				"up": {"uv": [1.89105, 0.88833, 1.44328, 0.00998], "texture": "#2"},
				"down": {"uv": [1.89105, 3.36369, 1.44328, 2.48534], "texture": "#2"}
			}
		},
		{
			"from": [20.586, 0.88, 5.3],
			"to": [21.146, 1.58, 11],
			"rotation": {"angle": 0, "axis": "y", "origin": [8, 2, 6]},
			"faces": {
				"east": {"uv": [0.01999, 10.63007, 0.004, 10.66999], "texture": "#2"},
				"up": {"uv": [0.01999, 10.63007, 0.004, 10.66999], "texture": "#2"},
				"down": {"uv": [0.01999, 10.63007, 0.004, 10.66999], "texture": "#2"}
			}
		},
		{
			"from": [21.706, 2, 11],
			"to": [20.586, 0.46, 5.3],
			"rotation": {"angle": 0, "axis": "y", "origin": [8, 2, 6]},
			"faces": {
				"north": {"uv": [0.03598, 10.63007, 0.004, 11.06925], "texture": "#2"},
				"east": {"uv": [0.03598, 10.63007, 0.01999, 11.06925], "texture": "#2"},
				"south": {"uv": [0.004, 10.63007, 0.03598, 11.06925], "texture": "#2"},
				"west": {"uv": [0.004, 10.63007, 0.01999, 10.66999], "texture": "#2"},
				"up": {"uv": [0.004, 10.63007, 0.01999, 10.66999], "texture": "#2"},
				"down": {"uv": [0.004, 10.63007, 0.01999, 10.66999], "texture": "#2"}
			}
		},
		{
			"from": [19.536, 0.53, 5.37],
			"to": [20.516, 1.93, 10.93],
			"rotation": {"angle": 0, "axis": "y", "origin": [8, 2, 6]},
			"faces": {
				"north": {"uv": [8.7996, 0.88833, 9.24738, 2.48534], "texture": "#2"},
				"south": {"uv": [9.24738, 0.88833, 8.7996, 2.48534], "texture": "#2"},
				"up": {"uv": [9.24738, 0.88833, 8.7996, 0.00998], "texture": "#2"},
				"down": {"uv": [9.24738, 3.36369, 8.7996, 2.48534], "texture": "#2"}
			}
		},
		{
			"from": [20.586, 2, 11],
			"to": [19.466, 0.46, 5.3],
			"rotation": {"angle": 0, "axis": "y", "origin": [8, 2, 6]},
			"faces": {
				"north": {"uv": [0.004, 10.63007, 0.01999, 10.66999], "texture": "#2"},
				"east": {"uv": [0.004, 10.63007, 0.01999, 10.66999], "texture": "#2"},
				"south": {"uv": [0.004, 10.63007, 0.01999, 10.66999], "texture": "#2"},
				"west": {"uv": [0.004, 10.63007, 0.01999, 10.66999], "texture": "#2"},
				"up": {"uv": [0.004, 10.63007, 0.01999, 10.66999], "texture": "#2"},
				"down": {"uv": [0.004, 10.63007, 0.01999, 10.66999], "texture": "#2"}
			}
		},
		{
			"from": [18.416, 0.53, 5.37],
			"to": [19.396, 1.93, 10.93],
			"rotation": {"angle": 0, "axis": "y", "origin": [8, 2, 6]},
			"faces": {
				"north": {"uv": [0.48376, 0.88833, 0.93153, 2.48534], "texture": "#2"},
				"south": {"uv": [0.93153, 0.88833, 0.48376, 2.48534], "texture": "#2"},
				"up": {"uv": [0.93153, 0.88833, 0.48376, 0.00998], "texture": "#2"},
				"down": {"uv": [0.93153, 3.36369, 0.48376, 2.48534], "texture": "#2"}
			}
		},
		{
			"from": [19.466, 2, 11],
			"to": [18.346, 0.46, 5.3],
			"rotation": {"angle": 0, "axis": "y", "origin": [8, 2, 6]},
			"faces": {
				"north": {"uv": [0.004, 10.63007, 0.01999, 10.66999], "texture": "#2"},
				"east": {"uv": [0.004, 10.63007, 0.01999, 10.66999], "texture": "#2"},
				"south": {"uv": [0.004, 10.63007, 0.01999, 10.66999], "texture": "#2"},
				"west": {"uv": [0.004, 10.63007, 0.01999, 10.66999], "texture": "#2"},
				"up": {"uv": [0.004, 10.63007, 0.01999, 10.66999], "texture": "#2"},
				"down": {"uv": [0.004, 10.63007, 0.01999, 10.66999], "texture": "#2"}
			}
		},
		{
			"from": [17.296, 0.53, 5.37],
			"to": [18.276, 1.93, 10.93],
			"rotation": {"angle": 0, "axis": "y", "origin": [8, 2, 6]},
			"faces": {
				"north": {"uv": [2.88256, 0.88833, 3.33033, 2.48534], "texture": "#2"},
				"south": {"uv": [3.33033, 0.88833, 2.88256, 2.48534], "texture": "#2"},
				"up": {"uv": [3.33033, 0.88833, 2.88256, 0.00998], "texture": "#2"},
				"down": {"uv": [3.33033, 3.36369, 2.88256, 2.48534], "texture": "#2"}
			}
		},
		{
			"from": [17.226, 1.44, 5.3],
			"to": [17.786, 1.58, 11],
			"rotation": {"angle": 0, "axis": "y", "origin": [8, 2, 6]},
			"faces": {
				"east": {"uv": [0.004, 10.63007, 0.01999, 10.66999], "texture": "#2"},
				"up": {"uv": [0.004, 10.63007, 0.01999, 10.66999], "texture": "#2"},
				"down": {"uv": [0.004, 10.63007, 0.01999, 10.66999], "texture": "#2"}
			}
		},
		{
			"from": [17.226, 0.46, 5.3],
			"to": [17.786, 1.02, 11],
			"rotation": {"angle": 0, "axis": "y", "origin": [8, 2, 6]},
			"faces": {
				"east": {"uv": [0.004, 10.63007, 0.01999, 10.66999], "texture": "#2"},
				"up": {"uv": [0.004, 10.63007, 0.01999, 10.66999], "texture": "#2"}
			}
		},
		{
			"from": [18.346, 2, 11],
			"to": [17.226, 0.46, 5.3],
			"rotation": {"angle": 0, "axis": "y", "origin": [8, 2, 6]},
			"faces": {
				"north": {"uv": [0.09995, 11.06925, 0.06797, 10.63007], "texture": "#2"},
				"east": {"uv": [0.09995, 11.06925, 0.08396, 10.63007], "texture": "#2"},
				"south": {"uv": [0.06797, 11.06925, 0.09995, 10.63007], "texture": "#2"},
				"west": {"uv": [0.004, 10.63007, 0.01999, 10.66999], "texture": "#2"},
				"up": {"uv": [0.01999, 10.66999, 0.05197, 10.70992], "texture": "#2"},
				"down": {"uv": [0.004, 10.63007, 0.01999, 10.66999], "texture": "#2"}
			}
		},
		{
			"from": [16.176, 0.53, 5.37],
			"to": [17.156, 1.93, 10.93],
			"rotation": {"angle": 0, "axis": "y", "origin": [8, 2, 6]},
			"faces": {
				"north": {"uv": [9.75912, 0.88833, 10.2069, 2.48534], "texture": "#2"},
				"south": {"uv": [10.2069, 0.88833, 9.75912, 2.48534], "texture": "#2"},
				"up": {"uv": [10.2069, 0.88833, 9.75912, 0.00998], "texture": "#2"},
				"down": {"uv": [10.2069, 3.36369, 9.75912, 2.48534], "texture": "#2"}
			}
		},
		{
			"from": [16.946, 0.46, 5.3],
			"to": [17.226, 1.58, 11],
			"rotation": {"angle": 0, "axis": "y", "origin": [8, 2, 6]},
			"faces": {
				"west": {"uv": [0.004, 10.63007, 0.01999, 10.66999], "texture": "#2"},
				"up": {"uv": [0.004, 10.63007, 0.01999, 10.66999], "texture": "#2"}
			}
		},
		{
			"from": [16.106, 0.46, 5.3],
			"to": [16.386, 1.58, 11],
			"rotation": {"angle": 0, "axis": "y", "origin": [8, 2, 6]},
			"faces": {
				"east": {"uv": [0.004, 10.63007, 0.01999, 10.66999], "texture": "#2"},
				"up": {"uv": [0.004, 10.63007, 0.01999, 10.66999], "texture": "#2"}
			}
		},
		{
			"from": [17.226, 2, 11],
			"to": [16.106, 0.46, 5.3],
			"rotation": {"angle": 0, "axis": "y", "origin": [8, 2, 6]},
			"faces": {
				"north": {"uv": [0.03598, 11.50842, 0.09995, 11.06925], "texture": "#2"},
				"east": {"uv": [0.03598, 11.50842, 0.05197, 11.06925], "texture": "#2"},
				"south": {"uv": [0.03598, 11.50842, 0.09995, 11.06925], "texture": "#2"},
				"west": {"uv": [0.03598, 11.50842, 0.05197, 11.06925], "texture": "#2"},
				"up": {"uv": [0.03598, 11.50842, 0.09995, 11.4685], "texture": "#2"},
				"down": {"uv": [0.004, 10.63007, 0.01999, 10.66999], "texture": "#2"}
			}
		},
		{
			"from": [15.028, 0.53, 5.37],
			"to": [16.008, 1.93, 10.93],
			"rotation": {"angle": 0, "axis": "y", "origin": [8, 2, 6]},
			"faces": {
				"north": {"uv": [1.44328, 0.88833, 1.89105, 2.48534], "texture": "#2"},
				"south": {"uv": [1.89105, 0.88833, 1.44328, 2.48534], "texture": "#2"},
				"up": {"uv": [1.89105, 0.88833, 1.44328, 0.00998], "texture": "#2"},
				"down": {"uv": [1.89105, 3.36369, 1.44328, 2.48534], "texture": "#2"}
			}
		},
		{
			"from": [14.958, 0.88, 5.3],
			"to": [15.518, 1.58, 11],
			"rotation": {"angle": 0, "axis": "y", "origin": [8, 2, 6]},
			"faces": {
				"east": {"uv": [0.01999, 10.63007, 0.004, 10.66999], "texture": "#2"},
				"up": {"uv": [0.01999, 10.63007, 0.004, 10.66999], "texture": "#2"},
				"down": {"uv": [0.01999, 10.63007, 0.004, 10.66999], "texture": "#2"}
			}
		},
		{
			"from": [16.078, 2, 11],
			"to": [14.958, 0.46, 5.3],
			"rotation": {"angle": 0, "axis": "y", "origin": [8, 2, 6]},
			"faces": {
				"north": {"uv": [0.03598, 10.63007, 0.004, 11.06925], "texture": "#2"},
				"east": {"uv": [0.03598, 10.63007, 0.01999, 11.06925], "texture": "#2"},
				"south": {"uv": [0.004, 10.63007, 0.03598, 11.06925], "texture": "#2"},
				"west": {"uv": [0.004, 10.63007, 0.01999, 10.66999], "texture": "#2"},
				"up": {"uv": [0.004, 10.63007, 0.01999, 10.66999], "texture": "#2"},
				"down": {"uv": [0.004, 10.63007, 0.01999, 10.66999], "texture": "#2"}
			}
		},
		{
			"from": [14.048, 0.53, 5.37],
			"to": [14.888, 1.93, 10.93],
			"rotation": {"angle": 0, "axis": "y", "origin": [8, 2, 6]},
			"faces": {
				"north": {"uv": [5.50525, 0.88833, 5.88906, 2.48534], "texture": "#2"},
				"south": {"uv": [5.88906, 0.88833, 5.50525, 2.48534], "texture": "#2"},
				"up": {"uv": [5.88906, 0.88833, 5.50525, 0.00998], "texture": "#2"},
				"down": {"uv": [5.88906, 3.36369, 5.50525, 2.48534], "texture": "#2"}
			}
		},
		{
			"from": [13.978, 0.88, 5.3],
			"to": [14.398, 2, 11],
			"rotation": {"angle": 0, "axis": "y", "origin": [8, 2, 6]},
			"faces": {
				"east": {"uv": [0.004, 10.63007, 0.01999, 10.66999], "texture": "#2"},
				"down": {"uv": [0.004, 10.63007, 0.01999, 10.66999], "texture": "#2"}
			}
		},
		{
			"from": [14.958, 2, 11],
			"to": [13.978, 0.46, 5.3],
			"rotation": {"angle": 0, "axis": "y", "origin": [8, 2, 6]},
			"faces": {
				"north": {"uv": [0.14793, 11.06925, 0.25987, 10.63007], "texture": "#2"},
				"east": {"uv": [0.14793, 11.06925, 0.16392, 10.63007], "texture": "#2"},
				"south": {"uv": [0.25987, 11.06925, 0.14793, 10.63007], "texture": "#2"},
				"west": {"uv": [0.004, 10.63007, 0.01999, 10.66999], "texture": "#2"},
				"up": {"uv": [0.004, 10.63007, 0.01999, 10.66999], "texture": "#2"},
				"down": {"uv": [0.25987, 10.63007, 0.14793, 10.66999], "texture": "#2"}
			}
		},
		{
			"from": [12.928, 0.53, 5.37],
			"to": [13.908, 1.93, 10.93],
			"rotation": {"angle": 0, "axis": "y", "origin": [8, 2, 6]},
			"faces": {
				"north": {"uv": [10.23888, 0.88833, 10.68666, 2.48534], "texture": "#2"},
				"south": {"uv": [10.68666, 0.88833, 10.23888, 2.48534], "texture": "#2"},
				"up": {"uv": [10.68666, 0.88833, 10.23888, 0.00998], "texture": "#2"},
				"down": {"uv": [10.68666, 3.36369, 10.23888, 2.48534], "texture": "#2"}
			}
		},
		{
			"from": [13.978, 2, 11],
			"to": [12.858, 0.46, 5.3],
			"rotation": {"angle": 0, "axis": "y", "origin": [8, 2, 6]},
			"faces": {
				"north": {"uv": [0.004, 10.63007, 0.01999, 10.66999], "texture": "#2"},
				"east": {"uv": [0.004, 10.63007, 0.01999, 10.66999], "texture": "#2"},
				"south": {"uv": [0.004, 10.63007, 0.01999, 10.66999], "texture": "#2"},
				"west": {"uv": [0.004, 10.63007, 0.01999, 10.66999], "texture": "#2"},
				"up": {"uv": [0.004, 10.63007, 0.01999, 10.66999], "texture": "#2"},
				"down": {"uv": [0.004, 10.63007, 0.01999, 10.66999], "texture": "#2"}
			}
		},
		{
			"from": [11.808, 0.53, 5.37],
			"to": [12.788, 1.93, 10.93],
			"rotation": {"angle": 0, "axis": "y", "origin": [8, 2, 6]},
			"faces": {
				"north": {"uv": [0.96352, 0.88833, 1.41129, 2.48534], "texture": "#2"},
				"south": {"uv": [1.41129, 0.88833, 0.96352, 2.48534], "texture": "#2"},
				"up": {"uv": [1.41129, 0.88833, 0.96352, 0.00998], "texture": "#2"},
				"down": {"uv": [1.41129, 3.36369, 0.96352, 2.48534], "texture": "#2"}
			}
		},
		{
			"from": [12.858, 2, 11],
			"to": [11.738, 0.46, 5.3],
			"rotation": {"angle": 0, "axis": "y", "origin": [8, 2, 6]},
			"faces": {
				"north": {"uv": [0.004, 10.63007, 0.01999, 10.66999], "texture": "#2"},
				"east": {"uv": [0.004, 10.63007, 0.01999, 10.66999], "texture": "#2"},
				"south": {"uv": [0.004, 10.63007, 0.01999, 10.66999], "texture": "#2"},
				"west": {"uv": [0.004, 10.63007, 0.01999, 10.66999], "texture": "#2"},
				"up": {"uv": [0.004, 10.63007, 0.01999, 10.66999], "texture": "#2"},
				"down": {"uv": [0.004, 10.63007, 0.01999, 10.66999], "texture": "#2"}
			}
		},
		{
			"from": [10.66, 0.53, 5.37],
			"to": [11.64, 1.93, 10.93],
			"rotation": {"angle": 0, "axis": "y", "origin": [8, 2, 6]},
			"faces": {
				"north": {"uv": [1.44328, 0.88833, 1.89105, 2.48534], "texture": "#2"},
				"south": {"uv": [1.89105, 0.88833, 1.44328, 2.48534], "texture": "#2"},
				"up": {"uv": [1.89105, 0.88833, 1.44328, 0.00998], "texture": "#2"},
				"down": {"uv": [1.89105, 3.36369, 1.44328, 2.48534], "texture": "#2"}
			}
		},
		{
			"from": [10.59, 0.88, 5.3],
			"to": [11.15, 1.58, 11],
			"rotation": {"angle": 0, "axis": "y", "origin": [8, 2, 6]},
			"faces": {
				"east": {"uv": [0.01999, 10.63007, 0.004, 10.66999], "texture": "#2"},
				"up": {"uv": [0.01999, 10.63007, 0.004, 10.66999], "texture": "#2"},
				"down": {"uv": [0.01999, 10.63007, 0.004, 10.66999], "texture": "#2"}
			}
		},
		{
			"from": [11.71, 2, 11],
			"to": [10.59, 0.46, 5.3],
			"rotation": {"angle": 0, "axis": "y", "origin": [8, 2, 6]},
			"faces": {
				"north": {"uv": [0.03598, 10.63007, 0.004, 11.06925], "texture": "#2"},
				"east": {"uv": [0.03598, 10.63007, 0.01999, 11.06925], "texture": "#2"},
				"south": {"uv": [0.004, 10.63007, 0.03598, 11.06925], "texture": "#2"},
				"west": {"uv": [0.004, 10.63007, 0.01999, 10.66999], "texture": "#2"},
				"up": {"uv": [0.004, 10.63007, 0.01999, 10.66999], "texture": "#2"},
				"down": {"uv": [0.004, 10.63007, 0.01999, 10.66999], "texture": "#2"}
			}
		},
		{
			"from": [9.54, 0.53, 5.37],
			"to": [10.52, 1.93, 10.93],
			"rotation": {"angle": 0, "axis": "y", "origin": [8, 2, 6]},
			"faces": {
				"north": {"uv": [8.7996, 0.88833, 9.24738, 2.48534], "texture": "#2"},
				"south": {"uv": [9.24738, 0.88833, 8.7996, 2.48534], "texture": "#2"},
				"up": {"uv": [9.24738, 0.88833, 8.7996, 0.00998], "texture": "#2"},
				"down": {"uv": [9.24738, 3.36369, 8.7996, 2.48534], "texture": "#2"}
			}
		},
		{
			"from": [10.59, 2, 11],
			"to": [9.47, 0.46, 5.3],
			"rotation": {"angle": 0, "axis": "y", "origin": [8, 2, 6]},
			"faces": {
				"north": {"uv": [0.004, 10.63007, 0.01999, 10.66999], "texture": "#2"},
				"east": {"uv": [0.004, 10.63007, 0.01999, 10.66999], "texture": "#2"},
				"south": {"uv": [0.004, 10.63007, 0.01999, 10.66999], "texture": "#2"},
				"west": {"uv": [0.004, 10.63007, 0.01999, 10.66999], "texture": "#2"},
				"up": {"uv": [0.004, 10.63007, 0.01999, 10.66999], "texture": "#2"},
				"down": {"uv": [0.004, 10.63007, 0.01999, 10.66999], "texture": "#2"}
			}
		},
		{
			"from": [8.42, 0.53, 5.37],
			"to": [9.4, 1.93, 10.93],
			"rotation": {"angle": 0, "axis": "y", "origin": [8, 2, 6]},
			"faces": {
				"north": {"uv": [2.4028, 0.88833, 2.85057, 2.48534], "texture": "#2"},
				"south": {"uv": [2.85057, 0.88833, 2.4028, 2.48534], "texture": "#2"},
				"up": {"uv": [2.85057, 0.88833, 2.4028, 0.00998], "texture": "#2"},
				"down": {"uv": [2.85057, 3.36369, 2.4028, 2.48534], "texture": "#2"}
			}
		},
		{
			"from": [8.35, 1.44, 5.3],
			"to": [8.91, 1.58, 11],
			"rotation": {"angle": 0, "axis": "y", "origin": [8, 2, 6]},
			"faces": {
				"east": {"uv": [0.004, 10.63007, 0.01999, 10.66999], "texture": "#2"},
				"up": {"uv": [0.004, 10.63007, 0.01999, 10.66999], "texture": "#2"},
				"down": {"uv": [0.004, 10.63007, 0.01999, 10.66999], "texture": "#2"}
			}
		},
		{
			"from": [8.35, 0.88, 5.3],
			"to": [8.91, 1.02, 11],
			"rotation": {"angle": 0, "axis": "y", "origin": [8, 2, 6]},
			"faces": {
				"east": {"uv": [0.004, 10.63007, 0.01999, 10.66999], "texture": "#2"},
				"up": {"uv": [0.004, 10.63007, 0.01999, 10.66999], "texture": "#2"},
				"down": {"uv": [0.004, 10.63007, 0.01999, 10.66999], "texture": "#2"}
			}
		},
		{
			"from": [9.47, 2, 11],
			"to": [8.35, 0.46, 5.3],
			"rotation": {"angle": 0, "axis": "y", "origin": [8, 2, 6]},
			"faces": {
				"north": {"uv": [0.05197, 10.63007, 0.08396, 11.06925], "texture": "#2"},
				"east": {"uv": [0.06797, 10.63007, 0.05197, 11.06925], "texture": "#2"},
				"south": {"uv": [0.08396, 10.63007, 0.05197, 11.06925], "texture": "#2"},
				"west": {"uv": [0.004, 10.63007, 0.01999, 10.66999], "texture": "#2"},
				"up": {"uv": [0.004, 10.63007, 0.01999, 10.66999], "texture": "#2"},
				"down": {"uv": [0.004, 10.63007, 0.01999, 10.66999], "texture": "#2"}
			}
		},
		{
			"from": [7.3, 0.53, 5.37],
			"to": [8.28, 1.93, 10.93],
			"rotation": {"angle": 0, "axis": "y", "origin": [8, 2, 6]},
			"faces": {
				"north": {"uv": [0.48376, 0.88833, 0.93153, 2.48534], "texture": "#2"},
				"south": {"uv": [0.93153, 0.88833, 0.48376, 2.48534], "texture": "#2"},
				"up": {"uv": [0.93153, 0.88833, 0.48376, 0.00998], "texture": "#2"},
				"down": {"uv": [0.93153, 3.36369, 0.48376, 2.48534], "texture": "#2"}
			}
		},
		{
			"from": [8.35, 2, 11],
			"to": [7.23, 0.46, 5.3],
			"rotation": {"angle": 0, "axis": "y", "origin": [8, 2, 6]},
			"faces": {
				"north": {"uv": [0.004, 10.63007, 0.01999, 10.66999], "texture": "#2"},
				"east": {"uv": [0.004, 10.63007, 0.01999, 10.66999], "texture": "#2"},
				"south": {"uv": [0.004, 10.63007, 0.01999, 10.66999], "texture": "#2"},
				"west": {"uv": [0.004, 10.63007, 0.01999, 10.66999], "texture": "#2"},
				"up": {"uv": [0.004, 10.63007, 0.01999, 10.66999], "texture": "#2"},
				"down": {"uv": [0.004, 10.63007, 0.01999, 10.66999], "texture": "#2"}
			}
		},
		{
			"from": [6.18, 0.53, 5.37],
			"to": [7.16, 1.93, 10.93],
			"rotation": {"angle": 0, "axis": "y", "origin": [8, 2, 6]},
			"faces": {
				"north": {"uv": [9.75912, 0.88833, 10.2069, 2.48534], "texture": "#2"},
				"south": {"uv": [10.2069, 0.88833, 9.75912, 2.48534], "texture": "#2"},
				"up": {"uv": [10.2069, 0.88833, 9.75912, 0.00998], "texture": "#2"},
				"down": {"uv": [10.2069, 3.36369, 9.75912, 2.48534], "texture": "#2"}
			}
		},
		{
			"from": [6.95, 0.46, 5.3],
			"to": [7.23, 1.58, 11],
			"rotation": {"angle": 0, "axis": "y", "origin": [8, 2, 6]},
			"faces": {
				"west": {"uv": [0.004, 10.63007, 0.01999, 10.66999], "texture": "#2"},
				"up": {"uv": [0.004, 10.63007, 0.01999, 10.66999], "texture": "#2"}
			}
		},
		{
			"from": [6.11, 0.46, 5.3],
			"to": [6.39, 1.58, 11],
			"rotation": {"angle": 0, "axis": "y", "origin": [8, 2, 6]},
			"faces": {
				"east": {"uv": [0.004, 10.63007, 0.01999, 10.66999], "texture": "#2"},
				"up": {"uv": [0.004, 10.63007, 0.01999, 10.66999], "texture": "#2"}
			}
		},
		{
			"from": [7.23, 2, 11],
			"to": [6.11, 0.46, 5.3],
			"rotation": {"angle": 0, "axis": "y", "origin": [8, 2, 6]},
			"faces": {
				"north": {"uv": [0.03598, 11.50842, 0.09995, 11.06925], "texture": "#2"},
				"east": {"uv": [0.03598, 11.50842, 0.05197, 11.06925], "texture": "#2"},
				"south": {"uv": [0.03598, 11.50842, 0.09995, 11.06925], "texture": "#2"},
				"west": {"uv": [0.03598, 11.50842, 0.05197, 11.06925], "texture": "#2"},
				"up": {"uv": [0.03598, 11.50842, 0.09995, 11.4685], "texture": "#2"},
				"down": {"uv": [0.004, 10.63007, 0.01999, 10.66999], "texture": "#2"}
			}
		},
		{
			"from": [5.62, 0.53, 5.37],
			"to": [6.04, 1.93, 10.93],
			"rotation": {"angle": 0, "axis": "y", "origin": [8, 2, 6]},
			"faces": {
				"north": {"uv": [4.32184, 0.88833, 4.51374, 2.48534], "texture": "#2"},
				"south": {"uv": [4.51374, 0.88833, 4.32184, 2.48534], "texture": "#2"},
				"up": {"uv": [4.51374, 0.88833, 4.32184, 0.00998], "texture": "#2"},
				"down": {"uv": [4.51374, 3.36369, 4.32184, 2.48534], "texture": "#2"}
			}
		},
		{
			"from": [6.11, 2, 11],
			"to": [5.55, 0.46, 5.3],
			"rotation": {"angle": 0, "axis": "y", "origin": [8, 2, 6]},
			"faces": {
				"north": {"uv": [0.004, 10.63007, 0.01999, 10.66999], "texture": "#2"},
				"east": {"uv": [0.004, 10.63007, 0.01999, 10.66999], "texture": "#2"},
				"south": {"uv": [0.004, 10.63007, 0.01999, 10.66999], "texture": "#2"},
				"west": {"uv": [0.004, 10.63007, 0.01999, 10.66999], "texture": "#2"},
				"up": {"uv": [0.004, 10.63007, 0.01999, 10.66999], "texture": "#2"},
				"down": {"uv": [0.004, 10.63007, 0.01999, 10.66999], "texture": "#2"}
			}
		},
		{
			"from": [4.5, 0.53, 5.37],
			"to": [5.48, 1.93, 10.93],
			"rotation": {"angle": 0, "axis": "y", "origin": [8, 2, 6]},
			"faces": {
				"north": {"uv": [10.71864, 0.88833, 11.16642, 2.48534], "texture": "#2"},
				"south": {"uv": [11.16642, 0.88833, 10.71864, 2.48534], "texture": "#2"},
				"up": {"uv": [11.16642, 0.88833, 10.71864, 0.00998], "texture": "#2"},
				"down": {"uv": [11.16642, 3.36369, 10.71864, 2.48534], "texture": "#2"}
			}
		},
		{
			"from": [4.43, 0.74, 5.3],
			"to": [4.57, 1.02, 11],
			"rotation": {"angle": 0, "axis": "y", "origin": [8, 2, 6]},
			"faces": {
				"east": {"uv": [0.004, 10.63007, 0.01999, 10.66999], "texture": "#2"},
				"up": {"uv": [0.004, 10.63007, 0.01999, 10.66999], "texture": "#2"}
			}
		},
		{
			"from": [4.57, 0.46, 5.3],
			"to": [4.71, 0.74, 11],
			"rotation": {"angle": 0, "axis": "y", "origin": [8, 2, 6]},
			"faces": {
				"east": {"uv": [0.004, 10.63007, 0.01999, 10.66999], "texture": "#2"},
				"up": {"uv": [0.004, 10.63007, 0.01999, 10.66999], "texture": "#2"}
			}
		},
		{
			"from": [5.27, 0.46, 5.3],
			"to": [5.41, 0.74, 11],
			"rotation": {"angle": 0, "axis": "y", "origin": [8, 2, 6]},
			"faces": {
				"west": {"uv": [0.004, 10.63007, 0.01999, 10.66999], "texture": "#2"},
				"up": {"uv": [0.004, 10.63007, 0.01999, 10.66999], "texture": "#2"}
			}
		},
		{
			"from": [5.41, 0.74, 5.3],
			"to": [5.55, 1.02, 11],
			"rotation": {"angle": 0, "axis": "y", "origin": [8, 2, 6]},
			"faces": {
				"west": {"uv": [0.004, 10.63007, 0.01999, 10.66999], "texture": "#2"},
				"up": {"uv": [0.004, 10.63007, 0.01999, 10.66999], "texture": "#2"}
			}
		},
		{
			"from": [5.55, 2, 11],
			"to": [4.43, 0.46, 5.3],
			"rotation": {"angle": 0, "axis": "y", "origin": [8, 2, 6]},
			"faces": {
				"north": {"uv": [0.09995, 11.50842, 0.22789, 11.06925], "texture": "#2"},
				"east": {"uv": [0.09995, 11.50842, 0.11594, 11.06925], "texture": "#2"},
				"south": {"uv": [0.09995, 11.50842, 0.22789, 11.06925], "texture": "#2"},
				"west": {"uv": [0.09995, 11.50842, 0.11594, 11.06925], "texture": "#2"},
				"up": {"uv": [0.09995, 11.4685, 0.22789, 11.50842], "texture": "#2"},
				"down": {"uv": [0.004, 10.63007, 0.01999, 10.66999], "texture": "#2"}
			}
		},
		{
			"from": [3.38, 0.53, 5.37],
			"to": [4.36, 1.93, 10.93],
			"rotation": {"angle": 0, "axis": "y", "origin": [8, 2, 6]},
			"faces": {
				"north": {"uv": [2.4028, 0.88833, 2.85057, 2.48534], "texture": "#2"},
				"south": {"uv": [2.85057, 0.88833, 2.4028, 2.48534], "texture": "#2"},
				"up": {"uv": [2.85057, 0.88833, 2.4028, 0.00998], "texture": "#2"},
				"down": {"uv": [2.85057, 3.36369, 2.4028, 2.48534], "texture": "#2"}
			}
		},
		{
			"from": [3.31, 1.44, 5.3],
			"to": [3.87, 1.58, 11],
			"rotation": {"angle": 0, "axis": "y", "origin": [8, 2, 6]},
			"faces": {
				"east": {"uv": [0.004, 10.63007, 0.01999, 10.66999], "texture": "#2"},
				"up": {"uv": [0.004, 10.63007, 0.01999, 10.66999], "texture": "#2"},
				"down": {"uv": [0.004, 10.63007, 0.01999, 10.66999], "texture": "#2"}
			}
		},
		{
			"from": [3.31, 0.88, 5.3],
			"to": [3.87, 1.02, 11],
			"rotation": {"angle": 0, "axis": "y", "origin": [8, 2, 6]},
			"faces": {
				"east": {"uv": [0.004, 10.63007, 0.01999, 10.66999], "texture": "#2"},
				"up": {"uv": [0.004, 10.63007, 0.01999, 10.66999], "texture": "#2"},
				"down": {"uv": [0.004, 10.63007, 0.01999, 10.66999], "texture": "#2"}
			}
		},
		{
			"from": [4.43, 2, 11],
			"to": [3.31, 0.46, 5.3],
			"rotation": {"angle": 0, "axis": "y", "origin": [8, 2, 6]},
			"faces": {
				"north": {"uv": [0.05197, 10.63007, 0.08396, 11.06925], "texture": "#2"},
				"east": {"uv": [0.06797, 10.63007, 0.05197, 11.06925], "texture": "#2"},
				"south": {"uv": [0.08396, 10.63007, 0.05197, 11.06925], "texture": "#2"},
				"west": {"uv": [0.004, 10.63007, 0.01999, 10.66999], "texture": "#2"},
				"up": {"uv": [0.004, 10.63007, 0.01999, 10.66999], "texture": "#2"},
				"down": {"uv": [0.004, 10.63007, 0.01999, 10.66999], "texture": "#2"}
			}
		},
		{
			"from": [2.232, 0.53, 5.37],
			"to": [3.212, 1.93, 10.93],
			"rotation": {"angle": 0, "axis": "y", "origin": [8, 2, 6]},
			"faces": {
				"north": {"uv": [3.36232, 0.88833, 3.81009, 2.48534], "texture": "#2"},
				"south": {"uv": [3.81009, 0.88833, 3.36232, 2.48534], "texture": "#2"},
				"up": {"uv": [3.81009, 0.88833, 3.36232, 0.00998], "texture": "#2"},
				"down": {"uv": [3.81009, 3.36369, 3.36232, 2.48534], "texture": "#2"}
			}
		},
		{
			"from": [2.162, 1.44, 5.3],
			"to": [2.722, 1.58, 11],
			"rotation": {"angle": 0, "axis": "y", "origin": [8, 2, 6]},
			"faces": {
				"east": {"uv": [0.004, 10.63007, 0.01999, 10.66999], "texture": "#2"},
				"up": {"uv": [0.004, 10.63007, 0.01999, 10.66999], "texture": "#2"},
				"down": {"uv": [0.004, 10.63007, 0.01999, 10.66999], "texture": "#2"}
			}
		},
		{
			"from": [3.282, 2, 11],
			"to": [2.162, 0.46, 5.3],
			"rotation": {"angle": 0, "axis": "y", "origin": [8, 2, 6]},
			"faces": {
				"north": {"uv": [0.09995, 11.06925, 0.13193, 10.63007], "texture": "#2"},
				"east": {"uv": [0.11594, 11.06925, 0.09995, 10.63007], "texture": "#2"},
				"south": {"uv": [0.13193, 11.06925, 0.09995, 10.63007], "texture": "#2"},
				"west": {"uv": [0.004, 10.63007, 0.01999, 10.66999], "texture": "#2"},
				"up": {"uv": [0.004, 10.63007, 0.01999, 10.66999], "texture": "#2"},
				"down": {"uv": [0.004, 10.63007, 0.01999, 10.66999], "texture": "#2"}
			}
		},
		{
			"from": [1.112, 0.53, 5.37],
			"to": [2.092, 1.93, 10.93],
			"rotation": {"angle": 0, "axis": "y", "origin": [8, 2, 6]},
			"faces": {
				"north": {"uv": [8.7996, 0.88833, 9.24738, 2.48534], "texture": "#2"},
				"south": {"uv": [9.24738, 0.88833, 8.7996, 2.48534], "texture": "#2"},
				"up": {"uv": [9.24738, 0.88833, 8.7996, 0.00998], "texture": "#2"},
				"down": {"uv": [9.24738, 3.36369, 8.7996, 2.48534], "texture": "#2"}
			}
		},
		{
			"from": [2.162, 2, 11],
			"to": [1.042, 0.46, 5.3],
			"rotation": {"angle": 0, "axis": "y", "origin": [8, 2, 6]},
			"faces": {
				"north": {"uv": [0.004, 10.63007, 0.01999, 10.66999], "texture": "#2"},
				"east": {"uv": [0.004, 10.63007, 0.01999, 10.66999], "texture": "#2"},
				"south": {"uv": [0.004, 10.63007, 0.01999, 10.66999], "texture": "#2"},
				"west": {"uv": [0.004, 10.63007, 0.01999, 10.66999], "texture": "#2"},
				"up": {"uv": [0.004, 10.63007, 0.01999, 10.66999], "texture": "#2"},
				"down": {"uv": [0.004, 10.63007, 0.01999, 10.66999], "texture": "#2"}
			}
		},
		{
			"from": [-0.008, 0.53, 5.37],
			"to": [0.972, 1.93, 10.93],
			"rotation": {"angle": 0, "axis": "y", "origin": [8, 2, 6]},
			"faces": {
				"north": {"uv": [7.29635, 0.88833, 7.74413, 2.48534], "texture": "#2"},
				"south": {"uv": [7.74413, 0.88833, 7.29635, 2.48534], "texture": "#2"},
				"up": {"uv": [7.74413, 0.88833, 7.29635, 0.00998], "texture": "#2"},
				"down": {"uv": [7.74413, 3.36369, 7.29635, 2.48534], "texture": "#2"}
			}
		},
		{
			"from": [1.042, 2, 11],
			"to": [-0.078, 0.46, 5.3],
			"rotation": {"angle": 0, "axis": "y", "origin": [8, 2, 6]},
			"faces": {
				"north": {"uv": [0.004, 10.63007, 0.01999, 10.66999], "texture": "#2"},
				"east": {"uv": [0.004, 10.63007, 0.01999, 10.66999], "texture": "#2"},
				"south": {"uv": [0.004, 10.63007, 0.01999, 10.66999], "texture": "#2"},
				"west": {"uv": [0.004, 10.63007, 0.01999, 10.66999], "texture": "#2"},
				"up": {"uv": [0.004, 10.63007, 0.01999, 10.66999], "texture": "#2"},
				"down": {"uv": [0.004, 10.63007, 0.01999, 10.66999], "texture": "#2"}
			}
		},
		{
			"from": [-1.128, 0.53, 5.37],
			"to": [-0.148, 1.93, 10.93],
			"rotation": {"angle": 0, "axis": "y", "origin": [8, 2, 6]},
			"faces": {
				"north": {"uv": [10.23888, 0.88833, 10.68666, 2.48534], "texture": "#2"},
				"south": {"uv": [10.68666, 0.88833, 10.23888, 2.48534], "texture": "#2"},
				"up": {"uv": [10.68666, 0.88833, 10.23888, 0.00998], "texture": "#2"},
				"down": {"uv": [10.68666, 3.36369, 10.23888, 2.48534], "texture": "#2"}
			}
		},
		{
			"from": [-0.078, 2, 11],
			"to": [-1.198, 0.46, 5.3],
			"rotation": {"angle": 0, "axis": "y", "origin": [8, 2, 6]},
			"faces": {
				"north": {"uv": [0.004, 10.63007, 0.01999, 10.66999], "texture": "#2"},
				"east": {"uv": [0.004, 10.63007, 0.01999, 10.66999], "texture": "#2"},
				"south": {"uv": [0.004, 10.63007, 0.01999, 10.66999], "texture": "#2"},
				"west": {"uv": [0.004, 10.63007, 0.01999, 10.66999], "texture": "#2"},
				"up": {"uv": [0.004, 10.63007, 0.01999, 10.66999], "texture": "#2"},
				"down": {"uv": [0.004, 10.63007, 0.01999, 10.66999], "texture": "#2"}
			}
		},
		{
			"from": [-2.248, 0.53, 5.37],
			"to": [-1.268, 1.93, 10.93],
			"rotation": {"angle": 0, "axis": "y", "origin": [8, 2, 6]},
			"faces": {
				"north": {"uv": [7.77611, 0.88833, 8.22389, 2.48534], "texture": "#2"},
				"south": {"uv": [8.22389, 0.88833, 7.77611, 2.48534], "texture": "#2"},
				"up": {"uv": [8.22389, 0.88833, 7.77611, 0.00998], "texture": "#2"},
				"down": {"uv": [8.22389, 3.36369, 7.77611, 2.48534], "texture": "#2"}
			}
		},
		{
			"from": [-2.318, 0.46, 5.3],
			"to": [-1.758, 1.02, 11],
			"rotation": {"angle": 0, "axis": "y", "origin": [8, 2, 6]},
			"faces": {
				"east": {"uv": [0.004, 10.63007, 0.01999, 10.66999], "texture": "#2"},
				"up": {"uv": [0.004, 10.63007, 0.01999, 10.66999], "texture": "#2"}
			}
		},
		{
			"from": [-1.198, 2, 11],
			"to": [-2.318, 0.46, 5.3],
			"rotation": {"angle": 0, "axis": "y", "origin": [8, 2, 6]},
			"faces": {
				"north": {"uv": [0.29185, 11.50842, 0.32384, 11.06925], "texture": "#2"},
				"east": {"uv": [0.29185, 11.50842, 0.30785, 11.06925], "texture": "#2"},
				"south": {"uv": [0.32384, 11.50842, 0.29185, 11.06925], "texture": "#2"},
				"west": {"uv": [0.004, 10.63007, 0.01999, 10.66999], "texture": "#2"},
				"up": {"uv": [0.01999, 10.66999, 0.05197, 10.70992], "texture": "#2"},
				"down": {"uv": [0.004, 10.63007, 0.01999, 10.66999], "texture": "#2"}
			}
		},
		{
			"from": [-3.396, 0.53, 5.37],
			"to": [-2.416, 1.93, 10.93],
			"rotation": {"angle": 0, "axis": "y", "origin": [8, 2, 6]},
			"faces": {
				"north": {"uv": [7.77611, 0.88833, 8.22389, 2.48534], "texture": "#2"},
				"south": {"uv": [8.22389, 0.88833, 7.77611, 2.48534], "texture": "#2"},
				"up": {"uv": [8.22389, 0.88833, 7.77611, 0.00998], "texture": "#2"},
				"down": {"uv": [8.22389, 3.36369, 7.77611, 2.48534], "texture": "#2"}
			}
		},
		{
			"from": [-3.466, 0.46, 5.3],
			"to": [-2.906, 1.02, 11],
			"rotation": {"angle": 0, "axis": "y", "origin": [8, 2, 6]},
			"faces": {
				"east": {"uv": [0.004, 10.63007, 0.01999, 10.66999], "texture": "#2"},
				"up": {"uv": [0.004, 10.63007, 0.01999, 10.66999], "texture": "#2"}
			}
		},
		{
			"from": [-2.346, 2, 11],
			"to": [-3.466, 0.46, 5.3],
			"rotation": {"angle": 0, "axis": "y", "origin": [8, 2, 6]},
			"faces": {
				"north": {"uv": [0.29185, 11.50842, 0.32384, 11.06925], "texture": "#2"},
				"east": {"uv": [0.29185, 11.50842, 0.30785, 11.06925], "texture": "#2"},
				"south": {"uv": [0.32384, 11.50842, 0.29185, 11.06925], "texture": "#2"},
				"west": {"uv": [0.004, 10.63007, 0.01999, 10.66999], "texture": "#2"},
				"up": {"uv": [0.01999, 10.66999, 0.05197, 10.70992], "texture": "#2"},
				"down": {"uv": [0.004, 10.63007, 0.01999, 10.66999], "texture": "#2"}
			}
		},
		{
			"from": [-4.516, 0.53, 5.37],
			"to": [-3.536, 1.93, 10.93],
			"rotation": {"angle": 0, "axis": "y", "origin": [8, 2, 6]},
			"faces": {
				"north": {"uv": [8.7996, 0.88833, 9.24738, 2.48534], "texture": "#2"},
				"south": {"uv": [9.24738, 0.88833, 8.7996, 2.48534], "texture": "#2"},
				"up": {"uv": [9.24738, 0.88833, 8.7996, 0.00998], "texture": "#2"},
				"down": {"uv": [9.24738, 3.36369, 8.7996, 2.48534], "texture": "#2"}
			}
		},
		{
			"from": [-3.466, 2, 11],
			"to": [-4.586, 0.46, 5.3],
			"rotation": {"angle": 0, "axis": "y", "origin": [8, 2, 6]},
			"faces": {
				"north": {"uv": [0.004, 10.63007, 0.01999, 10.66999], "texture": "#2"},
				"east": {"uv": [0.004, 10.63007, 0.01999, 10.66999], "texture": "#2"},
				"south": {"uv": [0.004, 10.63007, 0.01999, 10.66999], "texture": "#2"},
				"west": {"uv": [0.004, 10.63007, 0.01999, 10.66999], "texture": "#2"},
				"up": {"uv": [0.004, 10.63007, 0.01999, 10.66999], "texture": "#2"},
				"down": {"uv": [0.004, 10.63007, 0.01999, 10.66999], "texture": "#2"}
			}
		},
		{
			"from": [-5.636, 0.53, 5.37],
			"to": [-4.656, 1.93, 10.93],
			"rotation": {"angle": 0, "axis": "y", "origin": [8, 2, 6]},
			"faces": {
				"north": {"uv": [7.29635, 0.88833, 7.74413, 2.48534], "texture": "#2"},
				"south": {"uv": [7.74413, 0.88833, 7.29635, 2.48534], "texture": "#2"},
				"up": {"uv": [7.74413, 0.88833, 7.29635, 0.00998], "texture": "#2"},
				"down": {"uv": [7.74413, 3.36369, 7.29635, 2.48534], "texture": "#2"}
			}
		},
		{
			"from": [-4.586, 2, 11],
			"to": [-5.706, 0.46, 5.3],
			"rotation": {"angle": 0, "axis": "y", "origin": [8, 2, 6]},
			"faces": {
				"north": {"uv": [0.004, 10.63007, 0.01999, 10.66999], "texture": "#2"},
				"east": {"uv": [0.004, 10.63007, 0.01999, 10.66999], "texture": "#2"},
				"south": {"uv": [0.004, 10.63007, 0.01999, 10.66999], "texture": "#2"},
				"west": {"uv": [0.004, 10.63007, 0.01999, 10.66999], "texture": "#2"},
				"up": {"uv": [0.004, 10.63007, 0.01999, 10.66999], "texture": "#2"},
				"down": {"uv": [0.004, 10.63007, 0.01999, 10.66999], "texture": "#2"}
			}
		},
		{
			"from": [-6.756, 0.53, 5.37],
			"to": [-5.776, 1.93, 10.93],
			"rotation": {"angle": 0, "axis": "y", "origin": [8, 2, 6]},
			"faces": {
				"north": {"uv": [4.54573, 0.88833, 4.9935, 2.48534], "texture": "#2"},
				"south": {"uv": [4.9935, 0.88833, 4.54573, 2.48534], "texture": "#2"},
				"up": {"uv": [4.9935, 0.88833, 4.54573, 0.00998], "texture": "#2"},
				"down": {"uv": [4.9935, 3.36369, 4.54573, 2.48534], "texture": "#2"}
			}
		},
		{
			"from": [-6.266, 1.16, 5.3],
			"to": [-5.706, 2, 11],
			"rotation": {"angle": 0, "axis": "y", "origin": [8, 2, 6]},
			"faces": {
				"west": {"uv": [0.004, 10.63007, 0.01999, 10.66999], "texture": "#2"},
				"down": {"uv": [0.004, 10.63007, 0.01999, 10.66999], "texture": "#2"}
			}
		},
		{
			"from": [-5.706, 2, 11],
			"to": [-6.826, 0.46, 5.3],
			"rotation": {"angle": 0, "axis": "y", "origin": [8, 2, 6]},
			"faces": {
				"north": {"uv": [0.11594, 11.06925, 0.14793, 10.63007], "texture": "#2"},
				"east": {"uv": [0.004, 10.63007, 0.01999, 10.66999], "texture": "#2"},
				"south": {"uv": [0.14793, 11.06925, 0.11594, 10.63007], "texture": "#2"},
				"west": {"uv": [0.13193, 11.06925, 0.14793, 10.63007], "texture": "#2"},
				"up": {"uv": [0.004, 10.63007, 0.01999, 10.66999], "texture": "#2"},
				"down": {"uv": [0.03598, 10.66999, 0.06797, 10.70992], "texture": "#2"}
			}
		},
		{
			"from": [-7.876, 0.53, 5.37],
			"to": [-6.896, 1.93, 10.93],
			"rotation": {"angle": 0, "axis": "y", "origin": [8, 2, 6]},
			"faces": {
				"north": {"uv": [2.4028, 0.88833, 2.85057, 2.48534], "texture": "#2"},
				"south": {"uv": [2.85057, 0.88833, 2.4028, 2.48534], "texture": "#2"},
				"up": {"uv": [2.85057, 0.88833, 2.4028, 0.00998], "texture": "#2"},
				"down": {"uv": [2.85057, 3.36369, 2.4028, 2.48534], "texture": "#2"}
			}
		},
		{
			"from": [-7.946, 1.44, 5.3],
			"to": [-7.386, 1.58, 11],
			"rotation": {"angle": 0, "axis": "y", "origin": [8, 2, 6]},
			"faces": {
				"east": {"uv": [0.004, 10.63007, 0.01999, 10.66999], "texture": "#2"},
				"up": {"uv": [0.004, 10.63007, 0.01999, 10.66999], "texture": "#2"},
				"down": {"uv": [0.004, 10.63007, 0.01999, 10.66999], "texture": "#2"}
			}
		},
		{
			"from": [-7.946, 0.88, 5.3],
			"to": [-7.386, 1.02, 11],
			"rotation": {"angle": 0, "axis": "y", "origin": [8, 2, 6]},
			"faces": {
				"east": {"uv": [0.004, 10.63007, 0.01999, 10.66999], "texture": "#2"},
				"up": {"uv": [0.004, 10.63007, 0.01999, 10.66999], "texture": "#2"},
				"down": {"uv": [0.004, 10.63007, 0.01999, 10.66999], "texture": "#2"}
			}
		},
		{
			"from": [-6.826, 2, 11],
			"to": [-7.946, 0.46, 5.3],
			"rotation": {"angle": 0, "axis": "y", "origin": [8, 2, 6]},
			"faces": {
				"north": {"uv": [0.05197, 10.63007, 0.08396, 11.06925], "texture": "#2"},
				"east": {"uv": [0.06797, 10.63007, 0.05197, 11.06925], "texture": "#2"},
				"south": {"uv": [0.08396, 10.63007, 0.05197, 11.06925], "texture": "#2"},
				"west": {"uv": [0.004, 10.63007, 0.01999, 10.66999], "texture": "#2"},
				"up": {"uv": [0.004, 10.63007, 0.01999, 10.66999], "texture": "#2"},
				"down": {"uv": [0.004, 10.63007, 0.01999, 10.66999], "texture": "#2"}
			}
		},
		{
			"from": [-8.996, 0.53, 5.37],
			"to": [-8.016, 1.93, 10.93],
			"rotation": {"angle": 0, "axis": "y", "origin": [8, 2, 6]},
			"faces": {
				"north": {"uv": [1.44328, 0.88833, 1.89105, 2.48534], "texture": "#2"},
				"south": {"uv": [1.89105, 0.88833, 1.44328, 2.48534], "texture": "#2"},
				"up": {"uv": [1.89105, 0.88833, 1.44328, 0.00998], "texture": "#2"},
				"down": {"uv": [1.89105, 3.36369, 1.44328, 2.48534], "texture": "#2"}
			}
		},
		{
			"from": [-9.066, 0.88, 5.3],
			"to": [-8.506, 1.58, 11],
			"rotation": {"angle": 0, "axis": "y", "origin": [8, 2, 6]},
			"faces": {
				"east": {"uv": [0.01999, 10.63007, 0.004, 10.66999], "texture": "#2"},
				"up": {"uv": [0.01999, 10.63007, 0.004, 10.66999], "texture": "#2"},
				"down": {"uv": [0.01999, 10.63007, 0.004, 10.66999], "texture": "#2"}
			}
		},
		{
			"from": [-7.946, 2, 11],
			"to": [-9.066, 0.46, 5.3],
			"rotation": {"angle": 0, "axis": "y", "origin": [8, 2, 6]},
			"faces": {
				"north": {"uv": [0.03598, 10.63007, 0.004, 11.06925], "texture": "#2"},
				"east": {"uv": [0.03598, 10.63007, 0.01999, 11.06925], "texture": "#2"},
				"south": {"uv": [0.004, 10.63007, 0.03598, 11.06925], "texture": "#2"},
				"west": {"uv": [0.004, 10.63007, 0.01999, 10.66999], "texture": "#2"},
				"up": {"uv": [0.004, 10.63007, 0.01999, 10.66999], "texture": "#2"},
				"down": {"uv": [0.004, 10.63007, 0.01999, 10.66999], "texture": "#2"}
			}
		},
		{
			"from": [-10.116, 0.53, 5.37],
			"to": [-9.136, 1.93, 10.93],
			"rotation": {"angle": 0, "axis": "y", "origin": [8, 2, 6]},
			"faces": {
				"north": {"uv": [9.75912, 0.88833, 10.2069, 2.48534], "texture": "#2"},
				"south": {"uv": [10.2069, 0.88833, 9.75912, 2.48534], "texture": "#2"},
				"up": {"uv": [10.2069, 0.88833, 9.75912, 0.00998], "texture": "#2"},
				"down": {"uv": [10.2069, 3.36369, 9.75912, 2.48534], "texture": "#2"}
			}
		},
		{
			"from": [-9.346, 0.46, 5.3],
			"to": [-9.066, 1.58, 11],
			"rotation": {"angle": 0, "axis": "y", "origin": [8, 2, 6]},
			"faces": {
				"west": {"uv": [0.004, 10.63007, 0.01999, 10.66999], "texture": "#2"},
				"up": {"uv": [0.004, 10.63007, 0.01999, 10.66999], "texture": "#2"}
			}
		},
		{
			"from": [-10.186, 0.46, 5.3],
			"to": [-9.906, 1.58, 11],
			"rotation": {"angle": 0, "axis": "y", "origin": [8, 2, 6]},
			"faces": {
				"east": {"uv": [0.004, 10.63007, 0.01999, 10.66999], "texture": "#2"},
				"up": {"uv": [0.004, 10.63007, 0.01999, 10.66999], "texture": "#2"}
			}
		},
		{
			"from": [-9.066, 2, 11],
			"to": [-10.186, 0.46, 5.3],
			"rotation": {"angle": 0, "axis": "y", "origin": [8, 2, 6]},
			"faces": {
				"north": {"uv": [0.03598, 11.50842, 0.09995, 11.06925], "texture": "#2"},
				"east": {"uv": [0.03598, 11.50842, 0.05197, 11.06925], "texture": "#2"},
				"south": {"uv": [0.03598, 11.50842, 0.09995, 11.06925], "texture": "#2"},
				"west": {"uv": [0.03598, 11.50842, 0.05197, 11.06925], "texture": "#2"},
				"up": {"uv": [0.03598, 11.50842, 0.09995, 11.4685], "texture": "#2"},
				"down": {"uv": [0.004, 10.63007, 0.01999, 10.66999], "texture": "#2"}
			}
		}
	],
	"display": {
		"thirdperson_righthand": {
			"rotation": [0, 90, 55],
			"translation": [0, 4, 2.5],
			"scale": [0.85, 0.85, 0.85]
		},
		"thirdperson_lefthand": {
			"rotation": [0, -90, -55],
			"translation": [0, 4, 2.5],
			"scale": [0.85, 0.85, 0.85]
		},
		"firstperson_righthand": {
			"rotation": [0, 90, 25],
			"translation": [0, 1.6, 0.8],
			"scale": [0.68, 0.68, 0.68]
		},
		"firstperson_lefthand": {
			"rotation": [0, -90, -25],
			"translation": [0, 1.6, 0.8],
			"scale": [0.68, 0.68, 0.68]
		},
		"ground": {
			"translation": [0, 7.25, 0]
		},
		"head": {
			"translation": [0, 37.5, 0],
			"scale": [4, 4, 4]
		},
		"fixed": {
			"translation": [0, 0, -15.25],
			"scale": [4, 4, 4]
		}
	},
	"groups": [
		{
			"name": "mcccgp",
			"origin": [8, 0, 8],
			"color": 0,
			"children": [
				{
					"name": "m",
					"origin": [8, 0, 8],
					"color": 0,
					"children": [0, 1, 2, 3, 4, 5]
				},
				{
					"name": "c",
					"origin": [8, 0, 8],
					"color": 0,
					"children": [6, 7, 8]
				},
				{
					"name": "c",
					"origin": [8, 0, 8],
					"color": 0,
					"children": [9, 10, 11]
				},
				{
					"name": "c",
					"origin": [8, 0, 8],
					"color": 0,
					"children": [12, 13, 14]
				},
				{
					"name": "g",
					"origin": [8, 0, 8],
					"color": 0,
					"children": [15, 16, 17]
				},
				{
					"name": "p",
					"origin": [8, 0, 8],
					"color": 0,
					"children": [18, 19, 20]
				}
			]
		},
		{
			"name": "minecraft_club_creative_group_project",
			"origin": [8, 0, 6],
			"color": 0,
			"children": [
				{
					"name": "minecraft",
					"origin": [8, 0, 6],
					"color": 0,
					"children": [
						{
							"name": "m",
							"origin": [8, 0, 6],
							"color": 0,
							"children": [21, 22, 23, 24, 25, 26]
						},
						{
							"name": "i",
							"origin": [8, 0, 6],
							"color": 0,
							"children": [27, 28]
						},
						{
							"name": "n",
							"origin": [8, 0, 6],
							"color": 0,
							"children": [29, 30, 31, 32]
						},
						{
							"name": "e",
							"origin": [8, 0, 6],
							"color": 0,
							"children": [33, 34, 35, 36]
						},
						{
							"name": "c",
							"origin": [8, 0, 6],
							"color": 0,
							"children": [37, 38, 39]
						},
						{
							"name": "r",
							"origin": [8, 0, 6],
							"color": 0,
							"children": [40, 41]
						},
						{
							"name": "a",
							"origin": [8, 0, 6],
							"color": 0,
							"children": [42, 43]
						},
						{
							"name": "f",
							"origin": [8, 0, 6],
							"color": 0,
							"children": [44, 45, 46, 47]
						},
						{
							"name": "t",
							"origin": [8, 0, 6],
							"color": 0,
							"children": [48, 49, 50, 51]
						}
					]
				},
				{
					"name": "club",
					"origin": [8, 0, 6],
					"color": 0,
					"children": [
						{
							"name": "c",
							"origin": [8, 0, 6],
							"color": 0,
							"children": [52, 53, 54]
						},
						{
							"name": "l",
							"origin": [8, 0, 6],
							"color": 0,
							"children": [55, 56, 57]
						},
						{
							"name": "u",
							"origin": [8, 0, 6],
							"color": 0,
							"children": [58, 59]
						},
						{
							"name": "b",
							"origin": [8, 0, 6],
							"color": 0,
							"children": [60, 61]
						}
					]
				},
				{
					"name": "creative",
					"origin": [8, 0, 6],
					"color": 0,
					"children": [
						{
							"name": "c",
							"origin": [8, 0, 6],
							"color": 0,
							"children": [62, 63, 64]
						},
						{
							"name": "r",
							"origin": [8, 0, 6],
							"color": 0,
							"children": [65, 66]
						},
						{
							"name": "e",
							"origin": [8, 0, 6],
							"color": 0,
							"children": [67, 68, 69, 70]
						},
						{
							"name": "a",
							"origin": [8, 0, 6],
							"color": 0,
							"children": [71, 72]
						},
						{
							"name": "t",
							"origin": [8, 0, 6],
							"color": 0,
							"children": [73, 74, 75, 76]
						},
						{
							"name": "i",
							"origin": [8, 0, 6],
							"color": 0,
							"children": [77, 78]
						},
						{
							"name": "v",
							"origin": [8, 0, 6],
							"color": 0,
							"children": [79, 80, 81, 82, 83, 84]
						},
						{
							"name": "e",
							"origin": [8, 0, 6],
							"color": 0,
							"children": [85, 86, 87, 88]
						}
					]
				},
				{
					"name": "group",
					"origin": [8, 0, 6],
					"color": 0,
					"children": [
						{
							"name": "g",
							"origin": [8, 0, 6],
							"color": 0,
							"children": [89, 90, 91]
						},
						{
							"name": "r",
							"origin": [8, 0, 6],
							"color": 0,
							"children": [92, 93]
						},
						{
							"name": "o",
							"origin": [8, 0, 6],
							"color": 0,
							"children": [94, 95]
						},
						{
							"name": "u",
							"origin": [8, 0, 6],
							"color": 0,
							"children": [96, 97]
						},
						{
							"name": "p",
							"origin": [8, 0, 6],
							"color": 0,
							"children": [98, 99, 100]
						}
					]
				},
				{
					"name": "project",
					"origin": [8, 0, 6],
					"color": 0,
					"children": [
						{
							"name": "p",
							"origin": [8, 0, 6],
							"color": 0,
							"children": [101, 102, 103]
						},
						{
							"name": "r",
							"origin": [8, 0, 6],
							"color": 0,
							"children": [104, 105]
						},
						{
							"name": "o",
							"origin": [8, 0, 6],
							"color": 0,
							"children": [106, 107]
						},
						{
							"name": "j",
							"origin": [8, 0, 6],
							"color": 0,
							"children": [108, 109, 110]
						},
						{
							"name": "e",
							"origin": [8, 0, 6],
							"color": 0,
							"children": [111, 112, 113, 114]
						},
						{
							"name": "c",
							"origin": [8, 0, 6],
							"color": 0,
							"children": [115, 116, 117]
						},
						{
							"name": "t",
							"origin": [8, 0, 6],
							"color": 0,
							"children": [118, 119, 120, 121]
						}
					]
				}
			]
		}
	]
}