{
	"credit": "Made with Blockbench by SilentGeeC",
	"texture_size": [99, 131],
	"textures": {
		"3": "item/dungon spirit"
	},
	"elements": [
		{
			"name": "outer",
			"from": [8.1, 1.1, 5.7],
			"to": [12.3, 13.1, 10.7],
			"rotation": {"angle": 22.5, "axis": "x", "origin": [10.3, 13.1, 8.2]},
			"faces": {
				"north": {"uv": [3.87879, 8.06107, 4.52525, 9.52672], "texture": "#3"},
				"east": {"uv": [0.9697, 9.52672, 1.77778, 10.99237], "texture": "#3"},
				"south": {"uv": [3.87879, 9.52672, 4.52525, 10.99237], "texture": "#3"},
				"west": {"uv": [1.77778, 9.52672, 2.58586, 10.99237], "texture": "#3"},
				"up": {"uv": [5.17172, 9.28244, 4.52525, 8.67176], "texture": "#3"},
				"down": {"uv": [5.17172, 9.28244, 4.52525, 9.89313], "texture": "#3"}
			}
		},
		{
			"name": "iner",
			"from": [8.25, 1.1, 6],
			"to": [12.25, 13.4, 10.4],
			"rotation": {"angle": 22.5, "axis": "x", "origin": [10.5, 13.1, 8.2]},
			"faces": {
				"north": {"uv": [0.16162, 10.99237, 0.80808, 12.45802], "texture": "#3"},
				"east": {"uv": [0.80808, 10.99237, 1.45455, 12.45802], "texture": "#3"},
				"south": {"uv": [1.45455, 10.99237, 2.10101, 12.45802], "texture": "#3"},
				"west": {"uv": [2.10101, 10.99237, 2.74747, 12.45802], "texture": "#3"},
				"up": {"uv": [5.17172, 10.38168, 4.52525, 9.89313], "texture": "#3"},
				"down": {"uv": [5.17172, 10.38168, 4.52525, 10.87023], "texture": "#3"}
			}
		},
		{
			"name": "outer",
			"from": [4.6, 1.1, 5.7],
			"to": [8.7, 13.1, 10.7],
			"rotation": {"angle": 22.5, "axis": "x", "origin": [6.9, 13.1, 8.2]},
			"faces": {
				"north": {"uv": [2.58586, 8.06107, 3.23232, 9.52672], "texture": "#3"},
				"east": {"uv": [0.16162, 8.06107, 0.9697, 9.52672], "texture": "#3"},
				"south": {"uv": [2.58586, 9.52672, 3.23232, 10.99237], "texture": "#3"},
				"west": {"uv": [0.9697, 8.06107, 1.77778, 9.52672], "texture": "#3"},
				"up": {"uv": [3.39394, 11.60305, 2.74747, 10.99237], "texture": "#3"},
				"down": {"uv": [4.0404, 10.99237, 3.39394, 11.60305], "texture": "#3"}
			}
		},
		{
			"name": "iner",
			"from": [4.65, 1.1, 5.95],
			"to": [8.45, 13.3, 10.45],
			"rotation": {"angle": 22.5, "axis": "x", "origin": [6.6, 13.1, 8.2]},
			"faces": {
				"north": {"uv": [3.23232, 8.06107, 3.87879, 9.52672], "texture": "#3"},
				"east": {"uv": [1.77778, 8.06107, 2.58586, 9.52672], "texture": "#3"},
				"south": {"uv": [3.23232, 9.52672, 3.87879, 10.99237], "texture": "#3"},
				"west": {"uv": [0.16162, 9.52672, 0.9697, 10.99237], "texture": "#3"},
				"up": {"uv": [4.68687, 11.60305, 4.0404, 10.99237], "texture": "#3"},
				"down": {"uv": [5.17172, 8.06107, 4.52525, 8.67176], "texture": "#3"}
			}
		},
		{
			"name": "outer",
			"from": [4.5, 12, 5.5],
			"to": [12.5, 24, 10.5],
			"rotation": {"angle": 0, "axis": "y", "origin": [8.6, 12, 8]},
			"faces": {
				"north": {"uv": [0.16162, 0.12214, 1.45455, 1.58779], "texture": "#3"},
				"east": {"uv": [2.74747, 0.12214, 3.55556, 1.58779], "texture": "#3"},
				"south": {"uv": [1.45455, 0.12214, 2.74747, 1.58779], "texture": "#3"},
				"west": {"uv": [2.74747, 1.58779, 3.55556, 3.05344], "texture": "#3"},
				"up": {"uv": [6.94949, 4.27481, 5.65657, 3.66412], "texture": "#3"},
				"down": {"uv": [6.94949, 4.27481, 5.65657, 4.8855], "texture": "#3"}
			}
		},
		{
			"name": "iner",
			"from": [4.75, 12.25, 5.75],
			"to": [12.25, 23.75, 10.25],
			"rotation": {"angle": 0, "axis": "y", "origin": [8.6, 12, 8]},
			"faces": {
				"north": {"uv": [0.16162, 1.58779, 1.45455, 3.05344], "texture": "#3"},
				"east": {"uv": [3.55556, 0.12214, 4.36364, 1.58779], "texture": "#3"},
				"south": {"uv": [1.45455, 1.58779, 2.74747, 3.05344], "texture": "#3"},
				"west": {"uv": [3.55556, 1.58779, 4.36364, 3.05344], "texture": "#3"},
				"up": {"uv": [7.27273, 3.17557, 5.9798, 2.56489], "texture": "#3"},
				"down": {"uv": [7.59596, 0.12214, 6.30303, 0.73282], "texture": "#3"}
			}
		},
		{
			"name": "outer",
			"from": [-0.5, 23.9, 4.6],
			"to": [7.5, 32, 12.6],
			"rotation": {"angle": -22.5, "axis": "z", "origin": [3.6, 12, 9]},
			"faces": {
				"north": {"uv": [10.66667, 9.03817, 11.9596, 10.01527], "texture": "#3"},
				"east": {"uv": [10.66667, 10.01527, 11.9596, 10.99237], "texture": "#3"},
				"south": {"uv": [11.9596, 8.06107, 13.25253, 9.03817], "texture": "#3"},
				"west": {"uv": [11.9596, 9.03817, 13.25253, 10.01527], "texture": "#3"},
				"up": {"uv": [11.9596, 9.03817, 10.66667, 8.06107], "texture": "#3"},
				"down": {"uv": [14.54545, 8.06107, 13.25253, 9.03817], "texture": "#3"}
			}
		},
		{
			"name": "iner",
			"from": [-0.4, 24, 4.8],
			"to": [7.3, 31.9, 12.5],
			"rotation": {"angle": -22.5, "axis": "z", "origin": [3.6, 12, 9]},
			"faces": {
				"north": {"uv": [12.92929, 12.82443, 15.51515, 14.77863], "texture": "#3"},
				"east": {"uv": [15.83838, 10.01527, 18.42424, 11.96947], "texture": "#3"},
				"south": {"uv": [13.25253, 10.01527, 14.54545, 10.99237], "texture": "#3"},
				"west": {"uv": [10.66667, 13.92366, 13.25253, 15.87786], "texture": "#3"},
				"up": {"uv": [21.0101, 10.01527, 18.42424, 8.06107], "texture": "#3"},
				"down": {"uv": [13.25253, 10.99237, 11.9596, 11.96947], "texture": "#3"}
			}
		},
		{
			"name": "outer",
			"from": [12.4, 17.32475, 5.22833],
			"to": [16.9, 22.32475, 17.22833],
			"rotation": {"angle": -22.5, "axis": "x", "origin": [12.6, 21, 7]},
			"faces": {
				"north": {"uv": [6.30303, 1.9542, 6.94949, 2.56489], "texture": "#3"},
				"east": {"uv": [0.16162, 3.05344, 2.10101, 3.66412], "texture": "#3"},
				"south": {"uv": [5.65657, 4.8855, 6.30303, 5.49618], "texture": "#3"},
				"west": {"uv": [2.10101, 3.05344, 4.0404, 3.66412], "texture": "#3"},
				"up": {"uv": [4.36364, 5.12977, 3.71717, 3.66412], "texture": "#3"},
				"down": {"uv": [5.0101, 3.66412, 4.36364, 5.12977], "texture": "#3"}
			}
		},
		{
			"name": "iner",
			"from": [12.5, 17.42475, 5.32833],
			"to": [16.7, 22.22475, 17.12833],
			"rotation": {"angle": -22.5, "axis": "x", "origin": [12.6, 21, 7]},
			"faces": {
				"north": {"uv": [6.30303, 4.8855, 6.94949, 5.49618], "texture": "#3"},
				"east": {"uv": [4.0404, 3.05344, 5.9798, 3.66412], "texture": "#3"},
				"south": {"uv": [0.16162, 5.12977, 0.80808, 5.74046], "texture": "#3"},
				"west": {"uv": [4.36364, 0.12214, 6.30303, 0.73282], "texture": "#3"},
				"up": {"uv": [5.65657, 5.12977, 5.0101, 3.66412], "texture": "#3"},
				"down": {"uv": [2.42424, 4.27481, 1.77778, 5.74046], "texture": "#3"}
			}
		},
		{
			"name": "outer",
			"from": [-0.35, 18.64415, 5.41492],
			"to": [4.5, 23.64415, 17.41492],
			"rotation": {"angle": 0, "axis": "y", "origin": [4.6, 18, 9]},
			"faces": {
				"north": {"uv": [6.30303, 0.73282, 7.11111, 1.34351], "texture": "#3"},
				"east": {"uv": [4.36364, 0.73282, 6.30303, 1.34351], "texture": "#3"},
				"south": {"uv": [6.30303, 1.34351, 7.11111, 1.9542], "texture": "#3"},
				"west": {"uv": [4.36364, 1.34351, 6.30303, 1.9542], "texture": "#3"},
				"up": {"uv": [0.9697, 5.12977, 0.16162, 3.66412], "texture": "#3"},
				"down": {"uv": [1.77778, 3.66412, 0.9697, 5.12977], "texture": "#3"}
			}
		},
		{
			"name": "iner",
			"from": [-0.15, 18.84415, 5.61492],
			"to": [4.3, 23.44415, 17.21492],
			"rotation": {"angle": 0, "axis": "y", "origin": [4.6, 18, 9]},
			"faces": {
				"north": {"uv": [0.80808, 5.12977, 1.45455, 5.74046], "texture": "#3"},
				"east": {"uv": [4.36364, 1.9542, 6.30303, 2.56489], "texture": "#3"},
				"south": {"uv": [3.71717, 5.12977, 4.36364, 5.74046], "texture": "#3"},
				"west": {"uv": [1.77778, 3.66412, 3.71717, 4.27481], "texture": "#3"},
				"up": {"uv": [3.07071, 5.74046, 2.42424, 4.27481], "texture": "#3"},
				"down": {"uv": [3.71717, 4.27481, 3.07071, 5.74046], "texture": "#3"}
			}
		}
	],
	"display": {
		"thirdperson_righthand": {
			"rotation": [0, 90, 55],
			"translation": [0, 4, 2.5],
			"scale": [0.85, 0.01367, 0.85]
		},
		"thirdperson_lefthand": {
			"rotation": [0, -90, -55],
			"translation": [0, 4, 2.5],
			"scale": [0.85, 0.01367, 0.85]
		},
		"firstperson_righthand": {
			"scale": [1, 0, 1]
		},
		"firstperson_lefthand": {
			"scale": [1, 0, 1]
		},
		"ground": {
			"translation": [0, 7.75, 0],
			"scale": [0.02, 1.09, 1]
		},
		"gui": {
			"rotation": [180, -84.75, 180],
			"translation": [0, -7.5, 0],
			"scale": [0.09, 1, 1]
		},
		"head": {
			"rotation": [0, 180, 0],
			"translation": [0.75, -29.5, -1.25],
			"scale": [1.5, 1.5, 1.5]
		},
		"fixed": {
			"rotation": [0, -86, 0],
			"translation": [0, 0, -1.5],
			"scale": [0.06, 1, 1]
		}
	},
	"groups": [
		{
			"name": "root",
			"origin": [8, 8, 8],
			"color": 0,
			"children": [
				{
					"name": "legsR",
					"origin": [10, 0, 7],
					"color": 0,
					"children": [0, 1]
				},
				{
					"name": "legsL",
					"origin": [5, 0, 7],
					"color": 0,
					"children": [2, 3]
				},
				{
					"name": "bodey",
					"origin": [4.5, 12, 7],
					"color": 0,
					"children": [
						4,
						5,
						{
							"name": "head",
							"origin": [0, 0, 0],
							"color": 0,
							"children": [6, 7]
						},
						{
							"name": "armL",
							"origin": [4.5, 12, 7],
							"color": 0,
							"children": [8, 9]
						},
						{
							"name": "armR",
							"origin": [4.5, 12, 7],
							"color": 0,
							"children": [10, 11]
						}
					]
				}
			]
		}
	]
}