{
	"credit": "Made with Blockbench by SilentGeeC",
	"texture_size": [18, 35],
	"textures": {
		"3": "item/invitexchure"
	},
	"elements": [
		{
			"from": [-16, 0.1, -16],
			"to": [32, 0.1, 32],
			"rotation": {"angle": 0, "axis": "y", "origin": [8, 0.1, 7]},
			"faces": {
				"north": {"uv": [0.88889, 0.45714, 6.22222, 0.45714], "texture": "#3"},
				"east": {"uv": [0.88889, 0.45714, 6.22222, 0.45714], "texture": "#3"},
				"south": {"uv": [0.88889, 0.45714, 6.22222, 0.45714], "texture": "#3"},
				"west": {"uv": [0.88889, 0.45714, 6.22222, 0.45714], "texture": "#3"},
				"up": {"uv": [15.11111, 7.77143, 0.88889, 0.45714], "texture": "#3"},
				"down": {"uv": [15.11111, 8.22857, 0.88889, 15.54286], "texture": "#3"}
			}
		}
	],
	"display": {
		"thirdperson_righthand": {
			"rotation": [75, 45, 0],
			"translation": [0, 2.5, 0],
			"scale": [0.375, 0.375, 0.375]
		},
		"thirdperson_lefthand": {
			"rotation": [75, 45, 0],
			"translation": [0, 2.5, 0],
			"scale": [0.375, 0.375, 0.375]
		},
		"ground": {
			"translation": [0, 8.5, 0]
		},
		"gui": {
			"rotation": [30, 225, 0],
			"scale": [0.225, 0.225, 0.225]
		},
		"head": {
			"translation": [0, 14.5, 0]
		},
		"fixed": {
			"rotation": [-90, 0, 0],
			"translation": [0, 0, -16],
			"scale": [2, 2, 2]
		}
	}
}