{
	"credit": "Made with Blockbench",
	"texture_size": [32, 32],
	"textures": {
		"0": "textures:item/snowmanbutonandeyesandarms",
		"1": "textures:item/snow",
		"particle": "textures:item/snowmanbutonandeyesandarms"
	},
	"elements": [
		{
			"from": [2, 0, 2],
			"to": [14, 12, 14],
			"rotation": {"angle": 0, "axis": "z", "origin": [7, 0, 1]},
			"faces": {
				"north": {"uv": [0, 0, 6, 6], "texture": "#1"},
				"east": {"uv": [0, 0, 6, 6], "texture": "#1"},
				"south": {"uv": [0, 0, 16, 16], "texture": "#1"},
				"west": {"uv": [0, 0, 6, 6], "texture": "#1"},
				"up": {"uv": [0, 0, 6, 6], "texture": "#1"},
				"down": {"uv": [0, 0, 6, 6], "texture": "#1"}
			}
		},
		{
			"from": [4, 20, 4],
			"to": [12, 28, 12],
			"rotation": {"angle": 0, "axis": "z", "origin": [7, 20, 1]},
			"faces": {
				"north": {"uv": [0, 0, 4, 4], "texture": "#1"},
				"east": {"uv": [0, 0, 16, 16], "texture": "#1"},
				"south": {"uv": [0, 0, 4, 4], "texture": "#1"},
				"west": {"uv": [0, 0, 4, 4], "texture": "#1"},
				"up": {"uv": [0, 0, 4, 4], "texture": "#1"},
				"down": {"uv": [0, 0, 4, 4], "texture": "#1"}
			}
		},
		{
			"from": [3, 12, 3],
			"to": [13, 20, 13],
			"rotation": {"angle": 0, "axis": "z", "origin": [7, 12, 1]},
			"faces": {
				"north": {"uv": [0, 0, 5, 4], "texture": "#1"},
				"east": {"uv": [0, 0, 5, 4], "texture": "#1"},
				"south": {"uv": [0, 0, 16, 16], "texture": "#1"},
				"west": {"uv": [0, 0, 5, 4], "texture": "#1"},
				"up": {"uv": [0, 0, 5, 5], "texture": "#1"},
				"down": {"uv": [0, 0, 5, 5], "texture": "#1"}
			}
		},
		{
			"from": [7, 22, 11],
			"to": [9, 24, 14],
			"rotation": {"angle": 0, "axis": "y", "origin": [7, 22, 11]},
			"faces": {
				"north": {"uv": [3, 8, 4, 9], "texture": "#0"},
				"east": {"uv": [6, 3, 7.5, 4], "texture": "#0"},
				"south": {"uv": [4, 8, 5, 9], "texture": "#0"},
				"west": {"uv": [5, 6, 6.5, 7], "texture": "#0"},
				"up": {"uv": [7.5, 7.5, 6.5, 6], "texture": "#0"},
				"down": {"uv": [6, 7, 5, 8.5], "texture": "#0"}
			}
		},
		{
			"from": [7.25, 22.25, 11],
			"to": [8.75, 23.75, 15],
			"rotation": {"angle": 0, "axis": "y", "origin": [7, 22, 11]},
			"faces": {
				"north": {"uv": [8, 7, 9, 8], "texture": "#0"},
				"east": {"uv": [6, 1, 8, 2], "texture": "#0"},
				"south": {"uv": [8, 8, 9, 9], "texture": "#0"},
				"west": {"uv": [6, 2, 8, 3], "texture": "#0"},
				"up": {"uv": [4, 8, 3, 6], "texture": "#0"},
				"down": {"uv": [5, 6, 4, 8], "texture": "#0"}
			}
		},
		{
			"from": [2, 15, 7],
			"to": [14, 17, 9],
			"rotation": {"angle": 0, "axis": "y", "origin": [2, 15, 7]},
			"faces": {
				"north": {"uv": [0, 0, 6, 1], "texture": "#0"},
				"east": {"uv": [8, 1, 9, 2], "texture": "#0"},
				"south": {"uv": [0, 0, 16, 16], "texture": "#0"},
				"west": {"uv": [8, 2, 9, 3], "texture": "#0"},
				"up": {"uv": [6, 3, 0, 2], "texture": "#0"},
				"down": {"uv": [6, 3, 0, 4], "texture": "#0"}
			}
		},
		{
			"from": [14.17678, 15.07322, 7.25],
			"to": [25.67678, 16.32322, 8.75],
			"rotation": {"angle": 45, "axis": "z", "origin": [14.17678, 14.82322, 7]},
			"faces": {
				"north": {"uv": [6, 0, 11.5, 0.5], "texture": "#0"},
				"east": {"uv": [5, 8.5, 6, 9], "texture": "#0"},
				"south": {"uv": [0, 0, 2, 2.5], "texture": "#0"},
				"west": {"uv": [8.5, 5, 9.5, 5.5], "texture": "#0"},
				"up": {"uv": [6, 6, 0, 0], "texture": "#0"},
				"down": {"uv": [7.5, 5, 2, 6], "texture": "#0"}
			}
		},
		{
			"from": [1.56066, 16.06066, 7.25],
			"to": [2.81066, 27.56066, 8.75],
			"rotation": {"angle": 45, "axis": "z", "origin": [3.06066, 16.06066, 7]},
			"faces": {
				"north": {"uv": [2, 6, 2.5, 11.5], "texture": "#0"},
				"east": {"uv": [0, 0, 6, 6], "texture": "#0"},
				"south": {"uv": [0, 0, 3.5, 4], "texture": "#0"},
				"west": {"uv": [1, 4, 2, 9.5], "texture": "#0"},
				"up": {"uv": [9, 4, 8.5, 3], "texture": "#0"},
				"down": {"uv": [9, 4, 8.5, 5], "texture": "#0"}
			}
		},
		{
			"from": [7, 5, 12.1],
			"to": [9, 7, 14.1],
			"rotation": {"angle": 0, "axis": "y", "origin": [7, 5, 12.1]},
			"faces": {
				"north": {"uv": [0, 0, 1, 1], "texture": "#0"},
				"east": {"uv": [0, 0, 1, 1], "texture": "#0"},
				"south": {"uv": [7.5, 5, 8.5, 6], "texture": "#0"},
				"west": {"uv": [0, 0, 1, 1], "texture": "#0"},
				"up": {"uv": [0, 0, 1, 1], "texture": "#0"},
				"down": {"uv": [0, 0, 1, 1], "texture": "#0"}
			}
		},
		{
			"from": [7, 8, 12.1],
			"to": [9, 10, 14.1],
			"rotation": {"angle": 0, "axis": "y", "origin": [7, 8, 12.1]},
			"faces": {
				"north": {"uv": [0, 0, 1, 1], "texture": "#0"},
				"east": {"uv": [0, 0, 1, 1], "texture": "#0"},
				"south": {"uv": [7.5, 5, 8.5, 6], "texture": "#0"},
				"west": {"uv": [0, 0, 1, 1], "texture": "#0"},
				"up": {"uv": [0, 0, 1, 1], "texture": "#0"},
				"down": {"uv": [0, 0, 1, 1], "texture": "#0"}
			}
		},
		{
			"from": [7, 12.25, 11.1],
			"to": [9, 14.25, 13.1],
			"rotation": {"angle": 0, "axis": "y", "origin": [7, 12.25, 11.1]},
			"faces": {
				"north": {"uv": [0, 0, 1, 1], "texture": "#0"},
				"east": {"uv": [0, 0, 1, 1], "texture": "#0"},
				"south": {"uv": [7.5, 5, 8.5, 6], "texture": "#0"},
				"west": {"uv": [0, 0, 1, 1], "texture": "#0"},
				"up": {"uv": [0, 0, 1, 1], "texture": "#0"},
				"down": {"uv": [0, 0, 1, 1], "texture": "#0"}
			}
		},
		{
			"from": [7, 14.75, 11.1],
			"to": [9, 16.75, 13.1],
			"rotation": {"angle": 0, "axis": "y", "origin": [7, 14.75, 11.1]},
			"faces": {
				"north": {"uv": [7.5, 3, 8.5, 4], "texture": "#0"},
				"east": {"uv": [7.5, 4, 8.5, 5], "texture": "#0"},
				"south": {"uv": [7.5, 5, 8.5, 6], "texture": "#0"},
				"west": {"uv": [6, 7.5, 7, 8.5], "texture": "#0"},
				"up": {"uv": [8.5, 7, 7.5, 6], "texture": "#0"},
				"down": {"uv": [8, 7.5, 7, 8.5], "texture": "#0"}
			}
		},
		{
			"from": [7, 17.25, 11.1],
			"to": [9, 19.25, 13.1],
			"rotation": {"angle": 0, "axis": "y", "origin": [7, 17.25, 11.1]},
			"faces": {
				"north": {"uv": [0, 0, 1, 1], "texture": "#0"},
				"east": {"uv": [0, 0, 1, 1], "texture": "#0"},
				"south": {"uv": [7.5, 5, 8.5, 6], "texture": "#0"},
				"west": {"uv": [0, 0, 1, 1], "texture": "#0"},
				"up": {"uv": [0, 0, 1, 1], "texture": "#0"},
				"down": {"uv": [0, 0, 1, 1], "texture": "#0"}
			}
		},
		{
			"from": [5, 24.25, 10.1],
			"to": [7, 26.25, 12.1],
			"rotation": {"angle": 0, "axis": "y", "origin": [5, 24.25, 10.1]},
			"faces": {
				"north": {"uv": [0, 0, 1, 1], "texture": "#0"},
				"east": {"uv": [0, 0, 1, 1], "texture": "#0"},
				"south": {"uv": [7.5, 5, 8.5, 6], "texture": "#0"},
				"west": {"uv": [0, 0, 1, 1], "texture": "#0"},
				"up": {"uv": [0, 0, 1, 1], "texture": "#0"},
				"down": {"uv": [0, 0, 1, 1], "texture": "#0"}
			}
		},
		{
			"from": [9.75, 24.75, 10.1],
			"to": [11.75, 26.75, 12.1],
			"rotation": {"angle": 0, "axis": "y", "origin": [9.75, 24.75, 10.1]},
			"faces": {
				"north": {"uv": [0, 0, 1, 1], "texture": "#0"},
				"east": {"uv": [0, 0, 1, 1], "texture": "#0"},
				"south": {"uv": [7.5, 5, 8.5, 6], "texture": "#0"},
				"west": {"uv": [0, 0, 1, 1], "texture": "#0"},
				"up": {"uv": [0, 0, 1, 1], "texture": "#0"},
				"down": {"uv": [0, 0, 1, 1], "texture": "#0"}
			}
		},
		{
			"from": [1.5, -1, 1.5],
			"to": [14.5, 0.1, 14.5],
			"rotation": {"angle": 0, "axis": "y", "origin": [14, 0, 0]},
			"faces": {
				"north": {"uv": [0, 0, 6.5, 0.55], "texture": "#0"},
				"east": {"uv": [0, 0, 6.5, 0.55], "texture": "#0"},
				"south": {"uv": [0, 0, 6.5, 0.55], "texture": "#0"},
				"west": {"uv": [0, 0, 6.5, 0.55], "texture": "#0"},
				"up": {"uv": [0, 0, 6, 6], "texture": "#0"},
				"down": {"uv": [0, 0, 6, 6], "texture": "#0"}
			}
		}
	],
	"display": {
		"firstperson_righthand": {
			"rotation": [-29, 0, 0],
			"translation": [0, -8, 0]
		},
		"firstperson_lefthand": {
			"rotation": [-20, 0, 0],
			"translation": [0, -8.25, 0]
		},
		"ground": {
			"translation": [0, 17.75, 0]
		},
		"gui": {
			"translation": [0, -4.5, 0]
		},
		"head": {
			"rotation": [-180, 8.5, -180],
			"translation": [0, -25.5, 0],
			"scale": [2, 2, 2]
		},
		"fixed": {
			"rotation": [-90, 0, 0],
			"translation": [0, 0, -16.75],
			"scale": [2, 2, 2]
		}
	}
}