{
	"credit": "Made with Blockbench",
	"texture_size": [64, 64],
	"textures": {
		"2": "textures:item/stachue",
		"particle": "C:/Users/just-/OneDrive/Pictures/Games/McSkins/templateskin"
	},
	"elements": [
		{
			"from": [4.6, 15.1, -11],
			"to": [14.35, 15.6, 3],
			"rotation": {"angle": 22.5, "axis": "x", "origin": [4.6, 17.1, 1]},
			"faces": {
				"north": {"uv": [7.25, 3.5, 9.75, 3.75], "texture": "#2"},
				"east": {"uv": [7.25, 2.5, 10.75, 2.75], "texture": "#2"},
				"south": {"uv": [7.25, 3.75, 9.75, 4], "texture": "#2"},
				"west": {"uv": [7.25, 2.75, 10.75, 3], "texture": "#2"},
				"up": {"uv": [2.5, 7, 0, 3.5], "texture": "#2"},
				"down": {"uv": [5, 3.5, 2.5, 7], "texture": "#2"}
			}
		},
		{
			"from": [4.6, 17.1, -11],
			"to": [14.35, 17.6, 3],
			"rotation": {"angle": 22.5, "axis": "x", "origin": [4.6, 17.1, 1]},
			"faces": {
				"north": {"uv": [7.25, 3, 9.75, 3.25], "texture": "#2"},
				"east": {"uv": [7.25, 2, 10.75, 2.25], "texture": "#2"},
				"south": {"uv": [7.25, 3.25, 9.75, 3.5], "texture": "#2"},
				"west": {"uv": [7.25, 2.25, 10.75, 2.5], "texture": "#2"},
				"up": {"uv": [2.5, 3.5, 0, 0], "texture": "#2"},
				"down": {"uv": [5, 0, 2.5, 3.5], "texture": "#2"}
			}
		},
		{
			"from": [4.2, 15.05, -11.05],
			"to": [4.7, 17.65, 3],
			"rotation": {"angle": 22.5, "axis": "x", "origin": [4.6, 17.1, 1]},
			"faces": {
				"north": {"uv": [4, 7, 4.25, 7.75], "texture": "#2"},
				"east": {"uv": [5, 6.5, 8.5, 7.25], "texture": "#2"},
				"south": {"uv": [4.25, 7, 4.5, 7.75], "texture": "#2"},
				"west": {"uv": [0, 7, 3.5, 7.75], "texture": "#2"},
				"up": {"uv": [3.75, 10.5, 3.5, 7], "texture": "#2"},
				"down": {"uv": [4, 7, 3.75, 10.5], "texture": "#2"}
			}
		},
		{
			"from": [4.5, 15.5, -10.65],
			"to": [13.95, 17.5, 2.2],
			"rotation": {"angle": 22.5, "axis": "x", "origin": [4.6, 17.1, 1]},
			"faces": {
				"north": {"uv": [7.25, 1, 9.5, 1.5], "texture": "#2"},
				"east": {"uv": [7.25, 0, 10.5, 0.5], "texture": "#2"},
				"south": {"uv": [7.25, 1.5, 9.5, 2], "texture": "#2"},
				"west": {"uv": [7.25, 0.5, 10.5, 1], "texture": "#2"},
				"up": {"uv": [7.25, 3.25, 5, 0], "texture": "#2"},
				"down": {"uv": [7.25, 3.25, 5, 6.5], "texture": "#2"}
			}
		},
		{
			"name": "iner",
			"from": [4.6, 24, 3.8],
			"to": [12.3, 31.9, 11.5],
			"rotation": {"angle": 22.5, "axis": "x", "origin": [9, 23.8, 7.6]},
			"faces": {
				"north": {"uv": [2, 2, 4, 4], "texture": "#2"},
				"east": {"uv": [0.25, 2, 2.25, 4], "texture": "#2"},
				"south": {"uv": [6, 2, 8, 4], "texture": "#2"},
				"west": {"uv": [4, 2, 6, 4], "texture": "#2"},
				"up": {"uv": [2, 0, 4, 2], "texture": "#2"},
				"down": {"uv": [6, 0, 4, 2], "texture": "#2"}
			}
		},
		{
			"name": "iner",
			"from": [12.3, 11.9, 5.5],
			"to": [16.5, 23.7, 10.3],
			"rotation": {"angle": 45, "axis": "x", "origin": [12.4, 21.5, 7.8]},
			"faces": {
				"north": {"uv": [11, 5, 12, 8], "texture": "#2"},
				"east": {"uv": [10, 5, 11, 8], "texture": "#2"},
				"south": {"uv": [9.075, 13, 9.975, 16], "texture": "#2"},
				"west": {"uv": [11, 13, 12, 16], "texture": "#2"},
				"up": {"uv": [6, 12, 7, 13], "texture": "#2"},
				"down": {"uv": [12, 4, 12.975, 5], "texture": "#2"}
			}
		},
		{
			"name": "iner",
			"from": [0.15, 20, -2.9],
			"to": [4.6, 24.6, 8.7],
			"rotation": {"angle": -45, "axis": "x", "origin": [4.7, 22.6, 7.6]},
			"faces": {
				"north": {"uv": [10, 12, 10.975, 13], "rotation": 180, "texture": "#2"},
				"east": {"uv": [8, 13, 9, 16], "rotation": 270, "texture": "#2"},
				"south": {"uv": [9, 12, 10, 13], "texture": "#2"},
				"west": {"uv": [10.025, 13, 11, 16], "rotation": 90, "texture": "#2"},
				"up": {"uv": [8.975, 13, 10.025, 16], "rotation": 180, "texture": "#2"},
				"down": {"uv": [11, 13, 12, 16], "texture": "#2"}
			}
		},
		{
			"name": "iner",
			"from": [4.75, 12.25, 5.75],
			"to": [12.25, 23.75, 10.25],
			"rotation": {"angle": 0, "axis": "x", "origin": [8.1, 12, 7]},
			"faces": {
				"north": {"uv": [5, 5.25, 7, 7.75], "texture": "#2"},
				"east": {"uv": [4, 5, 5, 8], "texture": "#2"},
				"south": {"uv": [8, 5, 10, 8], "texture": "#2"},
				"west": {"uv": [7, 5, 8, 8], "texture": "#2"},
				"up": {"uv": [5, 4, 7, 5], "texture": "#2"},
				"down": {"uv": [7, 4, 9, 5], "rotation": 270, "texture": "#2"}
			}
		},
		{
			"name": "iner",
			"from": [8.35, 0, 5.8],
			"to": [12.35, 12.3, 10.2],
			"rotation": {"angle": 0, "axis": "x", "origin": [11.6, 12, 7]},
			"faces": {
				"north": {"uv": [1, 5, 2, 8], "texture": "#2"},
				"east": {"uv": [0, 5, 1, 8], "texture": "#2"},
				"south": {"uv": [3, 5, 4, 8], "texture": "#2"},
				"west": {"uv": [2, 5, 3, 8], "texture": "#2"},
				"up": {"uv": [1, 4, 2, 5], "texture": "#2"},
				"down": {"uv": [2, 4, 3, 5], "texture": "#2"}
			}
		},
		{
			"name": "iner",
			"from": [4.65, 0, 5.75],
			"to": [8.45, 12.2, 10.25],
			"rotation": {"angle": 0, "axis": "x", "origin": [6.6, 12, 7]},
			"faces": {
				"north": {"uv": [11, 5, 12, 8], "texture": "#2"},
				"east": {"uv": [10, 5, 11, 8], "texture": "#2"},
				"south": {"uv": [13, 5, 14, 8], "texture": "#2"},
				"west": {"uv": [12, 5, 13, 8], "texture": "#2"},
				"up": {"uv": [11, 4, 12, 5], "texture": "#2"},
				"down": {"uv": [2, 4, 3, 5], "texture": "#2"}
			}
		}
	],
	"display": {
		"gui": {
			"rotation": [0, 0, -44.5],
			"translation": [-4.5, -4.75, 0]
		},
		"head": {
			"translation": [0, -32.75, 0],
			"scale": [2, 2, 2]
		},
		"fixed": {
			"rotation": [-90, 0, 0],
			"translation": [0, 0, -25.5],
			"scale": [4, 4, 4]
		}
	},
	"groups": [
		{
			"name": "item",
			"origin": [6, 0, 6],
			"color": 0,
			"children": [0, 1, 2, 3]
		},
		{
			"name": "head",
			"origin": [0, 0, 0],
			"color": 0,
			"children": [4]
		},
		{
			"name": "armL",
			"origin": [4.5, 12, 7],
			"color": 0,
			"children": [5]
		},
		{
			"name": "armR",
			"origin": [4.5, 12, 7],
			"color": 0,
			"children": [6]
		},
		{
			"name": "bodey",
			"origin": [4.5, 12, 7],
			"color": 0,
			"children": [7]
		},
		{
			"name": "legsR",
			"origin": [10, 0, 7],
			"color": 0,
			"children": [8]
		},
		{
			"name": "legsL",
			"origin": [5, 0, 7],
			"color": 0,
			"children": [9]
		}
	]
}